date,nav,scheme_code,scheme_name
2026-01-06,192.3195,125497,HDFC Top 100 Direct
2026-12-05,190.6152,125497,HDFC Top 100 Direct
2026-11-05,195.586,125497,HDFC Top 100 Direct
2026-08-05,196.8821,125497,HDFC Top 100 Direct
2026-07-05,197.4753,125497,HDFC Top 100 Direct
2026-06-05,196.0036,125497,HDFC Top 100 Direct
2026-05-05,194.5618,125497,HDFC Top 100 Direct
2026-04-05,195.4469,125497,HDFC Top 100 Direct
2026-10-04,184.6967,125497,HDFC Top 100 Direct
2026-09-04,181.2455,125497,HDFC Top 100 Direct
2026-08-04,180.5783,125497,HDFC Top 100 Direct
2026-07-04,174.8342,125497,HDFC Top 100 Direct
2026-06-04,174.9151,125497,HDFC Top 100 Direct
2026-02-04,173.8471,125497,HDFC Top 100 Direct
2026-01-04,173.782,125497,HDFC Top 100 Direct
2026-12-03,177.9888,125497,HDFC Top 100 Direct
2026-11-03,178.3891,125497,HDFC Top 100 Direct
2026-10-03,178.8419,125497,HDFC Top 100 Direct
2026-09-03,175.7742,125497,HDFC Top 100 Direct
2026-06-03,178.9784,125497,HDFC Top 100 Direct
2026-05-03,179.3239,125497,HDFC Top 100 Direct
2026-04-03,177.9961,125497,HDFC Top 100 Direct
2026-02-03,181.3175,125497,HDFC Top 100 Direct
2026-12-02,189.6029,125497,HDFC Top 100 Direct
2026-11-02,189.7464,125497,HDFC Top 100 Direct
2026-10-02,189.019,125497,HDFC Top 100 Direct
2026-09-02,188.469,125497,HDFC Top 100 Direct
2026-06-02,184.627,125497,HDFC Top 100 Direct
2026-05-02,185.6949,125497,HDFC Top 100 Direct
2026-04-02,186.7774,125497,HDFC Top 100 Direct
2026-03-02,186.7009,125497,HDFC Top 100 Direct
2026-02-02,180.5424,125497,HDFC Top 100 Direct
2026-12-01,186.1837,125497,HDFC Top 100 Direct
2026-09-01,187.0971,125497,HDFC Top 100 Direct
2026-08-01,190.16,125497,HDFC Top 100 Direct
2026-07-01,193.3173,125497,HDFC Top 100 Direct
2026-06-01,193.7027,125497,HDFC Top 100 Direct
2026-05-01,194.3786,125497,HDFC Top 100 Direct
2026-02-01,194.574,125497,HDFC Top 100 Direct
2026-01-01,193.6417,125497,HDFC Top 100 Direct
2025-12-12,192.3377,125497,HDFC Top 100 Direct
2025-11-12,191.4952,125497,HDFC Top 100 Direct
2025-10-12,191.2557,125497,HDFC Top 100 Direct
2025-09-12,191.3573,125497,HDFC Top 100 Direct
2025-08-12,190.1591,125497,HDFC Top 100 Direct
2025-05-12,193.1451,125497,HDFC Top 100 Direct
2025-04-12,193.4599,125497,HDFC Top 100 Direct
2025-03-12,194.3355,125497,HDFC Top 100 Direct
2025-02-12,194.4312,125497,HDFC Top 100 Direct
2025-01-12,195.3626,125497,HDFC Top 100 Direct
2025-12-11,196.884,125497,HDFC Top 100 Direct
2025-11-11,196.4486,125497,HDFC Top 100 Direct
2025-10-11,196.2451,125497,HDFC Top 100 Direct
2025-07-11,197.315,125497,HDFC Top 100 Direct
2025-06-11,197.8032,125497,HDFC Top 100 Direct
2025-04-11,200.4678,125497,HDFC Top 100 Direct
2025-03-11,200.9709,125497,HDFC Top 100 Direct
2025-10-10,195.1185,125497,HDFC Top 100 Direct
2025-09-10,195.0376,125497,HDFC Top 100 Direct
2025-08-10,195.8587,125497,HDFC Top 100 Direct
2025-07-10,196.4294,125497,HDFC Top 100 Direct
2025-06-10,196.5483,125497,HDFC Top 100 Direct
2025-03-10,196.2965,125497,HDFC Top 100 Direct
2025-01-10,195.0856,125497,HDFC Top 100 Direct
2025-12-09,199.0716,125497,HDFC Top 100 Direct
2025-11-09,198.9835,125497,HDFC Top 100 Direct
2025-10-09,198.7075,125497,HDFC Top 100 Direct
2025-09-09,198.2444,125497,HDFC Top 100 Direct
2025-08-09,197.448,125497,HDFC Top 100 Direct
2025-05-09,197.5939,125497,HDFC Top 100 Direct
2025-04-09,197.6887,125497,HDFC Top 100 Direct
2025-03-09,197.6325,125497,HDFC Top 100 Direct
2025-02-09,196.2367,125497,HDFC Top 100 Direct
2025-01-09,195.7343,125497,HDFC Top 100 Direct
2025-12-08,192.705,125497,HDFC Top 100 Direct
2025-11-08,193.1584,125497,HDFC Top 100 Direct
2025-08-08,191.9575,125497,HDFC Top 100 Direct
2025-07-08,193.0064,125497,HDFC Top 100 Direct
2025-06-08,193.5756,125497,HDFC Top 100 Direct
2025-05-08,194.9731,125497,HDFC Top 100 Direct
2025-04-08,195.6536,125497,HDFC Top 100 Direct
2025-01-08,194.9548,125497,HDFC Top 100 Direct
2025-11-07,201.2606,125497,HDFC Top 100 Direct
2025-10-07,201.5985,125497,HDFC Top 100 Direct
2025-09-07,201.3287,125497,HDFC Top 100 Direct
2025-08-07,200.4396,125497,HDFC Top 100 Direct
2025-07-07,200.3235,125497,HDFC Top 100 Direct
2025-04-07,200.6762,125497,HDFC Top 100 Direct
2025-03-07,200.0186,125497,HDFC Top 100 Direct
2025-02-07,199.3409,125497,HDFC Top 100 Direct
2025-01-07,200.2672,125497,HDFC Top 100 Direct
2025-12-06,194.3159,125497,HDFC Top 100 Direct
2025-11-06,196.3155,125497,HDFC Top 100 Direct
2025-10-06,196.3203,125497,HDFC Top 100 Direct
2025-09-06,196.2268,125497,HDFC Top 100 Direct
2025-06-06,194.4367,125497,HDFC Top 100 Direct
2025-05-06,193.4622,125497,HDFC Top 100 Direct
2025-04-06,193.3241,125497,HDFC Top 100 Direct
2025-03-06,193.3558,125497,HDFC Top 100 Direct
2025-02-06,193.0141,125497,HDFC Top 100 Direct
2025-12-05,185.5194,125497,HDFC Top 100 Direct
2025-09-05,180.3079,125497,HDFC Top 100 Direct
2025-08-05,181.2148,125497,HDFC Top 100 Direct
2025-07-05,182.5147,125497,HDFC Top 100 Direct
2025-06-05,180.8742,125497,HDFC Top 100 Direct
2025-05-05,183.67,125497,HDFC Top 100 Direct
2025-02-05,181.6763,125497,HDFC Top 100 Direct
2025-11-04,177.359,125497,HDFC Top 100 Direct
2025-09-04,173.4024,125497,HDFC Top 100 Direct
2025-08-04,174.6198,125497,HDFC Top 100 Direct
2025-07-04,171.893,125497,HDFC Top 100 Direct
2025-04-04,176.8853,125497,HDFC Top 100 Direct
2025-03-04,181.0205,125497,HDFC Top 100 Direct
2025-02-04,180.504,125497,HDFC Top 100 Direct
2025-01-04,178.3073,125497,HDFC Top 100 Direct
2025-12-03,170.9127,125497,HDFC Top 100 Direct
2025-11-03,170.8118,125497,HDFC Top 100 Direct
2025-10-03,171.8878,125497,HDFC Top 100 Direct
2025-07-03,173.6464,125497,HDFC Top 100 Direct
2025-06-03,173.0546,125497,HDFC Top 100 Direct
2025-05-03,170.5378,125497,HDFC Top 100 Direct
2025-04-03,167.4144,125497,HDFC Top 100 Direct
2025-03-03,166.5363,125497,HDFC Top 100 Direct
2025-12-02,178.0673,125497,HDFC Top 100 Direct
2025-11-02,178.8097,125497,HDFC Top 100 Direct
2025-10-02,183.4947,125497,HDFC Top 100 Direct
2025-07-02,186.6001,125497,HDFC Top 100 Direct
2025-06-02,188.2236,125497,HDFC Top 100 Direct
2025-05-02,188.0012,125497,HDFC Top 100 Direct
2025-04-02,187.7402,125497,HDFC Top 100 Direct
2025-03-02,186.5887,125497,HDFC Top 100 Direct
2025-10-01,194.0951,125497,HDFC Top 100 Direct
2025-09-01,197.3978,125497,HDFC Top 100 Direct
2025-08-01,199.1083,125497,HDFC Top 100 Direct
2025-07-01,201.51,125497,HDFC Top 100 Direct
2025-06-01,199.9325,125497,HDFC Top 100 Direct
2025-03-01,204.7473,125497,HDFC Top 100 Direct
2025-02-01,204.958,125497,HDFC Top 100 Direct
2025-01-01,204.0133,125497,HDFC Top 100 Direct
2024-12-12,209.1364,125497,HDFC Top 100 Direct
2024-11-12,210.4887,125497,HDFC Top 100 Direct
2024-10-12,210.1936,125497,HDFC Top 100 Direct
2024-09-12,209.1188,125497,HDFC Top 100 Direct
2024-06-12,207.7793,125497,HDFC Top 100 Direct
2024-05-12,206.9634,125497,HDFC Top 100 Direct
2024-04-12,206.8799,125497,HDFC Top 100 Direct
2024-03-12,205.6142,125497,HDFC Top 100 Direct
2024-02-12,203.0662,125497,HDFC Top 100 Direct
2024-12-11,198.665,125497,HDFC Top 100 Direct
2024-11-11,201.1783,125497,HDFC Top 100 Direct
2024-08-11,202.8558,125497,HDFC Top 100 Direct
2024-07-11,204.9185,125497,HDFC Top 100 Direct
2024-06-11,205.5932,125497,HDFC Top 100 Direct
2024-05-11,203.8845,125497,HDFC Top 100 Direct
2024-04-11,204.1821,125497,HDFC Top 100 Direct
2024-11-10,211.8682,125497,HDFC Top 100 Direct
2024-10-10,211.2075,125497,HDFC Top 100 Direct
2024-09-10,211.4618,125497,HDFC Top 100 Direct
2024-08-10,209.7125,125497,HDFC Top 100 Direct
2024-07-10,205.9307,125497,HDFC Top 100 Direct
2024-04-10,210.645,125497,HDFC Top 100 Direct
2024-03-10,211.1073,125497,HDFC Top 100 Direct
2024-01-10,214.2759,125497,HDFC Top 100 Direct
2024-12-09,211.2842,125497,HDFC Top 100 Direct
2024-11-09,210.1111,125497,HDFC Top 100 Direct
2024-10-09,211.8353,125497,HDFC Top 100 Direct
2024-09-09,208.709,125497,HDFC Top 100 Direct
2024-06-09,209.5018,125497,HDFC Top 100 Direct
2024-05-09,210.0836,125497,HDFC Top 100 Direct
2024-04-09,208.9043,125497,HDFC Top 100 Direct
2024-03-09,209.171,125497,HDFC Top 100 Direct
2024-02-09,208.3113,125497,HDFC Top 100 Direct
2024-12-08,202.1742,125497,HDFC Top 100 Direct
2024-09-08,201.5699,125497,HDFC Top 100 Direct
2024-08-08,201.0925,125497,HDFC Top 100 Direct
2024-07-08,202.0034,125497,HDFC Top 100 Direct
2024-06-08,199.0114,125497,HDFC Top 100 Direct
2024-05-08,199.5619,125497,HDFC Top 100 Direct
2024-02-08,206.2035,125497,HDFC Top 100 Direct
2024-01-08,207.8403,125497,HDFC Top 100 Direct
2024-12-07,204.3766,125497,HDFC Top 100 Direct
2024-11-07,205.3326,125497,HDFC Top 100 Direct
2024-10-07,204.005,125497,HDFC Top 100 Direct
2024-09-07,204.7434,125497,HDFC Top 100 Direct
2024-08-07,203.9505,125497,HDFC Top 100 Direct
2024-05-07,204.8921,125497,HDFC Top 100 Direct
2024-04-07,203.5723,125497,HDFC Top 100 Direct
2024-03-07,202.9049,125497,HDFC Top 100 Direct
2024-02-07,200.5912,125497,HDFC Top 100 Direct
2024-01-07,200.4556,125497,HDFC Top 100 Direct
2024-12-06,195.4415,125497,HDFC Top 100 Direct
2024-11-06,193.7358,125497,HDFC Top 100 Direct
2024-10-06,192.3518,125497,HDFC Top 100 Direct
2024-07-06,189.5698,125497,HDFC Top 100 Direct
2024-06-06,186.5083,125497,HDFC Top 100 Direct
2024-05-06,183.0496,125497,HDFC Top 100 Direct
2024-04-06,178.3591,125497,HDFC Top 100 Direct
2024-03-06,186.9155,125497,HDFC Top 100 Direct
2024-10-05,175.7796,125497,HDFC Top 100 Direct
2024-09-05,174.9782,125497,HDFC Top 100 Direct
2024-08-05,179.0846,125497,HDFC Top 100 Direct
2024-07-05,178.2565,125497,HDFC Top 100 Direct
2024-06-05,179.8196,125497,HDFC Top 100 Direct
2024-03-05,180.5829,125497,HDFC Top 100 Direct
2024-02-05,181.828,125497,HDFC Top 100 Direct
2024-12-04,175.8047,125497,HDFC Top 100 Direct
2024-10-04,176.9202,125497,HDFC Top 100 Direct
2024-09-04,175.3061,125497,HDFC Top 100 Direct
2024-08-04,175.5646,125497,HDFC Top 100 Direct
2024-05-04,175.3538,125497,HDFC Top 100 Direct
2024-04-04,174.6364,125497,HDFC Top 100 Direct
2024-03-04,173.6926,125497,HDFC Top 100 Direct
2024-02-04,172.3272,125497,HDFC Top 100 Direct
2024-01-04,171.3184,125497,HDFC Top 100 Direct
2024-12-03,166.2062,125497,HDFC Top 100 Direct
2024-11-03,168.4794,125497,HDFC Top 100 Direct
2024-07-03,169.9846,125497,HDFC Top 100 Direct
2024-06-03,168.7803,125497,HDFC Top 100 Direct
2024-05-03,171.4449,125497,HDFC Top 100 Direct
2024-04-03,172.0116,125497,HDFC Top 100 Direct
2024-01-03,171.3862,125497,HDFC Top 100 Direct
2024-12-02,165.3607,125497,HDFC Top 100 Direct
2024-09-02,168.0813,125497,HDFC Top 100 Direct
2024-08-02,168.6894,125497,HDFC Top 100 Direct
2024-07-02,168.7067,125497,HDFC Top 100 Direct
2024-06-02,168.0277,125497,HDFC Top 100 Direct
2024-05-02,165.8049,125497,HDFC Top 100 Direct
2024-02-02,166.8172,125497,HDFC Top 100 Direct
2024-01-02,166.5191,125497,HDFC Top 100 Direct
2024-12-01,164.2106,125497,HDFC Top 100 Direct
2024-11-01,163.7165,125497,HDFC Top 100 Direct
2024-10-01,162.7562,125497,HDFC Top 100 Direct
2024-09-01,162.8311,125497,HDFC Top 100 Direct
2024-08-01,162.5916,125497,HDFC Top 100 Direct
2024-05-01,163.7499,125497,HDFC Top 100 Direct
2024-04-01,162.7609,125497,HDFC Top 100 Direct
2024-03-01,162.106,125497,HDFC Top 100 Direct
2024-02-01,162.0646,125497,HDFC Top 100 Direct
2024-01-01,161.4272,125497,HDFC Top 100 Direct
2023-12-12,159.4436,125497,HDFC Top 100 Direct
2023-11-12,159.7954,125497,HDFC Top 100 Direct
2023-08-12,159.5553,125497,HDFC Top 100 Direct
2023-07-12,159.9568,125497,HDFC Top 100 Direct
2023-06-12,159.4849,125497,HDFC Top 100 Direct
2023-05-12,159.5041,125497,HDFC Top 100 Direct
2023-04-12,158.8101,125497,HDFC Top 100 Direct
2023-01-12,157.4176,125497,HDFC Top 100 Direct
2023-10-11,150.5781,125497,HDFC Top 100 Direct
2023-09-11,150.3998,125497,HDFC Top 100 Direct
2023-08-11,150.5331,125497,HDFC Top 100 Direct
2023-07-11,150.0494,125497,HDFC Top 100 Direct
2023-06-11,149.592,125497,HDFC Top 100 Direct
2023-03-11,148.7205,125497,HDFC Top 100 Direct
2023-02-11,147.8192,125497,HDFC Top 100 Direct
2023-01-11,147.1546,125497,HDFC Top 100 Direct
2023-12-10,152.0191,125497,HDFC Top 100 Direct
2023-11-10,151.7229,125497,HDFC Top 100 Direct
2023-10-10,150.8563,125497,HDFC Top 100 Direct
2023-09-10,149.6845,125497,HDFC Top 100 Direct
2023-06-10,151.72,125497,HDFC Top 100 Direct
2023-05-10,151.0584,125497,HDFC Top 100 Direct
2023-04-10,150.848,125497,HDFC Top 100 Direct
2023-03-10,151.7295,125497,HDFC Top 100 Direct
2023-12-09,151.6583,125497,HDFC Top 100 Direct
2023-11-09,154.9908,125497,HDFC Top 100 Direct
2023-08-09,153.8431,125497,HDFC Top 100 Direct
2023-07-09,153.151,125497,HDFC Top 100 Direct
2023-06-09,151.6147,125497,HDFC Top 100 Direct
2023-05-09,151.7655,125497,HDFC Top 100 Direct
2023-04-09,151.5748,125497,HDFC Top 100 Direct
2023-01-09,150.4126,125497,HDFC Top 100 Direct
2023-11-08,145.5881,125497,HDFC Top 100 Direct
2023-10-08,145.4723,125497,HDFC Top 100 Direct
2023-09-08,146.3293,125497,HDFC Top 100 Direct
2023-08-08,145.5002,125497,HDFC Top 100 Direct
2023-07-08,145.7272,125497,HDFC Top 100 Direct
2023-04-08,145.7129,125497,HDFC Top 100 Direct
2023-03-08,145.0795,125497,HDFC Top 100 Direct
2023-02-08,145.4234,125497,HDFC Top 100 Direct
2023-01-08,146.7457,125497,HDFC Top 100 Direct
2023-12-07,140.8036,125497,HDFC Top 100 Direct
2023-11-07,139.9054,125497,HDFC Top 100 Direct
2023-10-07,139.4743,125497,HDFC Top 100 Direct
2023-07-07,139.5112,125497,HDFC Top 100 Direct
2023-06-07,139.6278,125497,HDFC Top 100 Direct
2023-05-07,138.9579,125497,HDFC Top 100 Direct
2023-04-07,138.2876,125497,HDFC Top 100 Direct
2023-03-07,138.6742,125497,HDFC Top 100 Direct
2023-12-06,134.7018,125497,HDFC Top 100 Direct
2023-09-06,134.1118,125497,HDFC Top 100 Direct
2023-08-06,134.5646,125497,HDFC Top 100 Direct
2023-07-06,134.9855,125497,HDFC Top 100 Direct
2023-06-06,133.5734,125497,HDFC Top 100 Direct
2023-05-06,133.1177,125497,HDFC Top 100 Direct
2023-02-06,132.614,125497,HDFC Top 100 Direct
2023-01-06,132.3341,125497,HDFC Top 100 Direct
2023-12-05,130.1433,125497,HDFC Top 100 Direct
2023-11-05,130.2851,125497,HDFC Top 100 Direct
2023-10-05,129.4546,125497,HDFC Top 100 Direct
2023-09-05,128.8274,125497,HDFC Top 100 Direct
2023-08-05,128.9877,125497,HDFC Top 100 Direct
2023-05-05,127.7371,125497,HDFC Top 100 Direct
2023-04-05,128.1846,125497,HDFC Top 100 Direct
2023-03-05,127.493,125497,HDFC Top 100 Direct
2023-02-05,127.3545,125497,HDFC Top 100 Direct
2023-12-04,123.6808,125497,HDFC Top 100 Direct
2023-11-04,123.2215,125497,HDFC Top 100 Direct
2023-10-04,122.9416,125497,HDFC Top 100 Direct
2023-06-04,122.7811,125497,HDFC Top 100 Direct
2023-05-04,122.6212,125497,HDFC Top 100 Direct
2023-03-04,122.1271,125497,HDFC Top 100 Direct
2023-10-03,124.211,125497,HDFC Top 100 Direct
2023-09-03,124.5502,125497,HDFC Top 100 Direct
2023-08-03,124.7469,125497,HDFC Top 100 Direct
2023-06-03,124.8339,125497,HDFC Top 100 Direct
2023-03-03,123.9481,125497,HDFC Top 100 Direct
2023-02-03,123.3993,125497,HDFC Top 100 Direct
2023-01-03,123.665,125497,HDFC Top 100 Direct
2023-10-02,125.1702,125497,HDFC Top 100 Direct
2023-09-02,124.7379,125497,HDFC Top 100 Direct
2023-08-02,125.1117,125497,HDFC Top 100 Direct
2023-07-02,124.4182,125497,HDFC Top 100 Direct
2023-06-02,123.9921,125497,HDFC Top 100 Direct
2023-03-02,124.2907,125497,HDFC Top 100 Direct
2023-02-02,124.0083,125497,HDFC Top 100 Direct
2023-01-02,123.4784,125497,HDFC Top 100 Direct
2023-12-01,126.1964,125497,HDFC Top 100 Direct
2023-11-01,125.908,125497,HDFC Top 100 Direct
2023-10-01,125.8004,125497,HDFC Top 100 Direct
2023-09-01,126.4462,125497,HDFC Top 100 Direct
2023-06-01,125.7185,125497,HDFC Top 100 Direct
2023-05-01,126.7327,125497,HDFC Top 100 Direct
2023-04-01,126.7266,125497,HDFC Top 100 Direct
2023-03-01,127.7046,125497,HDFC Top 100 Direct
2023-02-01,127.8404,125497,HDFC Top 100 Direct
2022-12-12,130.6256,125497,HDFC Top 100 Direct
2022-09-12,130.5903,125497,HDFC Top 100 Direct
2022-08-12,131.3288,125497,HDFC Top 100 Direct
2022-07-12,130.6184,125497,HDFC Top 100 Direct
2022-06-12,130.9286,125497,HDFC Top 100 Direct
2022-05-12,131.0408,125497,HDFC Top 100 Direct
2022-02-12,130.6855,125497,HDFC Top 100 Direct
2022-01-12,130.2758,125497,HDFC Top 100 Direct
2022-11-11,127.747,125497,HDFC Top 100 Direct
2022-10-11,127.722,125497,HDFC Top 100 Direct
2022-09-11,128.443,125497,HDFC Top 100 Direct
2022-07-11,128.9903,125497,HDFC Top 100 Direct
2022-04-11,128.615,125497,HDFC Top 100 Direct
2022-03-11,128.4345,125497,HDFC Top 100 Direct
2022-02-11,128.4568,125497,HDFC Top 100 Direct
2022-01-11,127.8603,125497,HDFC Top 100 Direct
2022-12-10,127.8117,125497,HDFC Top 100 Direct
2022-11-10,127.5503,125497,HDFC Top 100 Direct
2022-10-10,128.2879,125497,HDFC Top 100 Direct
2022-07-10,129.3889,125497,HDFC Top 100 Direct
2022-06-10,128.8844,125497,HDFC Top 100 Direct
2022-04-10,128.2436,125497,HDFC Top 100 Direct
2022-03-10,127.1351,125497,HDFC Top 100 Direct
2022-12-09,131.2711,125497,HDFC Top 100 Direct
2022-09-09,130.1662,125497,HDFC Top 100 Direct
2022-08-09,129.8388,125497,HDFC Top 100 Direct
2022-07-09,128.9903,125497,HDFC Top 100 Direct
2022-06-09,127.812,125497,HDFC Top 100 Direct
2022-05-09,126.9883,125497,HDFC Top 100 Direct
2022-02-09,126.1091,125497,HDFC Top 100 Direct
2022-01-09,124.8265,125497,HDFC Top 100 Direct
2022-12-08,122.1465,125497,HDFC Top 100 Direct
2022-11-08,122.0436,125497,HDFC Top 100 Direct
2022-10-08,121.7895,125497,HDFC Top 100 Direct
2022-08-08,120.8529,125497,HDFC Top 100 Direct
2022-05-08,119.5001,125497,HDFC Top 100 Direct
2022-04-08,119.5351,125497,HDFC Top 100 Direct
2022-03-08,119.3671,125497,HDFC Top 100 Direct
2022-02-08,119.6709,125497,HDFC Top 100 Direct
2022-01-08,118.4285,125497,HDFC Top 100 Direct
2022-12-07,110.5217,125497,HDFC Top 100 Direct
2022-11-07,111.3735,125497,HDFC Top 100 Direct
2022-08-07,110.3205,125497,HDFC Top 100 Direct
2022-07-07,110.0959,125497,HDFC Top 100 Direct
2022-06-07,109.4531,125497,HDFC Top 100 Direct
2022-05-07,108.9019,125497,HDFC Top 100 Direct
2022-04-07,108.086,125497,HDFC Top 100 Direct
2022-01-07,107.2511,125497,HDFC Top 100 Direct
2022-10-06,110.3611,125497,HDFC Top 100 Direct
2022-09-06,110.773,125497,HDFC Top 100 Direct
2022-08-06,110.696,125497,HDFC Top 100 Direct
2022-07-06,110.8741,125497,HDFC Top 100 Direct
2022-06-06,111.468,125497,HDFC Top 100 Direct
2022-03-06,111.6854,125497,HDFC Top 100 Direct
2022-02-06,113.0447,125497,HDFC Top 100 Direct
2022-01-06,113.0469,125497,HDFC Top 100 Direct
2022-12-05,106.8265,125497,HDFC Top 100 Direct
2022-11-05,108.1924,125497,HDFC Top 100 Direct
2022-10-05,109.6278,125497,HDFC Top 100 Direct
2022-09-05,111.1072,125497,HDFC Top 100 Direct
2022-06-05,111.917,125497,HDFC Top 100 Direct
2022-05-05,113.3928,125497,HDFC Top 100 Direct
2022-04-05,113.5479,125497,HDFC Top 100 Direct
2022-02-05,115.6675,125497,HDFC Top 100 Direct
2022-12-04,117.6272,125497,HDFC Top 100 Direct
2022-11-04,118.7434,125497,HDFC Top 100 Direct
2022-08-04,118.159,125497,HDFC Top 100 Direct
2022-07-04,117.3808,125497,HDFC Top 100 Direct
2022-06-04,117.9615,125497,HDFC Top 100 Direct
2022-05-04,117.6729,125497,HDFC Top 100 Direct
2022-04-04,116.1819,125497,HDFC Top 100 Direct
2022-01-04,114.8655,125497,HDFC Top 100 Direct
2022-11-03,110.3959,125497,HDFC Top 100 Direct
2022-10-03,109.8399,125497,HDFC Top 100 Direct
2022-09-03,108.7536,125497,HDFC Top 100 Direct
2022-08-03,107.1074,125497,HDFC Top 100 Direct
2022-07-03,106.6562,125497,HDFC Top 100 Direct
2022-04-03,108.4432,125497,HDFC Top 100 Direct
2022-03-03,109.9523,125497,HDFC Top 100 Direct
2022-02-03,109.7898,125497,HDFC Top 100 Direct
2022-11-02,114.5805,125497,HDFC Top 100 Direct
2022-10-02,116.361,125497,HDFC Top 100 Direct
2022-09-02,116.6628,125497,HDFC Top 100 Direct
2022-08-02,116.9897,125497,HDFC Top 100 Direct
2022-07-02,118.1213,125497,HDFC Top 100 Direct
2022-04-02,118.1779,125497,HDFC Top 100 Direct
2022-03-02,117.9384,125497,HDFC Top 100 Direct
2022-02-02,118.2925,125497,HDFC Top 100 Direct
2022-01-02,116.8615,125497,HDFC Top 100 Direct
2022-12-01,120.503,125497,HDFC Top 100 Direct
2022-11-01,119.2122,125497,HDFC Top 100 Direct
2022-10-01,119.259,125497,HDFC Top 100 Direct
2022-07-01,118.0578,125497,HDFC Top 100 Direct
2022-06-01,118.078,125497,HDFC Top 100 Direct
2022-05-01,117.8449,125497,HDFC Top 100 Direct
2022-04-01,117.9937,125497,HDFC Top 100 Direct
2022-03-01,117.8295,125497,HDFC Top 100 Direct
2021-10-12,117.0295,125497,HDFC Top 100 Direct
2021-09-12,116.4189,125497,HDFC Top 100 Direct
2021-08-12,115.9955,125497,HDFC Top 100 Direct
2021-07-12,115.5693,125497,HDFC Top 100 Direct
2021-06-12,114.2375,125497,HDFC Top 100 Direct
2021-03-12,115.4989,125497,HDFC Top 100 Direct
2021-02-12,115.1803,125497,HDFC Top 100 Direct
2021-01-12,114.5225,125497,HDFC Top 100 Direct
2021-12-11,119.2912,125497,HDFC Top 100 Direct
2021-11-11,118.4235,125497,HDFC Top 100 Direct
2021-10-11,117.9059,125497,HDFC Top 100 Direct
2021-09-11,117.9077,125497,HDFC Top 100 Direct
2021-08-11,117.3055,125497,HDFC Top 100 Direct
2021-03-11,115.5222,125497,HDFC Top 100 Direct
2021-02-11,115.5178,125497,HDFC Top 100 Direct
2021-01-11,114.2579,125497,HDFC Top 100 Direct
2021-12-10,115.2274,125497,HDFC Top 100 Direct
2021-11-10,115.1336,125497,HDFC Top 100 Direct
2021-08-10,114.3972,125497,HDFC Top 100 Direct
2021-07-10,113.9512,125497,HDFC Top 100 Direct
2021-06-10,112.5383,125497,HDFC Top 100 Direct
2021-05-10,112.8715,125497,HDFC Top 100 Direct
2021-04-10,112.8335,125497,HDFC Top 100 Direct
2021-01-10,110.9385,125497,HDFC Top 100 Direct
2021-09-09,108.1289,125497,HDFC Top 100 Direct
2021-08-09,107.1416,125497,HDFC Top 100 Direct
2021-07-09,106.9263,125497,HDFC Top 100 Direct
2021-06-09,107.1149,125497,HDFC Top 100 Direct
2021-03-09,106.5171,125497,HDFC Top 100 Direct
2021-02-09,106.4916,125497,HDFC Top 100 Direct
2021-01-09,105.6616,125497,HDFC Top 100 Direct
2021-12-08,102.8351,125497,HDFC Top 100 Direct
2021-11-08,101.5778,125497,HDFC Top 100 Direct
2021-10-08,102.739,125497,HDFC Top 100 Direct
2021-09-08,104.2697,125497,HDFC Top 100 Direct
2021-06-08,104.8069,125497,HDFC Top 100 Direct
2021-05-08,104.998,125497,HDFC Top 100 Direct
2021-04-08,105.4579,125497,HDFC Top 100 Direct
2021-03-08,106.3929,125497,HDFC Top 100 Direct
2021-02-08,106.1017,125497,HDFC Top 100 Direct
2021-12-07,104.1041,125497,HDFC Top 100 Direct
2021-09-07,103.1664,125497,HDFC Top 100 Direct
2021-08-07,103.0963,125497,HDFC Top 100 Direct
2021-07-07,103.5981,125497,HDFC Top 100 Direct
2021-06-07,102.8988,125497,HDFC Top 100 Direct
2021-05-07,102.4792,125497,HDFC Top 100 Direct
2021-02-07,101.8067,125497,HDFC Top 100 Direct
2021-01-07,101.142,125497,HDFC Top 100 Direct
2021-11-06,99.8345,125497,HDFC Top 100 Direct
2021-10-06,99.9654,125497,HDFC Top 100 Direct
2021-09-06,99.0036,125497,HDFC Top 100 Direct
2021-08-06,100.1122,125497,HDFC Top 100 Direct
2021-07-06,99.9491,125497,HDFC Top 100 Direct
2021-04-06,98.8539,125497,HDFC Top 100 Direct
2021-03-06,98.125,125497,HDFC Top 100 Direct
2021-02-06,98.0796,125497,HDFC Top 100 Direct
2021-01-06,97.2044,125497,HDFC Top 100 Direct
2021-12-05,92.9124,125497,HDFC Top 100 Direct
2021-11-05,93.5737,125497,HDFC Top 100 Direct
2021-10-05,92.846,125497,HDFC Top 100 Direct
2021-07-05,92.2135,125497,HDFC Top 100 Direct
2021-06-05,92.1186,125497,HDFC Top 100 Direct
2021-05-05,92.0577,125497,HDFC Top 100 Direct
2021-04-05,91.3626,125497,HDFC Top 100 Direct
2021-03-05,91.3828,125497,HDFC Top 100 Direct
2021-12-04,86.272,125497,HDFC Top 100 Direct
2021-09-04,90.0091,125497,HDFC Top 100 Direct
2021-08-04,89.9964,125497,HDFC Top 100 Direct
2021-07-04,88.9063,125497,HDFC Top 100 Direct
2021-06-04,88.3419,125497,HDFC Top 100 Direct
2021-05-04,87.5976,125497,HDFC Top 100 Direct
2021-01-04,88.4903,125497,HDFC Top 100 Direct
2021-12-03,88.9315,125497,HDFC Top 100 Direct
2021-10-03,88.6966,125497,HDFC Top 100 Direct
2021-09-03,88.3161,125497,HDFC Top 100 Direct
2021-08-03,88.5876,125497,HDFC Top 100 Direct
2021-05-03,88.2252,125497,HDFC Top 100 Direct
2021-04-03,88.9623,125497,HDFC Top 100 Direct
2021-03-03,88.4923,125497,HDFC Top 100 Direct
2021-02-03,87.7662,125497,HDFC Top 100 Direct
2021-01-03,86.8947,125497,HDFC Top 100 Direct
2021-12-02,84.5864,125497,HDFC Top 100 Direct
2021-11-02,84.1694,125497,HDFC Top 100 Direct
2021-10-02,83.3864,125497,HDFC Top 100 Direct
2021-09-02,83.1303,125497,HDFC Top 100 Direct
2021-08-02,83.4924,125497,HDFC Top 100 Direct
2021-05-02,82.6153,125497,HDFC Top 100 Direct
2021-04-02,82.4453,125497,HDFC Top 100 Direct
2021-03-02,81.6538,125497,HDFC Top 100 Direct
2021-02-02,80.6225,125497,HDFC Top 100 Direct
2021-01-02,79.4344,125497,HDFC Top 100 Direct
2021-12-01,81.9853,125497,HDFC Top 100 Direct
2021-11-01,82.0949,125497,HDFC Top 100 Direct
2021-08-01,82.4047,125497,HDFC Top 100 Direct
2021-07-01,81.8689,125497,HDFC Top 100 Direct
2021-06-01,80.8795,125497,HDFC Top 100 Direct
2021-05-01,80.6897,125497,HDFC Top 100 Direct
2021-04-01,79.9178,125497,HDFC Top 100 Direct
2021-01-01,78.961,125497,HDFC Top 100 Direct
2020-11-12,76.1897,125497,HDFC Top 100 Direct
2020-10-12,76.0258,125497,HDFC Top 100 Direct
2020-09-12,76.3633,125497,HDFC Top 100 Direct
2020-08-12,76.0347,125497,HDFC Top 100 Direct
2020-07-12,76.2757,125497,HDFC Top 100 Direct
2020-04-12,75.2531,125497,HDFC Top 100 Direct
2020-03-12,74.5188,125497,HDFC Top 100 Direct
2020-02-12,74.0961,125497,HDFC Top 100 Direct
2020-01-12,73.9151,125497,HDFC Top 100 Direct
2020-12-11,67.0874,125497,HDFC Top 100 Direct
2020-11-11,66.6685,125497,HDFC Top 100 Direct
2020-10-11,66.4961,125497,HDFC Top 100 Direct
2020-09-11,66.5707,125497,HDFC Top 100 Direct
2020-06-11,65.761,125497,HDFC Top 100 Direct
2020-05-11,65.3632,125497,HDFC Top 100 Direct
2020-04-11,64.6703,125497,HDFC Top 100 Direct
2020-03-11,64.2757,125497,HDFC Top 100 Direct
2020-02-11,63.9582,125497,HDFC Top 100 Direct
2020-12-10,62.7597,125497,HDFC Top 100 Direct
2020-09-10,63.2906,125497,HDFC Top 100 Direct
2020-08-10,63.4817,125497,HDFC Top 100 Direct
2020-07-10,64.1025,125497,HDFC Top 100 Direct
2020-06-10,64.2617,125497,HDFC Top 100 Direct
2020-05-10,64.3535,125497,HDFC Top 100 Direct
2020-01-10,64.1093,125497,HDFC Top 100 Direct
2020-11-09,62.9364,125497,HDFC Top 100 Direct
2020-10-09,62.9838,125497,HDFC Top 100 Direct
2020-09-09,61.9976,125497,HDFC Top 100 Direct
2020-08-09,62.6925,125497,HDFC Top 100 Direct
2020-07-09,63.1455,125497,HDFC Top 100 Direct
2020-04-09,63.0449,125497,HDFC Top 100 Direct
2020-03-09,63.6277,125497,HDFC Top 100 Direct
2020-02-09,63.5433,125497,HDFC Top 100 Direct
2020-01-09,62.3265,125497,HDFC Top 100 Direct
2020-12-08,59.2859,125497,HDFC Top 100 Direct
2020-11-08,58.9922,125497,HDFC Top 100 Direct
2020-10-08,58.7216,125497,HDFC Top 100 Direct
2020-07-08,57.9724,125497,HDFC Top 100 Direct
2020-06-08,57.6979,125497,HDFC Top 100 Direct
2020-05-08,57.0065,125497,HDFC Top 100 Direct
2020-04-08,56.5565,125497,HDFC Top 100 Direct
2020-03-08,56.0147,125497,HDFC Top 100 Direct
2020-10-07,54.9376,125497,HDFC Top 100 Direct
2020-09-07,54.9956,125497,HDFC Top 100 Direct
2020-08-07,54.5073,125497,HDFC Top 100 Direct
2020-07-07,54.932,125497,HDFC Top 100 Direct
2020-06-07,54.7915,125497,HDFC Top 100 Direct
2020-03-07,53.9367,125497,HDFC Top 100 Direct
2020-02-07,53.4633,125497,HDFC Top 100 Direct
2020-01-07,53.0526,125497,HDFC Top 100 Direct
2020-12-06,50.8648,125497,HDFC Top 100 Direct
2020-11-06,50.6426,125497,HDFC Top 100 Direct
2020-10-06,51.4119,125497,HDFC Top 100 Direct
2020-09-06,51.1714,125497,HDFC Top 100 Direct
2020-08-06,51.7451,125497,HDFC Top 100 Direct
2020-05-06,51.3008,125497,HDFC Top 100 Direct
2020-04-06,50.798,125497,HDFC Top 100 Direct
2020-03-06,50.9722,125497,HDFC Top 100 Direct
2020-02-06,50.232,125497,HDFC Top 100 Direct
2020-01-06,49.3635,125497,HDFC Top 100 Direct
2020-12-05,46.6427,125497,HDFC Top 100 Direct
2020-11-05,46.9345,125497,HDFC Top 100 Direct
2020-08-05,47.0197,125497,HDFC Top 100 Direct
2020-07-05,47.4015,125497,HDFC Top 100 Direct
2020-06-05,47.5508,125497,HDFC Top 100 Direct
2020-05-05,47.5152,125497,HDFC Top 100 Direct
2020-04-05,48.0018,125497,HDFC Top 100 Direct
2020-09-04,46.7891,125497,HDFC Top 100 Direct
2020-08-04,45.7678,125497,HDFC Top 100 Direct
2020-07-04,45.121,125497,HDFC Top 100 Direct
2020-03-04,43.6981,125497,HDFC Top 100 Direct
2020-01-04,43.7773,125497,HDFC Top 100 Direct
2020-12-03,53.1617,125497,HDFC Top 100 Direct
2020-11-03,56.6672,125497,HDFC Top 100 Direct
2020-09-03,56.7701,125497,HDFC Top 100 Direct
2020-06-03,58.5236,125497,HDFC Top 100 Direct
2020-05-03,59.2727,125497,HDFC Top 100 Direct
2020-04-03,58.8308,125497,HDFC Top 100 Direct
2020-03-03,59.7023,125497,HDFC Top 100 Direct
2020-02-03,59.4357,125497,HDFC Top 100 Direct
2020-12-02,62.2058,125497,HDFC Top 100 Direct
2020-11-02,62.1921,125497,HDFC Top 100 Direct
2020-10-02,61.9086,125497,HDFC Top 100 Direct
2020-07-02,62.3167,125497,HDFC Top 100 Direct
2020-06-02,62.089,125497,HDFC Top 100 Direct
2020-05-02,62.0606,125497,HDFC Top 100 Direct
2020-04-02,61.7883,125497,HDFC Top 100 Direct
2020-03-02,60.8872,125497,HDFC Top 100 Direct
2020-10-01,58.9076,125497,HDFC Top 100 Direct
2020-09-01,58.6407,125497,HDFC Top 100 Direct
2020-08-01,57.9868,125497,HDFC Top 100 Direct
2020-07-01,58.2107,125497,HDFC Top 100 Direct
2020-06-01,57.7329,125497,HDFC Top 100 Direct
2020-03-01,58.6872,125497,HDFC Top 100 Direct
2020-02-01,58.3988,125497,HDFC Top 100 Direct
2020-01-01,57.886,125497,HDFC Top 100 Direct
2019-12-12,56.7141,125497,HDFC Top 100 Direct
2019-11-12,56.6208,125497,HDFC Top 100 Direct
2019-10-12,56.8176,125497,HDFC Top 100 Direct
2019-09-12,57.3044,125497,HDFC Top 100 Direct
2019-06-12,57.6323,125497,HDFC Top 100 Direct
2019-05-12,58.2459,125497,HDFC Top 100 Direct
2019-04-12,58.3397,125497,HDFC Top 100 Direct
2019-03-12,57.9542,125497,HDFC Top 100 Direct
2019-02-12,58.0533,125497,HDFC Top 100 Direct
2019-11-11,57.692,125497,HDFC Top 100 Direct
2019-08-11,57.4537,125497,HDFC Top 100 Direct
2019-07-11,57.9074,125497,HDFC Top 100 Direct
2019-06-11,57.7536,125497,HDFC Top 100 Direct
2019-05-11,58.0708,125497,HDFC Top 100 Direct
2019-04-11,58.5157,125497,HDFC Top 100 Direct
2019-01-11,57.9809,125497,HDFC Top 100 Direct
2019-11-10,54.8222,125497,HDFC Top 100 Direct
2019-10-10,54.7665,125497,HDFC Top 100 Direct
2019-09-10,55.0566,125497,HDFC Top 100 Direct
2019-07-10,54.8053,125497,HDFC Top 100 Direct
2019-04-10,54.9464,125497,HDFC Top 100 Direct
2019-03-10,55.399,125497,HDFC Top 100 Direct
2019-01-10,55.6556,125497,HDFC Top 100 Direct
2019-12-09,53.6476,125497,HDFC Top 100 Direct
2019-11-09,53.7478,125497,HDFC Top 100 Direct
2019-09-09,52.9366,125497,HDFC Top 100 Direct
2019-06-09,52.6455,125497,HDFC Top 100 Direct
2019-05-09,52.2783,125497,HDFC Top 100 Direct
2019-04-09,52.1216,125497,HDFC Top 100 Direct
2019-03-09,51.9742,125497,HDFC Top 100 Direct
2019-09-08,51.6177,125497,HDFC Top 100 Direct
2019-08-08,51.2595,125497,HDFC Top 100 Direct
2019-07-08,51.1681,125497,HDFC Top 100 Direct
2019-06-08,51.0319,125497,HDFC Top 100 Direct
2019-05-08,50.5861,125497,HDFC Top 100 Direct
2019-02-08,51.0349,125497,HDFC Top 100 Direct
2019-01-08,51.3082,125497,HDFC Top 100 Direct
2019-12-07,54.2785,125497,HDFC Top 100 Direct
2019-11-07,54.0984,125497,HDFC Top 100 Direct
2019-10-07,53.8443,125497,HDFC Top 100 Direct
2019-09-07,54.0836,125497,HDFC Top 100 Direct
2019-08-07,54.1644,125497,HDFC Top 100 Direct
2019-05-07,54.8561,125497,HDFC Top 100 Direct
2019-04-07,55.4699,125497,HDFC Top 100 Direct
2019-03-07,55.3738,125497,HDFC Top 100 Direct
2019-02-07,55.456,125497,HDFC Top 100 Direct
2019-01-07,55.3031,125497,HDFC Top 100 Direct
2019-12-06,55.6663,125497,HDFC Top 100 Direct
2019-11-06,55.677,125497,HDFC Top 100 Direct
2019-10-06,55.7431,125497,HDFC Top 100 Direct
2019-07-06,56.094,125497,HDFC Top 100 Direct
2019-06-06,56.1253,125497,HDFC Top 100 Direct
2019-04-06,56.7067,125497,HDFC Top 100 Direct
2019-03-06,56.7417,125497,HDFC Top 100 Direct
2019-10-05,53.706,125497,HDFC Top 100 Direct
2019-09-05,53.7084,125497,HDFC Top 100 Direct
2019-08-05,53.8583,125497,HDFC Top 100 Direct
2019-07-05,54.3424,125497,HDFC Top 100 Direct
2019-06-05,54.4976,125497,HDFC Top 100 Direct
2019-03-05,54.897,125497,HDFC Top 100 Direct
2019-02-05,55.0024,125497,HDFC Top 100 Direct
2019-12-04,55.9226,125497,HDFC Top 100 Direct
2019-11-04,55.7987,125497,HDFC Top 100 Direct
2019-10-04,55.6388,125497,HDFC Top 100 Direct
2019-09-04,55.6612,125497,HDFC Top 100 Direct
2019-08-04,55.8828,125497,HDFC Top 100 Direct
2019-05-04,56.0191,125497,HDFC Top 100 Direct
2019-04-04,55.6447,125497,HDFC Top 100 Direct
2019-03-04,55.6601,125497,HDFC Top 100 Direct
2019-02-04,56.0011,125497,HDFC Top 100 Direct
2019-01-04,56.1772,125497,HDFC Top 100 Direct
2019-12-03,55.2773,125497,HDFC Top 100 Direct
2019-11-03,54.7406,125497,HDFC Top 100 Direct
2019-08-03,53.9401,125497,HDFC Top 100 Direct
2019-07-03,53.7052,125497,HDFC Top 100 Direct
2019-06-03,53.2436,125497,HDFC Top 100 Direct
2019-05-03,52.7007,125497,HDFC Top 100 Direct
2019-01-03,51.4418,125497,HDFC Top 100 Direct
2019-12-02,49.9865,125497,HDFC Top 100 Direct
2019-11-02,50.1417,125497,HDFC Top 100 Direct
2019-08-02,50.5532,125497,HDFC Top 100 Direct
2019-07-02,50.8924,125497,HDFC Top 100 Direct
2019-06-02,50.5395,125497,HDFC Top 100 Direct
2019-05-02,50.7151,125497,HDFC Top 100 Direct
2019-04-02,51.0358,125497,HDFC Top 100 Direct
2019-01-02,51.2972,125497,HDFC Top 100 Direct
2019-11-01,53.1862,125497,HDFC Top 100 Direct
2019-10-01,53.2423,125497,HDFC Top 100 Direct
2019-09-01,53.2998,125497,HDFC Top 100 Direct
2019-08-01,53.2516,125497,HDFC Top 100 Direct
2019-07-01,53.4187,125497,HDFC Top 100 Direct
2019-04-01,53.3289,125497,HDFC Top 100 Direct
2019-03-01,53.5067,125497,HDFC Top 100 Direct
2019-02-01,53.7148,125497,HDFC Top 100 Direct
2019-01-01,53.818,125497,HDFC Top 100 Direct
2018-12-12,52.6722,125497,HDFC Top 100 Direct
2018-11-12,51.6933,125497,HDFC Top 100 Direct
2018-10-12,51.301,125497,HDFC Top 100 Direct
2018-07-12,52.0078,125497,HDFC Top 100 Direct
2018-06-12,51.9051,125497,HDFC Top 100 Direct
2018-05-12,52.5267,125497,HDFC Top 100 Direct
2018-04-12,52.9458,125497,HDFC Top 100 Direct
2018-03-12,52.7747,125497,HDFC Top 100 Direct
2018-12-11,52.6627,125497,HDFC Top 100 Direct
2018-09-11,53.0344,125497,HDFC Top 100 Direct
2018-06-11,52.3747,125497,HDFC Top 100 Direct
2018-05-11,52.4327,125497,HDFC Top 100 Direct
2018-02-11,52.5668,125497,HDFC Top 100 Direct
2018-01-11,52.0587,125497,HDFC Top 100 Direct
2018-12-10,51.7944,125497,HDFC Top 100 Direct
2018-11-10,51.0028,125497,HDFC Top 100 Direct
2018-10-10,51.6901,125497,HDFC Top 100 Direct
2018-09-10,49.9984,125497,HDFC Top 100 Direct
2018-08-10,50.3191,125497,HDFC Top 100 Direct
2018-05-10,51.0967,125497,HDFC Top 100 Direct
2018-04-10,51.9575,125497,HDFC Top 100 Direct
2018-03-10,52.9192,125497,HDFC Top 100 Direct
2018-01-10,52.883,125497,HDFC Top 100 Direct
2018-12-09,58.2059,125497,HDFC Top 100 Direct
2018-11-09,58.317,125497,HDFC Top 100 Direct
2018-10-09,58.943,125497,HDFC Top 100 Direct
2018-07-09,59.3814,125497,HDFC Top 100 Direct
2018-06-09,59.2383,125497,HDFC Top 100 Direct
2018-05-09,58.6949,125497,HDFC Top 100 Direct
2018-04-09,58.889,125497,HDFC Top 100 Direct
2018-03-09,59.8974,125497,HDFC Top 100 Direct
2018-10-08,58.6551,125497,HDFC Top 100 Direct
2018-09-08,58.7543,125497,HDFC Top 100 Direct
2018-08-08,59.0029,125497,HDFC Top 100 Direct
2018-07-08,58.9834,125497,HDFC Top 100 Direct
2018-06-08,58.7914,125497,HDFC Top 100 Direct
2018-03-08,57.7594,125497,HDFC Top 100 Direct
2018-02-08,57.2162,125497,HDFC Top 100 Direct
2018-01-08,57.0216,125497,HDFC Top 100 Direct
2018-12-07,54.9257,125497,HDFC Top 100 Direct
2018-11-07,55.0134,125497,HDFC Top 100 Direct
2018-10-07,54.9768,125497,HDFC Top 100 Direct
2018-09-07,54.8668,125497,HDFC Top 100 Direct
2018-06-07,54.1996,125497,HDFC Top 100 Direct
2018-05-07,53.9747,125497,HDFC Top 100 Direct
2018-04-07,54.162,125497,HDFC Top 100 Direct
2018-03-07,53.973,125497,HDFC Top 100 Direct
2018-02-07,53.9029,125497,HDFC Top 100 Direct
2018-12-06,57.4404,125497,HDFC Top 100 Direct
2018-11-06,57.3946,125497,HDFC Top 100 Direct
2018-08-06,57.0448,125497,HDFC Top 100 Direct
2018-07-06,57.0031,125497,HDFC Top 100 Direct
2018-06-06,55.91,125497,HDFC Top 100 Direct
2018-05-06,55.1442,125497,HDFC Top 100 Direct
2018-04-06,56.5065,125497,HDFC Top 100 Direct
2018-01-06,57.8765,125497,HDFC Top 100 Direct
2018-11-05,62.0221,125497,HDFC Top 100 Direct
2018-10-05,62.18,125497,HDFC Top 100 Direct
2018-09-05,62.7255,125497,HDFC Top 100 Direct
2018-08-05,62.3405,125497,HDFC Top 100 Direct
2018-07-05,62.362,125497,HDFC Top 100 Direct
2018-04-05,61.5548,125497,HDFC Top 100 Direct
2018-03-05,61.9566,125497,HDFC Top 100 Direct
2018-02-05,62.4199,125497,HDFC Top 100 Direct
2018-12-04,61.7648,125497,HDFC Top 100 Direct
2018-11-04,61.6102,125497,HDFC Top 100 Direct
2018-10-04,61.7781,125497,HDFC Top 100 Direct
2018-09-04,61.559,125497,HDFC Top 100 Direct
2018-06-04,61.0985,125497,HDFC Top 100 Direct
2018-05-04,60.5934,125497,HDFC Top 100 Direct
2018-04-04,59.8079,125497,HDFC Top 100 Direct
2018-03-04,60.3663,125497,HDFC Top 100 Direct
2018-02-04,59.6897,125497,HDFC Top 100 Direct
2018-12-03,59.9923,125497,HDFC Top 100 Direct
2018-09-03,59.6427,125497,HDFC Top 100 Direct
2018-08-03,59.6107,125497,HDFC Top 100 Direct
2018-07-03,59.7924,125497,HDFC Top 100 Direct
2018-06-03,60.7648,125497,HDFC Top 100 Direct
2018-05-03,61.4179,125497,HDFC Top 100 Direct
2018-01-03,62.2116,125497,HDFC Top 100 Direct
2018-12-02,64.4738,125497,HDFC Top 100 Direct
2018-09-02,63.9351,125497,HDFC Top 100 Direct
2018-08-02,63.7076,125497,HDFC Top 100 Direct
2018-07-02,62.36,125497,HDFC Top 100 Direct
2018-06-02,61.0687,125497,HDFC Top 100 Direct
2018-05-02,62.5391,125497,HDFC Top 100 Direct
2018-02-02,62.5129,125497,HDFC Top 100 Direct
2018-01-02,64.6604,125497,HDFC Top 100 Direct
2018-12-01,68.8466,125497,HDFC Top 100 Direct
2018-11-01,68.7927,125497,HDFC Top 100 Direct
2018-10-01,68.6873,125497,HDFC Top 100 Direct
2018-09-01,68.6975,125497,HDFC Top 100 Direct
2018-08-01,69.0661,125497,HDFC Top 100 Direct
2018-05-01,68.8684,125497,HDFC Top 100 Direct
2018-04-01,67.8023,125497,HDFC Top 100 Direct
2018-03-01,67.0627,125497,HDFC Top 100 Direct
2018-02-01,65.5915,125497,HDFC Top 100 Direct
2018-01-01,66.1953,125497,HDFC Top 100 Direct
2017-12-12,63.3879,125497,HDFC Top 100 Direct
2017-11-12,63.6318,125497,HDFC Top 100 Direct
2017-08-12,62.8436,125497,HDFC Top 100 Direct
2017-07-12,61.9916,125497,HDFC Top 100 Direct
2017-06-12,61.4633,125497,HDFC Top 100 Direct
2017-05-12,61.5105,125497,HDFC Top 100 Direct
2017-04-12,61.3177,125497,HDFC Top 100 Direct
2017-01-12,61.4989,125497,HDFC Top 100 Direct
2017-10-11,57.7898,125497,HDFC Top 100 Direct
2017-09-11,58.0804,125497,HDFC Top 100 Direct
2017-08-11,57.2373,125497,HDFC Top 100 Direct
2017-07-11,57.5758,125497,HDFC Top 100 Direct
2017-06-11,57.8698,125497,HDFC Top 100 Direct
2017-03-11,57.5792,125497,HDFC Top 100 Direct
2017-02-11,56.6875,125497,HDFC Top 100 Direct
2017-01-11,55.8753,125497,HDFC Top 100 Direct
2017-12-10,53.9971,125497,HDFC Top 100 Direct
2017-11-10,53.678,125497,HDFC Top 100 Direct
2017-10-10,54.358,125497,HDFC Top 100 Direct
2017-09-10,53.9716,125497,HDFC Top 100 Direct
2017-06-10,53.8125,125497,HDFC Top 100 Direct
2017-05-10,53.4476,125497,HDFC Top 100 Direct
2017-04-10,53.2395,125497,HDFC Top 100 Direct
2017-03-10,52.3213,125497,HDFC Top 100 Direct
2017-12-09,51.0852,125497,HDFC Top 100 Direct
2017-11-09,50.7696,125497,HDFC Top 100 Direct
2017-08-09,50.5481,125497,HDFC Top 100 Direct
2017-07-09,50.479,125497,HDFC Top 100 Direct
2017-06-09,50.2949,125497,HDFC Top 100 Direct
2017-05-09,50.0883,125497,HDFC Top 100 Direct
2017-04-09,49.5888,125497,HDFC Top 100 Direct
2017-01-09,49.6448,125497,HDFC Top 100 Direct
2017-11-08,46.9331,125497,HDFC Top 100 Direct
2017-10-08,46.6004,125497,HDFC Top 100 Direct
2017-09-08,47.6533,125497,HDFC Top 100 Direct
2017-08-08,48.14,125497,HDFC Top 100 Direct
2017-07-08,48.5716,125497,HDFC Top 100 Direct
2017-04-08,48.1507,125497,HDFC Top 100 Direct
2017-03-08,48.0355,125497,HDFC Top 100 Direct
2017-02-08,48.434,125497,HDFC Top 100 Direct
2017-01-08,48.8185,125497,HDFC Top 100 Direct
2017-12-07,47.981,125497,HDFC Top 100 Direct
2017-11-07,47.8999,125497,HDFC Top 100 Direct
2017-10-07,47.7571,125497,HDFC Top 100 Direct
2017-07-07,47.6689,125497,HDFC Top 100 Direct
2017-06-07,47.6048,125497,HDFC Top 100 Direct
2017-05-07,47.6057,125497,HDFC Top 100 Direct
2017-04-07,47.3041,125497,HDFC Top 100 Direct
2017-03-07,47.0864,125497,HDFC Top 100 Direct
2017-12-06,45.6426,125497,HDFC Top 100 Direct
2017-09-06,45.3998,125497,HDFC Top 100 Direct
2017-08-06,45.3666,125497,HDFC Top 100 Direct
2017-07-06,45.2229,125497,HDFC Top 100 Direct
2017-06-06,44.8932,125497,HDFC Top 100 Direct
2017-05-06,45.12,125497,HDFC Top 100 Direct
2017-02-06,44.8693,125497,HDFC Top 100 Direct
2017-01-06,44.592,125497,HDFC Top 100 Direct
2017-12-05,45.1186,125497,HDFC Top 100 Direct
2017-11-05,45.5728,125497,HDFC Top 100 Direct
2017-10-05,45.8331,125497,HDFC Top 100 Direct
2017-09-05,45.4696,125497,HDFC Top 100 Direct
2017-08-05,45.2513,125497,HDFC Top 100 Direct
2017-05-05,44.9503,125497,HDFC Top 100 Direct
2017-04-05,45.0697,125497,HDFC Top 100 Direct
2017-03-05,44.8741,125497,HDFC Top 100 Direct
2017-02-05,44.8776,125497,HDFC Top 100 Direct
2017-12-04,44.8462,125497,HDFC Top 100 Direct
2017-11-04,45.0113,125497,HDFC Top 100 Direct
2017-10-04,44.7075,125497,HDFC Top 100 Direct
2017-07-04,44.3425,125497,HDFC Top 100 Direct
2017-06-04,44.6978,125497,HDFC Top 100 Direct
2017-05-04,44.5942,125497,HDFC Top 100 Direct
2017-03-04,43.2863,125497,HDFC Top 100 Direct
2017-10-03,40.9816,125497,HDFC Top 100 Direct
2017-09-03,41.0732,125497,HDFC Top 100 Direct
2017-08-03,41.0006,125497,HDFC Top 100 Direct
2017-07-03,41.0703,125497,HDFC Top 100 Direct
2017-06-03,40.9656,125497,HDFC Top 100 Direct
2017-03-03,40.9417,125497,HDFC Top 100 Direct
2017-02-03,40.7713,125497,HDFC Top 100 Direct
2017-01-03,41.2422,125497,HDFC Top 100 Direct
2017-10-02,41.2994,125497,HDFC Top 100 Direct
2017-09-02,40.9909,125497,HDFC Top 100 Direct
2017-08-02,40.9586,125497,HDFC Top 100 Direct
2017-07-02,40.9243,125497,HDFC Top 100 Direct
2017-06-02,40.7207,125497,HDFC Top 100 Direct
2017-03-02,40.3205,125497,HDFC Top 100 Direct
2017-02-02,39.6138,125497,HDFC Top 100 Direct
2017-01-02,39.5325,125497,HDFC Top 100 Direct
2017-12-01,38.1337,125497,HDFC Top 100 Direct
2017-11-01,38.2558,125497,HDFC Top 100 Direct
2017-10-01,38.0179,125497,HDFC Top 100 Direct
2017-09-01,37.8471,125497,HDFC Top 100 Direct
2017-06-01,37.6588,125497,HDFC Top 100 Direct
2017-05-01,37.6091,125497,HDFC Top 100 Direct
2017-04-01,37.3559,125497,HDFC Top 100 Direct
2017-03-01,37.2804,125497,HDFC Top 100 Direct
2017-02-01,36.945,125497,HDFC Top 100 Direct
2016-12-12,37.4765,125497,HDFC Top 100 Direct
2016-09-12,37.7144,125497,HDFC Top 100 Direct
2016-08-12,37.6893,125497,HDFC Top 100 Direct
2016-07-12,37.3837,125497,HDFC Top 100 Direct
2016-06-12,37.4778,125497,HDFC Top 100 Direct
2016-05-12,37.5993,125497,HDFC Top 100 Direct
2016-02-12,37.6241,125497,HDFC Top 100 Direct
2016-01-12,38.1715,125497,HDFC Top 100 Direct
2016-11-11,39.2286,125497,HDFC Top 100 Direct
2016-10-11,40.372,125497,HDFC Top 100 Direct
2016-09-11,39.7184,125497,HDFC Top 100 Direct
2016-08-11,40.2973,125497,HDFC Top 100 Direct
2016-07-11,40.3143,125497,HDFC Top 100 Direct
2016-04-11,39.8044,125497,HDFC Top 100 Direct
2016-03-11,40.5851,125497,HDFC Top 100 Direct
2016-02-11,41.034,125497,HDFC Top 100 Direct
2016-01-11,41.6575,125497,HDFC Top 100 Direct
2016-10-10,40.4711,125497,HDFC Top 100 Direct
2016-07-10,40.2223,125497,HDFC Top 100 Direct
2016-06-10,39.8451,125497,HDFC Top 100 Direct
2016-05-10,39.9987,125497,HDFC Top 100 Direct
2016-04-10,39.6324,125497,HDFC Top 100 Direct
2016-03-10,39.4262,125497,HDFC Top 100 Direct
2016-12-09,37.1323,125497,HDFC Top 100 Direct
2016-09-09,37.8889,125497,HDFC Top 100 Direct
2016-08-09,38.0072,125497,HDFC Top 100 Direct
2016-07-09,37.7765,125497,HDFC Top 100 Direct
2016-06-09,37.9713,125497,HDFC Top 100 Direct
2016-02-09,37.7261,125497,HDFC Top 100 Direct
2016-01-09,37.547,125497,HDFC Top 100 Direct
2016-12-08,36.0147,125497,HDFC Top 100 Direct
2016-11-08,35.9288,125497,HDFC Top 100 Direct
2016-10-08,35.939,125497,HDFC Top 100 Direct
2016-09-08,36.3094,125497,HDFC Top 100 Direct
2016-08-08,36.5398,125497,HDFC Top 100 Direct
2016-05-08,36.4669,125497,HDFC Top 100 Direct
2016-04-08,36.1689,125497,HDFC Top 100 Direct
2016-03-08,35.9656,125497,HDFC Top 100 Direct
2016-02-08,36.3876,125497,HDFC Top 100 Direct
2016-01-08,36.5024,125497,HDFC Top 100 Direct
2016-12-07,35.7695,125497,HDFC Top 100 Direct
2016-11-07,35.8859,125497,HDFC Top 100 Direct
2016-08-07,35.747,125497,HDFC Top 100 Direct
2016-07-07,35.6973,125497,HDFC Top 100 Direct
2016-05-07,35.5532,125497,HDFC Top 100 Direct
2016-04-07,35.5248,125497,HDFC Top 100 Direct
2016-01-07,35.3909,125497,HDFC Top 100 Direct
2016-10-06,34.345,125497,HDFC Top 100 Direct
2016-09-06,34.2408,125497,HDFC Top 100 Direct
2016-08-06,34.5334,125497,HDFC Top 100 Direct
2016-07-06,34.4547,125497,HDFC Top 100 Direct
2016-06-06,34.0559,125497,HDFC Top 100 Direct
2016-03-06,33.8652,125497,HDFC Top 100 Direct
2016-02-06,33.9535,125497,HDFC Top 100 Direct
2016-01-06,33.793,125497,HDFC Top 100 Direct
2016-12-05,34.334,125497,HDFC Top 100 Direct
2016-11-05,33.9502,125497,HDFC Top 100 Direct
2016-10-05,33.8602,125497,HDFC Top 100 Direct
2016-09-05,34.0572,125497,HDFC Top 100 Direct
2016-06-05,33.8769,125497,HDFC Top 100 Direct
2016-05-05,33.9939,125497,HDFC Top 100 Direct
2016-04-05,33.7226,125497,HDFC Top 100 Direct
2016-03-05,34.0306,125497,HDFC Top 100 Direct
2016-02-05,34.0495,125497,HDFC Top 100 Direct
2016-12-04,33.512,125497,HDFC Top 100 Direct
2016-11-04,33.3875,125497,HDFC Top 100 Direct
2016-08-04,33.065,125497,HDFC Top 100 Direct
2016-07-04,33.0194,125497,HDFC Top 100 Direct
2016-06-04,33.2317,125497,HDFC Top 100 Direct
2016-05-04,32.9295,125497,HDFC Top 100 Direct
2016-04-04,33.112,125497,HDFC Top 100 Direct
2016-01-04,32.6099,125497,HDFC Top 100 Direct
2016-11-03,31.0885,125497,HDFC Top 100 Direct
2016-10-03,31.0779,125497,HDFC Top 100 Direct
2016-09-03,31.0997,125497,HDFC Top 100 Direct
2016-08-03,31.0575,125497,HDFC Top 100 Direct
2016-04-03,31.114,125497,HDFC Top 100 Direct
2016-03-03,31.1097,125497,HDFC Top 100 Direct
2016-02-03,30.9607,125497,HDFC Top 100 Direct
2016-01-03,30.5287,125497,HDFC Top 100 Direct
2016-12-02,30.1716,125497,HDFC Top 100 Direct
2016-11-02,30.4832,125497,HDFC Top 100 Direct
2016-10-02,31.6489,125497,HDFC Top 100 Direct
2016-09-02,32.0579,125497,HDFC Top 100 Direct
2016-08-02,32.1441,125497,HDFC Top 100 Direct
2016-05-02,32.187,125497,HDFC Top 100 Direct
2016-04-02,32.0113,125497,HDFC Top 100 Direct
2016-03-02,32.1505,125497,HDFC Top 100 Direct
2016-02-02,32.579,125497,HDFC Top 100 Direct
2016-01-02,32.6827,125497,HDFC Top 100 Direct
2016-12-01,34.5143,125497,HDFC Top 100 Direct
2016-11-01,35.1181,125497,HDFC Top 100 Direct
2016-08-01,35.1548,125497,HDFC Top 100 Direct
2016-07-01,34.6033,125497,HDFC Top 100 Direct
2016-06-01,35.5722,125497,HDFC Top 100 Direct
2016-05-01,35.9544,125497,HDFC Top 100 Direct
2016-04-01,35.7424,125497,HDFC Top 100 Direct
2016-01-01,36.0391,125497,HDFC Top 100 Direct
2015-11-12,33.0682,125497,HDFC Top 100 Direct
2015-10-12,33.2474,125497,HDFC Top 100 Direct
2015-09-12,32.871,125497,HDFC Top 100 Direct
2015-08-12,33.2944,125497,HDFC Top 100 Direct
2015-07-12,33.6603,125497,HDFC Top 100 Direct
2015-04-12,33.694,125497,HDFC Top 100 Direct
2015-03-12,33.7975,125497,HDFC Top 100 Direct
2015-02-12,33.8327,125497,HDFC Top 100 Direct
2015-01-12,33.5186,125497,HDFC Top 100 Direct
2015-10-11,32.8783,125497,HDFC Top 100 Direct
2015-09-11,33.0826,125497,HDFC Top 100 Direct
2015-06-11,32.6837,125497,HDFC Top 100 Direct
2015-05-11,32.938,125497,HDFC Top 100 Direct
2015-04-11,33.2605,125497,HDFC Top 100 Direct
2015-03-11,33.328,125497,HDFC Top 100 Direct
2015-02-11,32.949,125497,HDFC Top 100 Direct
2015-12-10,32.7741,125497,HDFC Top 100 Direct
2015-09-10,32.8509,125497,HDFC Top 100 Direct
2015-08-10,32.787,125497,HDFC Top 100 Direct
2015-07-10,32.6458,125497,HDFC Top 100 Direct
2015-06-10,32.4971,125497,HDFC Top 100 Direct
2015-05-10,32.4891,125497,HDFC Top 100 Direct
2015-01-10,32.0303,125497,HDFC Top 100 Direct
2015-11-09,31.3747,125497,HDFC Top 100 Direct
2015-10-09,31.2459,125497,HDFC Top 100 Direct
2015-09-09,31.1685,125497,HDFC Top 100 Direct
2015-08-09,30.8088,125497,HDFC Top 100 Direct
2015-07-09,30.8824,125497,HDFC Top 100 Direct
2015-04-09,31.2791,125497,HDFC Top 100 Direct
2015-03-09,31.5572,125497,HDFC Top 100 Direct
2015-02-09,31.3571,125497,HDFC Top 100 Direct
2015-01-09,31.4028,125497,HDFC Top 100 Direct
2015-12-08,32.7984,125497,HDFC Top 100 Direct
2015-11-08,33.3291,125497,HDFC Top 100 Direct
2015-10-08,33.7575,125497,HDFC Top 100 Direct
2015-07-08,33.7308,125497,HDFC Top 100 Direct
2015-06-08,33.7245,125497,HDFC Top 100 Direct
2015-05-08,34.118,125497,HDFC Top 100 Direct
2015-04-08,34.1317,125497,HDFC Top 100 Direct
2015-03-08,33.884,125497,HDFC Top 100 Direct
2015-10-07,32.8467,125497,HDFC Top 100 Direct
2015-09-07,32.7345,125497,HDFC Top 100 Direct
2015-08-07,32.7031,125497,HDFC Top 100 Direct
2015-07-07,32.8775,125497,HDFC Top 100 Direct
2015-06-07,32.4565,125497,HDFC Top 100 Direct
2015-03-07,31.7734,125497,HDFC Top 100 Direct
2015-02-07,31.5581,125497,HDFC Top 100 Direct
2015-01-07,31.4503,125497,HDFC Top 100 Direct
2015-12-06,29.2746,125497,HDFC Top 100 Direct
2015-11-06,29.1922,125497,HDFC Top 100 Direct
2015-10-06,29.6228,125497,HDFC Top 100 Direct
2015-09-06,29.2003,125497,HDFC Top 100 Direct
2015-08-06,29.3979,125497,HDFC Top 100 Direct
2015-05-06,29.7033,125497,HDFC Top 100 Direct
2015-04-06,29.4409,125497,HDFC Top 100 Direct
2015-03-06,29.5373,125497,HDFC Top 100 Direct
2015-02-06,29.8851,125497,HDFC Top 100 Direct
2015-01-06,30.3029,125497,HDFC Top 100 Direct
2015-12-05,30.1822,125497,HDFC Top 100 Direct
2015-11-05,30.6452,125497,HDFC Top 100 Direct
2015-08-05,29.884,125497,HDFC Top 100 Direct
2015-07-05,29.4468,125497,HDFC Top 100 Direct
2015-06-05,30.0312,125497,HDFC Top 100 Direct
2015-05-05,30.6932,125497,HDFC Top 100 Direct
2015-04-05,30.6068,125497,HDFC Top 100 Direct
2015-10-04,31.3292,125497,HDFC Top 100 Direct
2015-09-04,31.2433,125497,HDFC Top 100 Direct
2015-08-04,30.8106,125497,HDFC Top 100 Direct
2015-07-04,30.2953,125497,HDFC Top 100 Direct
2015-06-04,30.1584,125497,HDFC Top 100 Direct
2015-01-04,29.7949,125497,HDFC Top 100 Direct
2015-12-03,30.686,125497,HDFC Top 100 Direct
2015-11-03,30.4375,125497,HDFC Top 100 Direct
2015-10-03,30.3725,125497,HDFC Top 100 Direct
2015-09-03,30.4317,125497,HDFC Top 100 Direct
2015-05-03,30.6428,125497,HDFC Top 100 Direct
2015-04-03,30.6349,125497,HDFC Top 100 Direct
2015-03-03,30.8045,125497,HDFC Top 100 Direct
2015-02-03,30.5216,125497,HDFC Top 100 Direct
2015-12-02,30.2611,125497,HDFC Top 100 Direct
2015-11-02,29.9083,125497,HDFC Top 100 Direct
2015-10-02,29.5782,125497,HDFC Top 100 Direct
2015-09-02,29.397,125497,HDFC Top 100 Direct
2015-06-02,29.7377,125497,HDFC Top 100 Direct
2015-05-02,30.2614,125497,HDFC Top 100 Direct
2015-04-02,30.6731,125497,HDFC Top 100 Direct
2015-03-02,30.7745,125497,HDFC Top 100 Direct
2015-02-02,30.6145,125497,HDFC Top 100 Direct
2015-12-01,29.4713,125497,HDFC Top 100 Direct
2015-09-01,29.2834,125497,HDFC Top 100 Direct
2015-08-01,29.2325,125497,HDFC Top 100 Direct
2015-07-01,28.7345,125497,HDFC Top 100 Direct
2015-06-01,28.566,125497,HDFC Top 100 Direct
2015-05-01,29.3031,125497,HDFC Top 100 Direct
2015-02-01,29.4253,125497,HDFC Top 100 Direct
2015-01-01,29.3671,125497,HDFC Top 100 Direct
2014-12-12,27.4434,125497,HDFC Top 100 Direct
2014-11-12,27.739,125497,HDFC Top 100 Direct
2014-10-12,27.2901,125497,HDFC Top 100 Direct
2014-09-12,27.0266,125497,HDFC Top 100 Direct
2014-08-12,27.5153,125497,HDFC Top 100 Direct
2014-05-12,27.3359,125497,HDFC Top 100 Direct
2014-04-12,27.342,125497,HDFC Top 100 Direct
2014-03-12,27.0697,125497,HDFC Top 100 Direct
2014-02-12,26.5928,125497,HDFC Top 100 Direct
2014-01-12,26.2093,125497,HDFC Top 100 Direct
2014-12-11,25.2255,125497,HDFC Top 100 Direct
2014-11-11,24.92,125497,HDFC Top 100 Direct
2014-10-11,24.7095,125497,HDFC Top 100 Direct
2014-07-11,24.567,125497,HDFC Top 100 Direct
2014-05-11,24.6593,125497,HDFC Top 100 Direct
2014-03-11,24.5647,125497,HDFC Top 100 Direct
2014-10-10,23.7407,125497,HDFC Top 100 Direct
2014-09-10,24.0814,125497,HDFC Top 100 Direct
2014-08-10,24.0609,125497,HDFC Top 100 Direct
2014-07-10,23.9234,125497,HDFC Top 100 Direct
2014-01-10,24.1597,125497,HDFC Top 100 Direct
2014-12-09,24.6248,125497,HDFC Top 100 Direct
2014-11-09,24.41,125497,HDFC Top 100 Direct
2014-10-09,23.8862,125497,HDFC Top 100 Direct
2014-09-09,23.6853,125497,HDFC Top 100 Direct
2014-08-09,23.31,125497,HDFC Top 100 Direct
2014-05-09,22.9624,125497,HDFC Top 100 Direct
2014-04-09,22.8661,125497,HDFC Top 100 Direct
2014-03-09,22.842,125497,HDFC Top 100 Direct
2014-02-09,22.6476,125497,HDFC Top 100 Direct
2014-01-09,22.5292,125497,HDFC Top 100 Direct
2014-12-08,20.9523,125497,HDFC Top 100 Direct
2014-11-08,21.0294,125497,HDFC Top 100 Direct
2014-08-08,20.9051,125497,HDFC Top 100 Direct
2014-07-08,21.1366,125497,HDFC Top 100 Direct
2014-06-08,21.2068,125497,HDFC Top 100 Direct
2014-05-08,21.1792,125497,HDFC Top 100 Direct
2014-04-08,21.1423,125497,HDFC Top 100 Direct
2014-01-08,20.8274,125497,HDFC Top 100 Direct
2014-11-07,19.8392,125497,HDFC Top 100 Direct
2014-10-07,20.1881,125497,HDFC Top 100 Direct
2014-09-07,20.1567,125497,HDFC Top 100 Direct
2014-08-07,20.4515,125497,HDFC Top 100 Direct
2014-07-07,20.9874,125497,HDFC Top 100 Direct
2014-04-07,20.7887,125497,HDFC Top 100 Direct
2014-03-07,20.539,125497,HDFC Top 100 Direct
2014-02-07,20.3994,125497,HDFC Top 100 Direct
2014-01-07,20.2237,125497,HDFC Top 100 Direct
2014-12-06,18.9265,125497,HDFC Top 100 Direct
2014-11-06,18.7536,125497,HDFC Top 100 Direct
2014-10-06,18.9611,125497,HDFC Top 100 Direct
2014-09-06,18.8095,125497,HDFC Top 100 Direct
2014-06-06,18.5395,125497,HDFC Top 100 Direct
2014-05-06,18.2638,125497,HDFC Top 100 Direct
2014-04-06,18.0406,125497,HDFC Top 100 Direct
2014-03-06,17.7281,125497,HDFC Top 100 Direct
2014-02-06,17.7284,125497,HDFC Top 100 Direct
2014-12-05,16.236,125497,HDFC Top 100 Direct
2014-09-05,16.2665,125497,HDFC Top 100 Direct
2014-08-05,16.2601,125497,HDFC Top 100 Direct
2014-07-05,16.2031,125497,HDFC Top 100 Direct
2014-06-05,16.2026,125497,HDFC Top 100 Direct
2014-05-05,16.1466,125497,HDFC Top 100 Direct
2014-02-05,16.1784,125497,HDFC Top 100 Direct
2014-11-04,15.8805,125497,HDFC Top 100 Direct
2014-10-04,15.7832,125497,HDFC Top 100 Direct
2014-09-04,15.7721,125497,HDFC Top 100 Direct
2014-07-04,15.7238,125497,HDFC Top 100 Direct
2014-04-04,15.6554,125497,HDFC Top 100 Direct
2014-03-04,15.5016,125497,HDFC Top 100 Direct
2014-02-04,15.5261,125497,HDFC Top 100 Direct
2014-01-04,15.3236,125497,HDFC Top 100 Direct
2014-12-03,14.7175,125497,HDFC Top 100 Direct
2014-11-03,14.6449,125497,HDFC Top 100 Direct
2014-10-03,14.5576,125497,HDFC Top 100 Direct
2014-07-03,14.5275,125497,HDFC Top 100 Direct
2014-06-03,14.6678,125497,HDFC Top 100 Direct
2014-05-03,14.5448,125497,HDFC Top 100 Direct
2014-04-03,14.4166,125497,HDFC Top 100 Direct
2014-03-03,14.2753,125497,HDFC Top 100 Direct
2014-12-02,13.6874,125497,HDFC Top 100 Direct
2014-11-02,13.6983,125497,HDFC Top 100 Direct
2014-10-02,13.7402,125497,HDFC Top 100 Direct
2014-07-02,13.5552,125497,HDFC Top 100 Direct
2014-06-02,13.5883,125497,HDFC Top 100 Direct
2014-05-02,13.5431,125497,HDFC Top 100 Direct
2014-04-02,13.4717,125497,HDFC Top 100 Direct
2014-03-02,13.4995,125497,HDFC Top 100 Direct
2014-10-01,13.8143,125497,HDFC Top 100 Direct
2014-09-01,13.8644,125497,HDFC Top 100 Direct
2014-08-01,14.0081,125497,HDFC Top 100 Direct
2014-07-01,13.9214,125497,HDFC Top 100 Direct
2014-06-01,13.8568,125497,HDFC Top 100 Direct
2014-03-01,13.8494,125497,HDFC Top 100 Direct
2014-02-01,13.7553,125497,HDFC Top 100 Direct
2014-01-01,13.7418,125497,HDFC Top 100 Direct
2013-12-12,13.0021,125497,HDFC Top 100 Direct
2013-11-12,13.0129,125497,HDFC Top 100 Direct
2013-10-12,13.0325,125497,HDFC Top 100 Direct
2013-09-12,13.0282,125497,HDFC Top 100 Direct
2013-06-12,13.0439,125497,HDFC Top 100 Direct
2013-05-12,13.0319,125497,HDFC Top 100 Direct
2013-04-12,12.9799,125497,HDFC Top 100 Direct
2013-03-12,13.0048,125497,HDFC Top 100 Direct
2013-02-12,13.0012,125497,HDFC Top 100 Direct
2026-01-06,104.7025,119551,SBI Bluechip
2026-12-05,104.7585,119551,SBI Bluechip
2026-11-05,104.8053,119551,SBI Bluechip
2026-08-05,104.8696,119551,SBI Bluechip
2026-07-05,104.8762,119551,SBI Bluechip
2026-06-05,104.8043,119551,SBI Bluechip
2026-05-05,104.6166,119551,SBI Bluechip
2026-04-05,104.6544,119551,SBI Bluechip
2026-10-04,104.5956,119551,SBI Bluechip
2026-09-04,104.515,119551,SBI Bluechip
2026-08-04,104.3919,119551,SBI Bluechip
2026-07-04,103.9918,119551,SBI Bluechip
2026-06-04,103.9142,119551,SBI Bluechip
2026-02-04,103.8813,119551,SBI Bluechip
2026-12-03,110.9898,119551,SBI Bluechip
2026-11-03,111.1072,119551,SBI Bluechip
2026-10-03,111.0484,119551,SBI Bluechip
2026-09-03,110.9193,119551,SBI Bluechip
2026-06-03,111.0395,119551,SBI Bluechip
2026-05-03,111.0534,119551,SBI Bluechip
2026-04-03,110.9499,119551,SBI Bluechip
2026-02-03,111.0653,119551,SBI Bluechip
2026-12-02,110.6309,119551,SBI Bluechip
2026-11-02,110.5056,119551,SBI Bluechip
2026-10-02,110.4293,119551,SBI Bluechip
2026-09-02,110.4233,119551,SBI Bluechip
2026-06-02,110.4173,119551,SBI Bluechip
2026-05-02,110.5985,119551,SBI Bluechip
2026-04-02,110.4477,119551,SBI Bluechip
2026-03-02,110.296,119551,SBI Bluechip
2026-02-02,110.1537,119551,SBI Bluechip
2026-12-01,110.2974,119551,SBI Bluechip
2026-09-01,110.2327,119551,SBI Bluechip
2026-08-01,110.2218,119551,SBI Bluechip
2026-07-01,110.2175,119551,SBI Bluechip
2026-06-01,110.2647,119551,SBI Bluechip
2026-05-01,110.2498,119551,SBI Bluechip
2026-02-01,110.3333,119551,SBI Bluechip
2026-01-01,110.3493,119551,SBI Bluechip
2025-12-12,110.0652,119551,SBI Bluechip
2025-11-12,110.0609,119551,SBI Bluechip
2025-10-12,110.0466,119551,SBI Bluechip
2025-09-12,110.1852,119551,SBI Bluechip
2025-08-12,110.3299,119551,SBI Bluechip
2025-05-12,110.3373,119551,SBI Bluechip
2025-04-12,110.235,119551,SBI Bluechip
2025-03-12,110.2362,119551,SBI Bluechip
2025-02-12,110.2349,119551,SBI Bluechip
2025-01-12,110.211,119551,SBI Bluechip
2025-12-11,109.9947,119551,SBI Bluechip
2025-11-11,109.961,119551,SBI Bluechip
2025-10-11,109.925,119551,SBI Bluechip
2025-07-11,109.8609,119551,SBI Bluechip
2025-06-11,109.8337,119551,SBI Bluechip
2025-04-11,109.7941,119551,SBI Bluechip
2025-03-11,109.7548,119551,SBI Bluechip
2025-10-10,109.2852,119551,SBI Bluechip
2025-09-10,109.2597,119551,SBI Bluechip
2025-08-10,109.2524,119551,SBI Bluechip
2025-07-10,109.2045,119551,SBI Bluechip
2025-06-10,109.0926,119551,SBI Bluechip
2025-03-10,108.9591,119551,SBI Bluechip
2025-01-10,108.8285,119551,SBI Bluechip
2025-12-09,108.4006,119551,SBI Bluechip
2025-11-09,108.369,119551,SBI Bluechip
2025-10-09,108.3574,119551,SBI Bluechip
2025-09-09,108.3519,119551,SBI Bluechip
2025-05-09,108.245,119551,SBI Bluechip
2025-04-09,108.1379,119551,SBI Bluechip
2025-03-09,108.0471,119551,SBI Bluechip
2025-02-09,108.0088,119551,SBI Bluechip
2025-01-09,108.0373,119551,SBI Bluechip
2025-12-08,108.049,119551,SBI Bluechip
2025-11-08,108.2018,119551,SBI Bluechip
2025-08-08,108.2726,119551,SBI Bluechip
2025-07-08,108.2611,119551,SBI Bluechip
2025-06-08,108.2153,119551,SBI Bluechip
2025-05-08,108.4412,119551,SBI Bluechip
2025-04-08,108.4355,119551,SBI Bluechip
2025-01-08,108.2952,119551,SBI Bluechip
2025-11-07,107.9125,119551,SBI Bluechip
2025-10-07,107.8928,119551,SBI Bluechip
2025-09-07,107.8924,119551,SBI Bluechip
2025-08-07,107.9198,119551,SBI Bluechip
2025-07-07,107.9243,119551,SBI Bluechip
2025-04-07,107.8466,119551,SBI Bluechip
2025-03-07,107.8552,119551,SBI Bluechip
2025-02-07,107.7677,119551,SBI Bluechip
2025-01-07,107.6624,119551,SBI Bluechip
2025-12-06,107.4825,119551,SBI Bluechip
2025-11-06,107.5439,119551,SBI Bluechip
2025-10-06,107.6421,119551,SBI Bluechip
2025-09-06,107.886,119551,SBI Bluechip
2025-06-06,108.0092,119551,SBI Bluechip
2025-05-06,107.7812,119551,SBI Bluechip
2025-04-06,107.7469,119551,SBI Bluechip
2025-03-06,107.7345,119551,SBI Bluechip
2025-02-06,107.7103,119551,SBI Bluechip
2025-09-05,106.2789,119551,SBI Bluechip
2025-08-05,106.3466,119551,SBI Bluechip
2025-07-05,106.5585,119551,SBI Bluechip
2025-06-05,106.5085,119551,SBI Bluechip
2025-05-05,106.5451,119551,SBI Bluechip
2025-02-05,106.4573,119551,SBI Bluechip
2025-11-04,105.7166,119551,SBI Bluechip
2025-09-04,105.595,119551,SBI Bluechip
2025-08-04,105.4798,119551,SBI Bluechip
2025-07-04,105.4895,119551,SBI Bluechip
2025-04-04,105.4731,119551,SBI Bluechip
2025-03-04,105.407,119551,SBI Bluechip
2025-02-04,105.2693,119551,SBI Bluechip
2025-12-03,103.6937,119551,SBI Bluechip
2025-11-03,103.6633,119551,SBI Bluechip
2025-10-03,103.6318,119551,SBI Bluechip
2025-07-03,103.5932,119551,SBI Bluechip
2025-06-03,103.577,119551,SBI Bluechip
2025-05-03,103.5156,119551,SBI Bluechip
2025-04-03,103.4961,119551,SBI Bluechip
2025-03-03,103.4915,119551,SBI Bluechip
2025-12-02,103.3327,119551,SBI Bluechip
2025-11-02,103.3491,119551,SBI Bluechip
2025-10-02,103.3119,119551,SBI Bluechip
2025-07-02,103.2983,119551,SBI Bluechip
2025-06-02,103.3557,119551,SBI Bluechip
2025-05-02,103.2887,119551,SBI Bluechip
2025-04-02,103.2096,119551,SBI Bluechip
2025-03-02,103.2079,119551,SBI Bluechip
2025-10-01,102.5788,119551,SBI Bluechip
2025-09-01,102.5669,119551,SBI Bluechip
2025-08-01,102.5842,119551,SBI Bluechip
2025-07-01,102.5942,119551,SBI Bluechip
2025-06-01,102.5428,119551,SBI Bluechip
2025-03-01,102.4734,119551,SBI Bluechip
2025-02-01,102.4411,119551,SBI Bluechip
2025-01-01,102.4373,119551,SBI Bluechip
2024-12-12,108.76,119551,SBI Bluechip
2024-11-12,108.7714,119551,SBI Bluechip
2024-10-12,108.7512,119551,SBI Bluechip
2024-09-12,108.7124,119551,SBI Bluechip
2024-06-12,108.6492,119551,SBI Bluechip
2024-05-12,108.7127,119551,SBI Bluechip
2024-04-12,108.6652,119551,SBI Bluechip
2024-03-12,108.5772,119551,SBI Bluechip
2024-02-12,108.547,119551,SBI Bluechip
2024-12-11,108.0534,119551,SBI Bluechip
2024-11-11,108.0457,119551,SBI Bluechip
2024-08-11,107.9884,119551,SBI Bluechip
2024-07-11,107.9237,119551,SBI Bluechip
2024-06-11,107.8879,119551,SBI Bluechip
2024-05-11,107.8874,119551,SBI Bluechip
2024-04-11,107.8739,119551,SBI Bluechip
2024-11-10,107.5265,119551,SBI Bluechip
2024-10-10,107.504,119551,SBI Bluechip
2024-09-10,107.4772,119551,SBI Bluechip
2024-08-10,107.3126,119551,SBI Bluechip
2024-07-10,107.2487,119551,SBI Bluechip
2024-04-10,107.2257,119551,SBI Bluechip
2024-03-10,107.3076,119551,SBI Bluechip
2024-01-10,107.3237,119551,SBI Bluechip
2024-12-09,106.5827,119551,SBI Bluechip
2024-11-09,106.5512,119551,SBI Bluechip
2024-10-09,106.4902,119551,SBI Bluechip
2024-09-09,106.4667,119551,SBI Bluechip
2024-06-09,106.4146,119551,SBI Bluechip
2024-05-09,106.4059,119551,SBI Bluechip
2024-04-09,106.3754,119551,SBI Bluechip
2024-03-09,106.3329,119551,SBI Bluechip
2024-02-09,106.3054,119551,SBI Bluechip
2024-12-08,105.8262,119551,SBI Bluechip
2024-09-08,105.7861,119551,SBI Bluechip
2024-08-08,105.7637,119551,SBI Bluechip
2024-07-08,105.7549,119551,SBI Bluechip
2024-06-08,105.7253,119551,SBI Bluechip
2024-05-08,105.7262,119551,SBI Bluechip
2024-02-08,105.5909,119551,SBI Bluechip
2024-01-08,105.5455,119551,SBI Bluechip
2024-12-07,104.9292,119551,SBI Bluechip
2024-11-07,104.9227,119551,SBI Bluechip
2024-10-07,104.9009,119551,SBI Bluechip
2024-09-07,104.8761,119551,SBI Bluechip
2024-08-07,104.8485,119551,SBI Bluechip
2024-05-07,104.7786,119551,SBI Bluechip
2024-04-07,104.745,119551,SBI Bluechip
2024-03-07,104.7114,119551,SBI Bluechip
2024-02-07,104.6724,119551,SBI Bluechip
2024-01-07,104.6276,119551,SBI Bluechip
2024-12-06,104.1778,119551,SBI Bluechip
2024-11-06,104.1556,119551,SBI Bluechip
2024-10-06,104.0928,119551,SBI Bluechip
2024-07-06,104.0351,119551,SBI Bluechip
2024-06-06,103.9979,119551,SBI Bluechip
2024-05-06,103.9001,119551,SBI Bluechip
2024-04-06,103.8414,119551,SBI Bluechip
2024-03-06,104.0983,119551,SBI Bluechip
2024-10-05,103.3607,119551,SBI Bluechip
2024-09-05,103.3271,119551,SBI Bluechip
2024-08-05,103.3191,119551,SBI Bluechip
2024-07-05,103.3251,119551,SBI Bluechip
2024-06-05,103.3135,119551,SBI Bluechip
2024-03-05,103.16,119551,SBI Bluechip
2024-02-05,103.1097,119551,SBI Bluechip
2024-12-04,102.7853,119551,SBI Bluechip
2024-10-04,102.8998,119551,SBI Bluechip
2024-08-04,102.7894,119551,SBI Bluechip
2024-05-04,102.8278,119551,SBI Bluechip
2024-04-04,102.831,119551,SBI Bluechip
2024-03-04,102.7932,119551,SBI Bluechip
2024-02-04,102.7608,119551,SBI Bluechip
2024-12-03,110.1246,119551,SBI Bluechip
2024-11-03,110.12,119551,SBI Bluechip
2024-07-03,109.9624,119551,SBI Bluechip
2024-06-03,109.9177,119551,SBI Bluechip
2024-05-03,109.8552,119551,SBI Bluechip
2024-04-03,109.8436,119551,SBI Bluechip
2024-01-03,109.7834,119551,SBI Bluechip
2024-12-02,109.3183,119551,SBI Bluechip
2024-09-02,109.2569,119551,SBI Bluechip
2024-08-02,109.2929,119551,SBI Bluechip
2024-07-02,109.2938,119551,SBI Bluechip
2024-06-02,109.2489,119551,SBI Bluechip
2024-05-02,109.2279,119551,SBI Bluechip
2024-02-02,109.2484,119551,SBI Bluechip
2024-01-02,109.1334,119551,SBI Bluechip
2024-12-01,108.5277,119551,SBI Bluechip
2024-11-01,108.4768,119551,SBI Bluechip
2024-10-01,108.4687,119551,SBI Bluechip
2024-09-01,108.4351,119551,SBI Bluechip
2024-08-01,108.4013,119551,SBI Bluechip
2024-05-01,108.2934,119551,SBI Bluechip
2024-04-01,108.3068,119551,SBI Bluechip
2024-03-01,108.3033,119551,SBI Bluechip
2024-02-01,108.302,119551,SBI Bluechip
2024-01-01,108.2962,119551,SBI Bluechip
2023-12-12,115.7387,119551,SBI Bluechip
2023-11-12,115.7213,119551,SBI Bluechip
2023-08-12,115.6975,119551,SBI Bluechip
2023-07-12,115.7012,119551,SBI Bluechip
2023-06-12,115.6714,119551,SBI Bluechip
2023-05-12,115.6087,119551,SBI Bluechip
2023-04-12,115.5786,119551,SBI Bluechip
2023-01-12,115.4928,119551,SBI Bluechip
2023-10-11,115.1099,119551,SBI Bluechip
2023-09-11,115.1482,119551,SBI Bluechip
2023-08-11,115.097,119551,SBI Bluechip
2023-07-11,115.0481,119551,SBI Bluechip
2023-06-11,114.9939,119551,SBI Bluechip
2023-03-11,114.9185,119551,SBI Bluechip
2023-02-11,114.8598,119551,SBI Bluechip
2023-01-11,114.7619,119551,SBI Bluechip
2023-12-10,114.4277,119551,SBI Bluechip
2023-11-10,114.3772,119551,SBI Bluechip
2023-10-10,114.2773,119551,SBI Bluechip
2023-09-10,114.2335,119551,SBI Bluechip
2023-06-10,114.2282,119551,SBI Bluechip
2023-05-10,114.5152,119551,SBI Bluechip
2023-04-10,114.4301,119551,SBI Bluechip
2023-03-10,114.4257,119551,SBI Bluechip
2023-12-09,114.0096,119551,SBI Bluechip
2023-11-09,114.0239,119551,SBI Bluechip
2023-08-09,114.0015,119551,SBI Bluechip
2023-07-09,114.0437,119551,SBI Bluechip
2023-06-09,113.9571,119551,SBI Bluechip
2023-05-09,113.9984,119551,SBI Bluechip
2023-04-09,113.9843,119551,SBI Bluechip
2023-01-09,113.9205,119551,SBI Bluechip
2023-11-08,113.4328,119551,SBI Bluechip
2023-10-08,113.4695,119551,SBI Bluechip
2023-09-08,113.4446,119551,SBI Bluechip
2023-08-08,113.4097,119551,SBI Bluechip
2023-07-08,113.4145,119551,SBI Bluechip
2023-04-08,113.3024,119551,SBI Bluechip
2023-03-08,113.3366,119551,SBI Bluechip
2023-02-08,113.371,119551,SBI Bluechip
2023-01-08,113.3502,119551,SBI Bluechip
2023-12-07,112.8785,119551,SBI Bluechip
2023-11-07,112.879,119551,SBI Bluechip
2023-10-07,112.7947,119551,SBI Bluechip
2023-07-07,112.7417,119551,SBI Bluechip
2023-06-07,112.7607,119551,SBI Bluechip
2023-05-07,112.7734,119551,SBI Bluechip
2023-04-07,112.7332,119551,SBI Bluechip
2023-03-07,112.6779,119551,SBI Bluechip
2023-12-06,112.4181,119551,SBI Bluechip
2023-09-06,112.3662,119551,SBI Bluechip
2023-08-06,112.3995,119551,SBI Bluechip
2023-07-06,112.4241,119551,SBI Bluechip
2023-06-06,112.3976,119551,SBI Bluechip
2023-05-06,112.35,119551,SBI Bluechip
2023-02-06,112.3136,119551,SBI Bluechip
2023-01-06,112.3041,119551,SBI Bluechip
2023-12-05,111.7357,119551,SBI Bluechip
2023-11-05,111.6912,119551,SBI Bluechip
2023-10-05,111.6632,119551,SBI Bluechip
2023-09-05,111.6494,119551,SBI Bluechip
2023-08-05,111.6462,119551,SBI Bluechip
2023-04-05,111.556,119551,SBI Bluechip
2023-03-05,111.534,119551,SBI Bluechip
2023-02-05,111.4551,119551,SBI Bluechip
2023-12-04,110.9134,119551,SBI Bluechip
2023-11-04,110.847,119551,SBI Bluechip
2023-10-04,110.8339,119551,SBI Bluechip
2023-06-04,110.7692,119551,SBI Bluechip
2023-05-04,110.5493,119551,SBI Bluechip
2023-03-04,110.4369,119551,SBI Bluechip
2023-10-03,109.5769,119551,SBI Bluechip
2023-09-03,109.541,119551,SBI Bluechip
2023-08-03,109.5103,119551,SBI Bluechip
2023-06-03,109.5313,119551,SBI Bluechip
2023-03-03,109.4874,119551,SBI Bluechip
2023-02-03,109.447,119551,SBI Bluechip
2023-01-03,109.43,119551,SBI Bluechip
2023-10-02,109.2412,119551,SBI Bluechip
2023-09-02,109.2446,119551,SBI Bluechip
2023-08-02,109.2472,119551,SBI Bluechip
2023-07-02,109.2826,119551,SBI Bluechip
2023-06-02,109.2662,119551,SBI Bluechip
2023-03-02,109.2425,119551,SBI Bluechip
2023-02-02,109.2186,119551,SBI Bluechip
2023-01-02,109.1849,119551,SBI Bluechip
2023-12-01,108.8154,119551,SBI Bluechip
2023-11-01,108.7682,119551,SBI Bluechip
2023-10-01,108.7409,119551,SBI Bluechip
2023-09-01,108.7189,119551,SBI Bluechip
2023-06-01,108.6235,119551,SBI Bluechip
2023-05-01,108.6405,119551,SBI Bluechip
2023-04-01,108.6262,119551,SBI Bluechip
2023-03-01,108.627,119551,SBI Bluechip
2023-02-01,108.5922,119551,SBI Bluechip
2022-12-12,108.2614,119551,SBI Bluechip
2022-09-12,108.1868,119551,SBI Bluechip
2022-08-12,108.1783,119551,SBI Bluechip
2022-07-12,108.1551,119551,SBI Bluechip
2022-06-12,108.1762,119551,SBI Bluechip
2022-05-12,108.1499,119551,SBI Bluechip
2022-02-12,108.0988,119551,SBI Bluechip
2022-01-12,108.0832,119551,SBI Bluechip
2022-11-11,107.6105,119551,SBI Bluechip
2022-10-11,107.5243,119551,SBI Bluechip
2022-09-11,107.4581,119551,SBI Bluechip
2022-07-11,107.3633,119551,SBI Bluechip
2022-04-11,107.307,119551,SBI Bluechip
2022-03-11,107.2944,119551,SBI Bluechip
2022-02-11,107.303,119551,SBI Bluechip
2022-01-11,107.2818,119551,SBI Bluechip
2022-12-10,106.808,119551,SBI Bluechip
2022-11-10,106.782,119551,SBI Bluechip
2022-10-10,106.8233,119551,SBI Bluechip
2022-07-10,106.8408,119551,SBI Bluechip
2022-06-10,106.8875,119551,SBI Bluechip
2022-04-10,106.8856,119551,SBI Bluechip
2022-03-10,106.8261,119551,SBI Bluechip
2022-12-09,106.954,119551,SBI Bluechip
2022-09-09,106.9116,119551,SBI Bluechip
2022-08-09,106.9005,119551,SBI Bluechip
2022-07-09,106.8681,119551,SBI Bluechip
2022-06-09,106.8291,119551,SBI Bluechip
2022-05-09,106.8191,119551,SBI Bluechip
2022-02-09,106.7705,119551,SBI Bluechip
2022-01-09,106.7475,119551,SBI Bluechip
2022-12-08,106.3294,119551,SBI Bluechip
2022-11-08,106.3209,119551,SBI Bluechip
2022-10-08,106.2542,119551,SBI Bluechip
2022-08-08,106.1541,119551,SBI Bluechip
2022-05-08,106.1086,119551,SBI Bluechip
2022-04-08,106.2254,119551,SBI Bluechip
2022-03-08,106.15,119551,SBI Bluechip
2022-02-08,106.1993,119551,SBI Bluechip
2022-01-08,106.1219,119551,SBI Bluechip
2022-12-07,105.7093,119551,SBI Bluechip
2022-11-07,105.672,119551,SBI Bluechip
2022-08-07,105.6723,119551,SBI Bluechip
2022-07-07,105.7041,119551,SBI Bluechip
2022-06-07,105.7065,119551,SBI Bluechip
2022-05-07,105.5371,119551,SBI Bluechip
2022-04-07,105.4884,119551,SBI Bluechip
2022-01-07,105.3963,119551,SBI Bluechip
2022-10-06,112.6848,119551,SBI Bluechip
2022-09-06,112.6487,119551,SBI Bluechip
2022-08-06,112.5902,119551,SBI Bluechip
2022-07-06,112.4553,119551,SBI Bluechip
2022-06-06,112.53,119551,SBI Bluechip
2022-03-06,112.5469,119551,SBI Bluechip
2022-02-06,112.579,119551,SBI Bluechip
2022-01-06,112.5519,119551,SBI Bluechip
2022-12-05,112.433,119551,SBI Bluechip
2022-11-05,112.3991,119551,SBI Bluechip
2022-10-05,112.3479,119551,SBI Bluechip
2022-09-05,112.2672,119551,SBI Bluechip
2022-06-05,112.244,119551,SBI Bluechip
2022-05-05,112.3588,119551,SBI Bluechip
2022-04-05,112.4331,119551,SBI Bluechip
2022-02-05,113.1319,119551,SBI Bluechip
2022-12-04,112.8405,119551,SBI Bluechip
2022-11-04,112.8479,119551,SBI Bluechip
2022-08-04,112.9062,119551,SBI Bluechip
2022-07-04,113.1825,119551,SBI Bluechip
2022-06-04,113.1607,119551,SBI Bluechip
2022-05-04,113.1661,119551,SBI Bluechip
2022-04-04,113.1171,119551,SBI Bluechip
2022-11-03,121.6652,119551,SBI Bluechip
2022-10-03,121.6699,119551,SBI Bluechip
2022-09-03,121.6144,119551,SBI Bluechip
2022-08-03,121.5935,119551,SBI Bluechip
2022-07-03,121.6023,119551,SBI Bluechip
2022-04-03,121.6603,119551,SBI Bluechip
2022-03-03,121.6296,119551,SBI Bluechip
2022-02-03,121.665,119551,SBI Bluechip
2022-11-02,121.5265,119551,SBI Bluechip
2022-10-02,121.4458,119551,SBI Bluechip
2022-09-02,121.2257,119551,SBI Bluechip
2022-08-02,121.1629,119551,SBI Bluechip
2022-04-02,121.0091,119551,SBI Bluechip
2022-03-02,121.0079,119551,SBI Bluechip
2022-02-02,120.9797,119551,SBI Bluechip
2022-01-02,121.041,119551,SBI Bluechip
2022-12-01,121.0236,119551,SBI Bluechip
2022-11-01,120.9723,119551,SBI Bluechip
2022-10-01,120.9198,119551,SBI Bluechip
2022-07-01,120.9547,119551,SBI Bluechip
2022-06-01,120.9577,119551,SBI Bluechip
2022-05-01,120.9314,119551,SBI Bluechip
2022-04-01,120.9326,119551,SBI Bluechip
2022-03-01,120.9791,119551,SBI Bluechip
2021-10-12,132.1656,119551,SBI Bluechip
2021-09-12,132.162,119551,SBI Bluechip
2021-08-12,132.1611,119551,SBI Bluechip
2021-07-12,132.0998,119551,SBI Bluechip
2021-06-12,132.0903,119551,SBI Bluechip
2021-03-12,132.0162,119551,SBI Bluechip
2021-02-12,132.0146,119551,SBI Bluechip
2021-01-12,131.9697,119551,SBI Bluechip
2021-12-11,131.6894,119551,SBI Bluechip
2021-11-11,131.6866,119551,SBI Bluechip
2021-10-11,131.659,119551,SBI Bluechip
2021-09-11,131.6599,119551,SBI Bluechip
2021-08-11,131.6163,119551,SBI Bluechip
2021-03-11,131.4386,119551,SBI Bluechip
2021-02-11,131.3907,119551,SBI Bluechip
2021-01-11,131.3951,119551,SBI Bluechip
2021-12-10,131.2981,119551,SBI Bluechip
2021-11-10,131.2562,119551,SBI Bluechip
2021-08-10,131.2335,119551,SBI Bluechip
2021-07-10,131.2265,119551,SBI Bluechip
2021-06-10,131.2459,119551,SBI Bluechip
2021-05-10,131.2616,119551,SBI Bluechip
2021-04-10,131.3094,119551,SBI Bluechip
2021-01-10,131.2393,119551,SBI Bluechip
2021-09-09,144.0574,119551,SBI Bluechip
2021-08-09,144.0275,119551,SBI Bluechip
2021-07-09,144.0042,119551,SBI Bluechip
2021-06-09,144.0148,119551,SBI Bluechip
2021-03-09,143.9699,119551,SBI Bluechip
2021-02-09,143.9444,119551,SBI Bluechip
2021-01-09,143.8746,119551,SBI Bluechip
2021-12-08,143.136,119551,SBI Bluechip
2021-11-08,143.0625,119551,SBI Bluechip
2021-10-08,143.0486,119551,SBI Bluechip
2021-09-08,142.9661,119551,SBI Bluechip
2021-06-08,142.91,119551,SBI Bluechip
2021-05-08,143.021,119551,SBI Bluechip
2021-04-08,142.9647,119551,SBI Bluechip
2021-03-08,142.9404,119551,SBI Bluechip
2021-02-08,142.9005,119551,SBI Bluechip
2021-12-07,142.1602,119551,SBI Bluechip
2021-09-07,142.2029,119551,SBI Bluechip
2021-08-07,142.1696,119551,SBI Bluechip
2021-07-07,142.0218,119551,SBI Bluechip
2021-06-07,141.942,119551,SBI Bluechip
2021-05-07,142.0229,119551,SBI Bluechip
2021-02-07,141.9245,119551,SBI Bluechip
2021-01-07,141.9515,119551,SBI Bluechip
2021-11-06,155.3755,119551,SBI Bluechip
2021-10-06,155.3161,119551,SBI Bluechip
2021-09-06,155.2699,119551,SBI Bluechip
2021-08-06,155.1383,119551,SBI Bluechip
2021-07-06,155.1117,119551,SBI Bluechip
2021-04-06,154.9869,119551,SBI Bluechip
2021-03-06,154.9384,119551,SBI Bluechip
2021-02-06,154.8632,119551,SBI Bluechip
2021-01-06,154.8506,119551,SBI Bluechip
2021-12-05,154.3311,119551,SBI Bluechip
2021-11-05,154.341,119551,SBI Bluechip
2021-10-05,154.2372,119551,SBI Bluechip
2021-07-05,154.1903,119551,SBI Bluechip
2021-06-05,154.1495,119551,SBI Bluechip
2021-05-05,154.1232,119551,SBI Bluechip
2021-04-05,154.0742,119551,SBI Bluechip
2021-03-05,154.0501,119551,SBI Bluechip
2021-12-04,153.3259,119551,SBI Bluechip
2021-09-04,153.2609,119551,SBI Bluechip
2021-08-04,153.1697,119551,SBI Bluechip
2021-07-04,153.1454,119551,SBI Bluechip
2021-06-04,153.2101,119551,SBI Bluechip
2021-05-04,153.0069,119551,SBI Bluechip
2021-12-03,151.6323,119551,SBI Bluechip
2021-10-03,151.712,119551,SBI Bluechip
2021-09-03,151.7148,119551,SBI Bluechip
2021-08-03,151.7216,119551,SBI Bluechip
2021-05-03,151.6682,119551,SBI Bluechip
2021-04-03,151.6971,119551,SBI Bluechip
2021-03-03,151.6682,119551,SBI Bluechip
2021-02-03,151.6292,119551,SBI Bluechip
2021-01-03,151.5474,119551,SBI Bluechip
2021-12-02,159.745,119551,SBI Bluechip
2021-11-02,159.676,119551,SBI Bluechip
2021-10-02,159.5324,119551,SBI Bluechip
2021-09-02,159.5233,119551,SBI Bluechip
2021-08-02,159.6672,119551,SBI Bluechip
2021-05-02,159.5631,119551,SBI Bluechip
2021-04-02,159.7473,119551,SBI Bluechip
2021-03-02,159.7469,119551,SBI Bluechip
2021-02-02,159.6745,119551,SBI Bluechip
2021-01-02,160.0612,119551,SBI Bluechip
2021-12-01,160.9495,119551,SBI Bluechip
2021-11-01,161.1259,119551,SBI Bluechip
2021-08-01,161.3775,119551,SBI Bluechip
2021-07-01,161.2821,119551,SBI Bluechip
2021-06-01,161.2295,119551,SBI Bluechip
2021-05-01,161.2313,119551,SBI Bluechip
2021-04-01,161.0439,119551,SBI Bluechip
2021-01-01,160.8997,119551,SBI Bluechip
2020-11-12,160.2922,119551,SBI Bluechip
2020-10-12,160.344,119551,SBI Bluechip
2020-09-12,160.3147,119551,SBI Bluechip
2020-08-12,160.3514,119551,SBI Bluechip
2020-07-12,160.3502,119551,SBI Bluechip
2020-04-12,160.3103,119551,SBI Bluechip
2020-03-12,160.1281,119551,SBI Bluechip
2020-02-12,160.1204,119551,SBI Bluechip
2020-01-12,160.2519,119551,SBI Bluechip
2020-12-11,159.3624,119551,SBI Bluechip
2020-11-11,159.2531,119551,SBI Bluechip
2020-10-11,159.229,119551,SBI Bluechip
2020-09-11,159.2568,119551,SBI Bluechip
2020-06-11,159.2468,119551,SBI Bluechip
2020-05-11,159.1355,119551,SBI Bluechip
2020-04-11,158.9374,119551,SBI Bluechip
2020-03-11,158.9366,119551,SBI Bluechip
2020-02-11,158.9295,119551,SBI Bluechip
2020-12-10,157.882,119551,SBI Bluechip
2020-09-10,157.7498,119551,SBI Bluechip
2020-08-10,157.086,119551,SBI Bluechip
2020-07-10,156.9459,119551,SBI Bluechip
2020-06-10,156.8394,119551,SBI Bluechip
2020-05-10,156.763,119551,SBI Bluechip
2020-01-10,156.6388,119551,SBI Bluechip
2020-11-09,156.1152,119551,SBI Bluechip
2020-10-09,156.1513,119551,SBI Bluechip
2020-09-09,156.2123,119551,SBI Bluechip
2020-08-09,156.1916,119551,SBI Bluechip
2020-07-09,156.5535,119551,SBI Bluechip
2020-04-09,156.774,119551,SBI Bluechip
2020-03-09,156.7417,119551,SBI Bluechip
2020-02-09,156.5163,119551,SBI Bluechip
2020-01-09,156.4621,119551,SBI Bluechip
2020-12-08,156.1023,119551,SBI Bluechip
2020-11-08,156.1703,119551,SBI Bluechip
2020-10-08,156.1579,119551,SBI Bluechip
2020-07-08,156.1963,119551,SBI Bluechip
2020-06-08,156.273,119551,SBI Bluechip
2020-05-08,156.4515,119551,SBI Bluechip
2020-04-08,156.4151,119551,SBI Bluechip
2020-03-08,156.3569,119551,SBI Bluechip
2020-10-07,155.929,119551,SBI Bluechip
2020-09-07,155.6112,119551,SBI Bluechip
2020-08-07,155.4959,119551,SBI Bluechip
2020-07-07,155.2208,119551,SBI Bluechip
2020-06-07,154.9799,119551,SBI Bluechip
2020-03-07,154.7628,119551,SBI Bluechip
2020-02-07,154.6381,119551,SBI Bluechip
2020-01-07,154.4707,119551,SBI Bluechip
2020-12-06,152.1202,119551,SBI Bluechip
2020-11-06,152.0797,119551,SBI Bluechip
2020-10-06,151.9285,119551,SBI Bluechip
2020-09-06,151.8323,119551,SBI Bluechip
2020-08-06,151.7545,119551,SBI Bluechip
2020-05-06,151.7947,119551,SBI Bluechip
2020-04-06,151.7144,119551,SBI Bluechip
2020-03-06,151.7291,119551,SBI Bluechip
2020-02-06,151.5887,119551,SBI Bluechip
2020-01-06,151.7027,119551,SBI Bluechip
2020-12-05,149.9687,119551,SBI Bluechip
2020-11-05,149.6699,119551,SBI Bluechip
2020-08-05,150.1326,119551,SBI Bluechip
2020-06-05,149.8549,119551,SBI Bluechip
2020-05-05,149.4229,119551,SBI Bluechip
2020-04-05,149.0855,119551,SBI Bluechip
2020-09-04,146.4196,119551,SBI Bluechip
2020-08-04,146.4112,119551,SBI Bluechip
2020-07-04,147.1769,119551,SBI Bluechip
2020-03-04,147.8815,119551,SBI Bluechip
2020-12-03,147.1302,119551,SBI Bluechip
2020-11-03,147.9299,119551,SBI Bluechip
2020-09-03,148.1911,119551,SBI Bluechip
2020-06-03,148.22,119551,SBI Bluechip
2020-05-03,148.039,119551,SBI Bluechip
2020-04-03,148.0648,119551,SBI Bluechip
2020-03-03,147.6457,119551,SBI Bluechip
2020-02-03,147.6198,119551,SBI Bluechip
2020-12-02,156.5516,119551,SBI Bluechip
2020-11-02,156.5581,119551,SBI Bluechip
2020-10-02,156.5138,119551,SBI Bluechip
2020-07-02,156.3627,119551,SBI Bluechip
2020-06-02,155.9182,119551,SBI Bluechip
2020-05-02,155.3768,119551,SBI Bluechip
2020-04-02,155.3587,119551,SBI Bluechip
2020-03-02,155.2432,119551,SBI Bluechip
2020-10-01,154.1672,119551,SBI Bluechip
2020-09-01,154.2202,119551,SBI Bluechip
2020-08-01,154.127,119551,SBI Bluechip
2020-07-01,154.0751,119551,SBI Bluechip
2020-06-01,154.0036,119551,SBI Bluechip
2020-03-01,154.0323,119551,SBI Bluechip
2020-02-01,153.8742,119551,SBI Bluechip
2020-01-01,153.8193,119551,SBI Bluechip
2019-12-12,152.9682,119551,SBI Bluechip
2019-11-12,152.9832,119551,SBI Bluechip
2019-10-12,153.0738,119551,SBI Bluechip
2019-09-12,153.1183,119551,SBI Bluechip
2019-06-12,153.1405,119551,SBI Bluechip
2019-05-12,153.2483,119551,SBI Bluechip
2019-04-12,153.7405,119551,SBI Bluechip
2019-03-12,153.6259,119551,SBI Bluechip
2019-02-12,153.6046,119551,SBI Bluechip
2019-11-11,152.4214,119551,SBI Bluechip
2019-08-11,152.3985,119551,SBI Bluechip
2019-07-11,152.4911,119551,SBI Bluechip
2019-06-11,152.4607,119551,SBI Bluechip
2019-05-11,152.4692,119551,SBI Bluechip
2019-04-11,152.4901,119551,SBI Bluechip
2019-01-11,152.4285,119551,SBI Bluechip
2019-11-10,150.938,119551,SBI Bluechip
2019-10-10,150.8965,119551,SBI Bluechip
2019-09-10,150.861,119551,SBI Bluechip
2019-07-10,150.8064,119551,SBI Bluechip
2019-04-10,150.7287,119551,SBI Bluechip
2019-03-10,150.7936,119551,SBI Bluechip
2019-01-10,150.5812,119551,SBI Bluechip
2019-12-09,150.3828,119551,SBI Bluechip
2019-11-09,150.4797,119551,SBI Bluechip
2019-09-09,150.5778,119551,SBI Bluechip
2019-06-09,150.3414,119551,SBI Bluechip
2019-05-09,150.4076,119551,SBI Bluechip
2019-04-09,150.4906,119551,SBI Bluechip
2019-03-09,150.4088,119551,SBI Bluechip
2019-09-08,149.4248,119551,SBI Bluechip
2019-08-08,149.6843,119551,SBI Bluechip
2019-07-08,149.5577,119551,SBI Bluechip
2019-06-08,149.4147,119551,SBI Bluechip
2019-05-08,149.2155,119551,SBI Bluechip
2019-02-08,149.3724,119551,SBI Bluechip
2019-01-08,149.0367,119551,SBI Bluechip
2019-12-07,148.2944,119551,SBI Bluechip
2019-11-07,148.2166,119551,SBI Bluechip
2019-10-07,148.0034,119551,SBI Bluechip
2019-09-07,147.8228,119551,SBI Bluechip
2019-08-07,147.8277,119551,SBI Bluechip
2019-05-07,147.2972,119551,SBI Bluechip
2019-04-07,146.9134,119551,SBI Bluechip
2019-03-07,146.678,119551,SBI Bluechip
2019-02-07,146.4817,119551,SBI Bluechip
2019-01-07,146.3903,119551,SBI Bluechip
2019-12-06,145.775,119551,SBI Bluechip
2019-11-06,145.6404,119551,SBI Bluechip
2019-10-06,145.5955,119551,SBI Bluechip
2019-07-06,145.8035,119551,SBI Bluechip
2019-06-06,146.0295,119551,SBI Bluechip
2019-04-06,145.6843,119551,SBI Bluechip
2019-03-06,145.7548,119551,SBI Bluechip
2019-10-05,143.2079,119551,SBI Bluechip
2019-09-05,143.18,119551,SBI Bluechip
2019-08-05,143.1504,119551,SBI Bluechip
2019-07-05,143.0787,119551,SBI Bluechip
2019-06-05,143.0201,119551,SBI Bluechip
2019-03-05,142.9162,119551,SBI Bluechip
2019-02-05,142.9669,119551,SBI Bluechip
2019-12-04,142.8054,119551,SBI Bluechip
2019-11-04,142.8471,119551,SBI Bluechip
2019-10-04,142.9046,119551,SBI Bluechip
2019-09-04,142.8298,119551,SBI Bluechip
2019-08-04,142.8229,119551,SBI Bluechip
2019-05-04,142.9577,119551,SBI Bluechip
2019-04-04,143.0993,119551,SBI Bluechip
2019-03-04,143.216,119551,SBI Bluechip
2019-02-04,143.2454,119551,SBI Bluechip
2019-12-03,152.2662,119551,SBI Bluechip
2019-11-03,152.1524,119551,SBI Bluechip
2019-08-03,151.9735,119551,SBI Bluechip
2019-07-03,151.8551,119551,SBI Bluechip
2019-06-03,151.7285,119551,SBI Bluechip
2019-05-03,151.6357,119551,SBI Bluechip
2019-01-03,151.443,119551,SBI Bluechip
2019-12-02,151.05,119551,SBI Bluechip
2019-11-02,151.0908,119551,SBI Bluechip
2019-08-02,151.009,119551,SBI Bluechip
2019-07-02,150.9077,119551,SBI Bluechip
2019-06-02,150.6666,119551,SBI Bluechip
2019-05-02,150.5966,119551,SBI Bluechip
2019-04-02,150.5633,119551,SBI Bluechip
2019-01-02,150.5492,119551,SBI Bluechip
2019-11-01,150.2791,119551,SBI Bluechip
2019-10-01,150.1803,119551,SBI Bluechip
2019-09-01,150.1373,119551,SBI Bluechip
2019-08-01,150.0955,119551,SBI Bluechip
2019-07-01,149.9279,119551,SBI Bluechip
2019-04-01,149.8954,119551,SBI Bluechip
2019-03-01,149.8859,119551,SBI Bluechip
2019-02-01,149.9431,119551,SBI Bluechip
2019-01-01,149.8452,119551,SBI Bluechip
2018-12-12,149.0278,119551,SBI Bluechip
2018-11-12,148.8009,119551,SBI Bluechip
2018-10-12,148.7642,119551,SBI Bluechip
2018-07-12,149.0015,119551,SBI Bluechip
2018-06-12,149.0535,119551,SBI Bluechip
2018-05-12,148.846,119551,SBI Bluechip
2018-04-12,148.5429,119551,SBI Bluechip
2018-03-12,148.4128,119551,SBI Bluechip
2018-12-11,147.2561,119551,SBI Bluechip
2018-09-11,147.2208,119551,SBI Bluechip
2018-06-11,147.0712,119551,SBI Bluechip
2018-05-11,147.0216,119551,SBI Bluechip
2018-02-11,146.9597,119551,SBI Bluechip
2018-01-11,146.8128,119551,SBI Bluechip
2018-12-10,146.0817,119551,SBI Bluechip
2018-11-10,146.0455,119551,SBI Bluechip
2018-10-10,145.9908,119551,SBI Bluechip
2018-09-10,145.9393,119551,SBI Bluechip
2018-08-10,146.0791,119551,SBI Bluechip
2018-05-10,145.947,119551,SBI Bluechip
2018-04-10,145.5923,119551,SBI Bluechip
2018-03-10,145.7273,119551,SBI Bluechip
2018-01-10,145.82,119551,SBI Bluechip
2018-12-09,144.9921,119551,SBI Bluechip
2018-11-09,144.9724,119551,SBI Bluechip
2018-10-09,145.0029,119551,SBI Bluechip
2018-07-09,145.1503,119551,SBI Bluechip
2018-06-09,145.0798,119551,SBI Bluechip
2018-05-09,145.064,119551,SBI Bluechip
2018-04-09,145.091,119551,SBI Bluechip
2018-03-09,145.1981,119551,SBI Bluechip
2018-10-08,144.8834,119551,SBI Bluechip
2018-09-08,144.8547,119551,SBI Bluechip
2018-08-08,144.7751,119551,SBI Bluechip
2018-07-08,144.736,119551,SBI Bluechip
2018-06-08,144.7287,119551,SBI Bluechip
2018-03-08,144.6829,119551,SBI Bluechip
2018-02-08,144.717,119551,SBI Bluechip
2018-01-08,144.6898,119551,SBI Bluechip
2018-12-07,143.9137,119551,SBI Bluechip
2018-11-07,143.7636,119551,SBI Bluechip
2018-10-07,143.7153,119551,SBI Bluechip
2018-09-07,143.6666,119551,SBI Bluechip
2018-06-07,143.5656,119551,SBI Bluechip
2018-05-07,143.5272,119551,SBI Bluechip
2018-04-07,143.5283,119551,SBI Bluechip
2018-03-07,143.418,119551,SBI Bluechip
2018-02-07,143.3715,119551,SBI Bluechip
2018-12-06,142.4837,119551,SBI Bluechip
2018-11-06,142.4551,119551,SBI Bluechip
2018-08-06,142.4035,119551,SBI Bluechip
2018-07-06,142.2812,119551,SBI Bluechip
2018-06-06,142.3972,119551,SBI Bluechip
2018-05-06,142.4665,119551,SBI Bluechip
2018-04-06,142.3998,119551,SBI Bluechip
2018-01-06,142.3674,119551,SBI Bluechip
2018-11-05,142.2857,119551,SBI Bluechip
2018-10-05,142.3077,119551,SBI Bluechip
2018-09-05,142.3563,119551,SBI Bluechip
2018-08-05,142.5187,119551,SBI Bluechip
2018-07-05,142.4808,119551,SBI Bluechip
2018-04-05,142.3165,119551,SBI Bluechip
2018-03-05,142.3179,119551,SBI Bluechip
2018-02-05,142.3015,119551,SBI Bluechip
2018-12-04,142.8123,119551,SBI Bluechip
2018-11-04,142.7892,119551,SBI Bluechip
2018-10-04,142.9838,119551,SBI Bluechip
2018-09-04,143.1851,119551,SBI Bluechip
2018-06-04,143.1533,119551,SBI Bluechip
2018-05-04,143.1275,119551,SBI Bluechip
2018-04-04,142.7382,119551,SBI Bluechip
2018-03-04,142.7428,119551,SBI Bluechip
2018-12-03,141.271,119551,SBI Bluechip
2018-09-03,141.0964,119551,SBI Bluechip
2018-08-03,141.0882,119551,SBI Bluechip
2018-07-03,140.9803,119551,SBI Bluechip
2018-06-03,140.77,119551,SBI Bluechip
2018-05-03,140.7265,119551,SBI Bluechip
2018-01-03,140.6243,119551,SBI Bluechip
2018-12-02,149.9962,119551,SBI Bluechip
2018-09-02,149.9118,119551,SBI Bluechip
2018-08-02,149.8999,119551,SBI Bluechip
2018-07-02,149.7571,119551,SBI Bluechip
2018-06-02,149.6109,119551,SBI Bluechip
2018-05-02,149.5419,119551,SBI Bluechip
2018-02-02,149.4766,119551,SBI Bluechip
2018-01-02,149.4309,119551,SBI Bluechip
2018-12-01,149.4891,119551,SBI Bluechip
2018-11-01,149.4769,119551,SBI Bluechip
2018-10-01,149.4919,119551,SBI Bluechip
2018-09-01,149.6376,119551,SBI Bluechip
2018-08-01,149.663,119551,SBI Bluechip
2018-05-01,149.6129,119551,SBI Bluechip
2018-04-01,149.4562,119551,SBI Bluechip
2018-03-01,149.5011,119551,SBI Bluechip
2018-02-01,149.4785,119551,SBI Bluechip
2018-01-01,149.4635,119551,SBI Bluechip
2017-12-12,149.544,119551,SBI Bluechip
2017-11-12,149.5962,119551,SBI Bluechip
2017-08-12,149.6701,119551,SBI Bluechip
2017-07-12,149.6687,119551,SBI Bluechip
2017-06-12,149.6636,119551,SBI Bluechip
2017-05-12,149.6015,119551,SBI Bluechip
2017-04-12,149.5704,119551,SBI Bluechip
2017-10-11,149.3439,119551,SBI Bluechip
2017-09-11,149.335,119551,SBI Bluechip
2017-08-11,149.2964,119551,SBI Bluechip
2017-07-11,149.2845,119551,SBI Bluechip
2017-06-11,149.3344,119551,SBI Bluechip
2017-03-11,149.2935,119551,SBI Bluechip
2017-02-11,149.2423,119551,SBI Bluechip
2017-01-11,149.1872,119551,SBI Bluechip
2017-12-10,148.7248,119551,SBI Bluechip
2017-11-10,148.6958,119551,SBI Bluechip
2017-10-10,148.6506,119551,SBI Bluechip
2017-09-10,148.6113,119551,SBI Bluechip
2017-06-10,148.5744,119551,SBI Bluechip
2017-05-10,148.5783,119551,SBI Bluechip
2017-04-10,148.6351,119551,SBI Bluechip
2017-03-10,148.7205,119551,SBI Bluechip
2017-12-09,148.48,119551,SBI Bluechip
2017-11-09,148.5133,119551,SBI Bluechip
2017-08-09,148.4706,119551,SBI Bluechip
2017-07-09,148.4821,119551,SBI Bluechip
2017-06-09,148.4973,119551,SBI Bluechip
2017-05-09,148.4461,119551,SBI Bluechip
2017-04-09,148.4419,119551,SBI Bluechip
2017-01-09,148.359,119551,SBI Bluechip
2017-11-08,147.6561,119551,SBI Bluechip
2017-10-08,147.6744,119551,SBI Bluechip
2017-09-08,147.7244,119551,SBI Bluechip
2017-08-08,147.7057,119551,SBI Bluechip
2017-07-08,147.6821,119551,SBI Bluechip
2017-04-08,147.6495,119551,SBI Bluechip
2017-03-08,147.6212,119551,SBI Bluechip
2017-02-08,147.3359,119551,SBI Bluechip
2017-01-08,147.2654,119551,SBI Bluechip
2017-12-07,146.3824,119551,SBI Bluechip
2017-11-07,146.3105,119551,SBI Bluechip
2017-10-07,146.2443,119551,SBI Bluechip
2017-07-07,145.9888,119551,SBI Bluechip
2017-06-07,145.9371,119551,SBI Bluechip
2017-05-07,145.8498,119551,SBI Bluechip
2017-04-07,145.7582,119551,SBI Bluechip
2017-03-07,145.6663,119551,SBI Bluechip
2017-12-06,145.5341,119551,SBI Bluechip
2017-09-06,145.4447,119551,SBI Bluechip
2017-08-06,145.3316,119551,SBI Bluechip
2017-07-06,144.9507,119551,SBI Bluechip
2017-06-06,144.5701,119551,SBI Bluechip
2017-05-06,144.5409,119551,SBI Bluechip
2017-02-06,144.495,119551,SBI Bluechip
2017-01-06,144.4377,119551,SBI Bluechip
2017-12-05,143.191,119551,SBI Bluechip
2017-11-05,143.0782,119551,SBI Bluechip
2017-09-05,143.0225,119551,SBI Bluechip
2017-08-05,143.0171,119551,SBI Bluechip
2017-05-05,142.8881,119551,SBI Bluechip
2017-04-05,142.781,119551,SBI Bluechip
2017-03-05,142.7804,119551,SBI Bluechip
2017-02-05,142.7261,119551,SBI Bluechip
2017-12-04,142.4196,119551,SBI Bluechip
2017-11-04,142.2557,119551,SBI Bluechip
2017-10-04,142.0721,119551,SBI Bluechip
2017-07-04,141.9749,119551,SBI Bluechip
2017-06-04,142.0344,119551,SBI Bluechip
2017-05-04,142.456,119551,SBI Bluechip
2017-03-04,142.491,119551,SBI Bluechip
2017-10-03,140.3602,119551,SBI Bluechip
2017-09-03,140.5925,119551,SBI Bluechip
2017-08-03,140.6217,119551,SBI Bluechip
2017-07-03,140.6715,119551,SBI Bluechip
2017-06-03,140.7214,119551,SBI Bluechip
2017-03-03,140.8939,119551,SBI Bluechip
2017-02-03,140.6931,119551,SBI Bluechip
2017-01-03,140.6291,119551,SBI Bluechip
2017-10-02,140.6958,119551,SBI Bluechip
2017-09-02,140.3961,119551,SBI Bluechip
2017-08-02,141.0498,119551,SBI Bluechip
2017-07-02,142.8426,119551,SBI Bluechip
2017-06-02,142.8673,119551,SBI Bluechip
2017-03-02,142.8411,119551,SBI Bluechip
2017-02-02,142.8498,119551,SBI Bluechip
2017-01-02,142.708,119551,SBI Bluechip
2017-12-01,142.4383,119551,SBI Bluechip
2017-11-01,142.2559,119551,SBI Bluechip
2017-10-01,142.2226,119551,SBI Bluechip
2017-09-01,142.1957,119551,SBI Bluechip
2017-06-01,142.1645,119551,SBI Bluechip
2017-05-01,142.1662,119551,SBI Bluechip
2017-04-01,142.1884,119551,SBI Bluechip
2017-03-01,141.8637,119551,SBI Bluechip
2017-02-01,142.0128,119551,SBI Bluechip
2016-09-12,141.2674,119551,SBI Bluechip
2016-08-12,141.328,119551,SBI Bluechip
2016-07-12,141.4759,119551,SBI Bluechip
2016-06-12,142.7747,119551,SBI Bluechip
2016-05-12,142.6727,119551,SBI Bluechip
2016-02-12,142.5539,119551,SBI Bluechip
2016-01-12,142.6678,119551,SBI Bluechip
2016-11-11,139.5813,119551,SBI Bluechip
2016-10-11,139.7669,119551,SBI Bluechip
2016-09-11,139.5353,119551,SBI Bluechip
2016-08-11,139.0289,119551,SBI Bluechip
2016-07-11,138.9342,119551,SBI Bluechip
2016-04-11,138.8435,119551,SBI Bluechip
2016-03-11,138.9047,119551,SBI Bluechip
2016-02-11,138.9201,119551,SBI Bluechip
2016-01-11,138.9285,119551,SBI Bluechip
2016-10-10,139.0035,119551,SBI Bluechip
2016-07-10,138.7764,119551,SBI Bluechip
2016-06-10,138.8924,119551,SBI Bluechip
2016-05-10,138.9268,119551,SBI Bluechip
2016-04-10,138.5007,119551,SBI Bluechip
2016-03-10,138.2415,119551,SBI Bluechip
2016-12-09,136.85,119551,SBI Bluechip
2016-09-09,136.9063,119551,SBI Bluechip
2016-08-09,136.8589,119551,SBI Bluechip
2016-07-09,136.7979,119551,SBI Bluechip
2016-06-09,136.541,119551,SBI Bluechip
2016-02-09,136.3517,119551,SBI Bluechip
2016-01-09,136.3584,119551,SBI Bluechip
2016-12-08,135.8182,119551,SBI Bluechip
2016-11-08,135.8291,119551,SBI Bluechip
2016-10-08,135.5838,119551,SBI Bluechip
2016-09-08,135.3606,119551,SBI Bluechip
2016-08-08,135.0387,119551,SBI Bluechip
2016-05-08,134.9377,119551,SBI Bluechip
2016-04-08,134.8655,119551,SBI Bluechip
2016-03-08,134.7377,119551,SBI Bluechip
2016-02-08,134.8488,119551,SBI Bluechip
2016-01-08,134.9712,119551,SBI Bluechip
2016-12-07,133.0156,119551,SBI Bluechip
2016-11-07,132.6835,119551,SBI Bluechip
2016-08-07,132.5679,119551,SBI Bluechip
2016-07-07,132.5112,119551,SBI Bluechip
2016-05-07,132.3858,119551,SBI Bluechip
2016-04-07,132.1492,119551,SBI Bluechip
2016-01-07,132.0459,119551,SBI Bluechip
2016-10-06,131.0328,119551,SBI Bluechip
2016-09-06,131.006,119551,SBI Bluechip
2016-08-06,130.9713,119551,SBI Bluechip
2016-07-06,130.9498,119551,SBI Bluechip
2016-06-06,130.9418,119551,SBI Bluechip
2016-03-06,130.8097,119551,SBI Bluechip
2016-02-06,130.7746,119551,SBI Bluechip
2016-01-06,130.7344,119551,SBI Bluechip
2016-12-05,130.371,119551,SBI Bluechip
2016-11-05,130.3016,119551,SBI Bluechip
2016-10-05,130.2617,119551,SBI Bluechip
2016-09-05,130.2163,119551,SBI Bluechip
2016-06-05,130.0972,119551,SBI Bluechip
2016-05-05,130.0702,119551,SBI Bluechip
2016-04-05,130.0353,119551,SBI Bluechip
2016-03-05,129.9719,119551,SBI Bluechip
2016-02-05,129.9765,119551,SBI Bluechip
2016-12-04,129.6858,119551,SBI Bluechip
2016-11-04,129.6038,119551,SBI Bluechip
2016-07-04,129.3494,119551,SBI Bluechip
2016-06-04,129.1903,119551,SBI Bluechip
2016-05-04,129.0831,119551,SBI Bluechip
2016-04-04,129.038,119551,SBI Bluechip
2016-11-03,126.7653,119551,SBI Bluechip
2016-10-03,126.723,119551,SBI Bluechip
2016-09-03,126.6695,119551,SBI Bluechip
2016-08-03,126.6189,119551,SBI Bluechip
2016-04-03,126.4923,119551,SBI Bluechip
2016-03-03,126.2671,119551,SBI Bluechip
2016-02-03,126.329,119551,SBI Bluechip
2016-01-03,126.3215,119551,SBI Bluechip
2016-12-02,125.9254,119551,SBI Bluechip
2016-11-02,125.9517,119551,SBI Bluechip
2016-10-02,125.9592,119551,SBI Bluechip
2016-09-02,125.937,119551,SBI Bluechip
2016-08-02,125.9596,119551,SBI Bluechip
2016-05-02,125.9207,119551,SBI Bluechip
2016-04-02,125.8428,119551,SBI Bluechip
2016-03-02,125.7466,119551,SBI Bluechip
2016-02-02,125.809,119551,SBI Bluechip
2016-01-02,125.9933,119551,SBI Bluechip
2016-12-01,125.6591,119551,SBI Bluechip
2016-11-01,125.7259,119551,SBI Bluechip
2016-08-01,125.7146,119551,SBI Bluechip
2016-07-01,125.6648,119551,SBI Bluechip
2016-06-01,125.5842,119551,SBI Bluechip
2016-05-01,125.538,119551,SBI Bluechip
2016-04-01,125.4695,119551,SBI Bluechip
2016-01-01,125.3359,119551,SBI Bluechip
2015-11-12,124.7011,119551,SBI Bluechip
2015-10-12,124.6787,119551,SBI Bluechip
2015-09-12,124.6578,119551,SBI Bluechip
2015-08-12,124.6356,119551,SBI Bluechip
2015-07-12,124.7185,119551,SBI Bluechip
2015-04-12,124.672,119551,SBI Bluechip
2015-03-12,124.7928,119551,SBI Bluechip
2015-02-12,124.6293,119551,SBI Bluechip
2015-01-12,124.6288,119551,SBI Bluechip
2015-10-11,124.236,119551,SBI Bluechip
2015-09-11,124.1346,119551,SBI Bluechip
2015-06-11,124.1927,119551,SBI Bluechip
2015-05-11,124.1902,119551,SBI Bluechip
2015-04-11,124.2333,119551,SBI Bluechip
2015-03-11,124.2894,119551,SBI Bluechip
2015-02-11,124.2771,119551,SBI Bluechip
2015-12-10,123.7532,119551,SBI Bluechip
2015-09-10,123.8076,119551,SBI Bluechip
2015-08-10,123.7508,119551,SBI Bluechip
2015-07-10,123.6703,119551,SBI Bluechip
2015-06-10,123.7049,119551,SBI Bluechip
2015-05-10,123.7102,119551,SBI Bluechip
2015-01-10,123.4236,119551,SBI Bluechip
2015-11-09,121.8402,119551,SBI Bluechip
2015-10-09,121.8109,119551,SBI Bluechip
2015-09-09,121.8833,119551,SBI Bluechip
2015-08-09,121.8281,119551,SBI Bluechip
2015-07-09,121.7402,119551,SBI Bluechip
2015-04-09,121.7976,119551,SBI Bluechip
2015-03-09,121.8344,119551,SBI Bluechip
2015-02-09,121.8592,119551,SBI Bluechip
2015-01-09,121.8545,119551,SBI Bluechip
2015-12-08,121.1846,119551,SBI Bluechip
2015-11-08,121.1502,119551,SBI Bluechip
2015-10-08,121.1234,119551,SBI Bluechip
2015-07-08,120.9962,119551,SBI Bluechip
2015-06-08,120.9792,119551,SBI Bluechip
2015-05-08,120.864,119551,SBI Bluechip
2015-04-08,120.8481,119551,SBI Bluechip
2015-03-08,120.9192,119551,SBI Bluechip
2015-10-07,120.1484,119551,SBI Bluechip
2015-09-07,120.0964,119551,SBI Bluechip
2015-08-07,120.0759,119551,SBI Bluechip
2015-07-07,120.0419,119551,SBI Bluechip
2015-06-07,120.0581,119551,SBI Bluechip
2015-03-07,119.8612,119551,SBI Bluechip
2015-02-07,119.7538,119551,SBI Bluechip
2015-01-07,119.6428,119551,SBI Bluechip
2015-12-06,118.8557,119551,SBI Bluechip
2015-11-06,118.8986,119551,SBI Bluechip
2015-10-06,119.091,119551,SBI Bluechip
2015-09-06,119.1989,119551,SBI Bluechip
2015-08-06,119.0629,119551,SBI Bluechip
2015-05-06,119.0347,119551,SBI Bluechip
2015-04-06,118.9151,119551,SBI Bluechip
2015-03-06,119.0994,119551,SBI Bluechip
2015-02-06,119.1982,119551,SBI Bluechip
2015-01-06,119.5416,119551,SBI Bluechip
2015-12-05,118.5949,119551,SBI Bluechip
2015-11-05,118.671,119551,SBI Bluechip
2015-08-05,118.3858,119551,SBI Bluechip
2015-07-05,118.376,119551,SBI Bluechip
2015-06-05,118.6148,119551,SBI Bluechip
2015-05-05,118.7349,119551,SBI Bluechip
2015-10-04,118.4427,119551,SBI Bluechip
2015-09-04,118.4202,119551,SBI Bluechip
2015-08-04,118.3201,119551,SBI Bluechip
2015-07-04,118.3426,119551,SBI Bluechip
2015-06-04,118.3359,119551,SBI Bluechip
2015-12-03,117.4767,119551,SBI Bluechip
2015-11-03,117.412,119551,SBI Bluechip
2015-10-03,117.4224,119551,SBI Bluechip
2015-09-03,117.449,119551,SBI Bluechip
2015-05-03,117.4822,119551,SBI Bluechip
2015-04-03,117.4492,119551,SBI Bluechip
2015-03-03,117.2102,119551,SBI Bluechip
2015-02-03,117.2585,119551,SBI Bluechip
2015-12-02,116.6546,119551,SBI Bluechip
2015-11-02,116.669,119551,SBI Bluechip
2015-10-02,116.6639,119551,SBI Bluechip
2015-09-02,116.6428,119551,SBI Bluechip
2015-06-02,116.6382,119551,SBI Bluechip
2015-05-02,116.6397,119551,SBI Bluechip
2015-04-02,116.6401,119551,SBI Bluechip
2015-03-02,116.6952,119551,SBI Bluechip
2015-02-02,116.7716,119551,SBI Bluechip
2015-12-01,115.4215,119551,SBI Bluechip
2015-09-01,115.2179,119551,SBI Bluechip
2015-08-01,115.1534,119551,SBI Bluechip
2015-07-01,115.0964,119551,SBI Bluechip
2015-06-01,115.0098,119551,SBI Bluechip
2015-05-01,115.0697,119551,SBI Bluechip
2015-02-01,115.0298,119551,SBI Bluechip
2015-01-01,115.0622,119551,SBI Bluechip
2014-12-12,114.7909,119551,SBI Bluechip
2014-11-12,114.6519,119551,SBI Bluechip
2014-10-12,114.5532,119551,SBI Bluechip
2014-09-12,114.6075,119551,SBI Bluechip
2014-08-12,114.5229,119551,SBI Bluechip
2014-05-12,114.4292,119551,SBI Bluechip
2014-04-12,114.375,119551,SBI Bluechip
2014-03-12,114.3739,119551,SBI Bluechip
2014-02-12,114.3339,119551,SBI Bluechip
2014-01-12,114.0367,119551,SBI Bluechip
2014-12-11,113.2863,119551,SBI Bluechip
2014-11-11,113.233,119551,SBI Bluechip
2014-10-11,113.2158,119551,SBI Bluechip
2014-07-11,113.0631,119551,SBI Bluechip
2014-05-11,113.0,119551,SBI Bluechip
2014-03-11,112.7413,119551,SBI Bluechip
2014-10-10,111.0732,119551,SBI Bluechip
2014-09-10,110.9422,119551,SBI Bluechip
2014-08-10,110.9817,119551,SBI Bluechip
2014-07-10,110.878,119551,SBI Bluechip
2014-01-10,110.6379,119551,SBI Bluechip
2014-12-09,109.8922,119551,SBI Bluechip
2014-11-09,109.8546,119551,SBI Bluechip
2014-10-09,109.8244,119551,SBI Bluechip
2014-09-09,109.721,119551,SBI Bluechip
2014-08-09,109.8163,119551,SBI Bluechip
2014-05-09,109.6985,119551,SBI Bluechip
2014-04-09,109.6473,119551,SBI Bluechip
2014-03-09,109.6166,119551,SBI Bluechip
2014-02-09,109.5448,119551,SBI Bluechip
2014-01-09,109.5116,119551,SBI Bluechip
2014-12-08,108.8541,119551,SBI Bluechip
2014-11-08,108.8297,119551,SBI Bluechip
2014-08-08,108.7279,119551,SBI Bluechip
2014-07-08,108.7486,119551,SBI Bluechip
2014-06-08,108.6927,119551,SBI Bluechip
2014-05-08,108.7745,119551,SBI Bluechip
2014-04-08,108.8673,119551,SBI Bluechip
2014-01-08,108.7849,119551,SBI Bluechip
2014-11-07,108.1137,119551,SBI Bluechip
2014-10-07,108.4249,119551,SBI Bluechip
2014-09-07,108.4151,119551,SBI Bluechip
2014-08-07,108.3878,119551,SBI Bluechip
2014-07-07,108.3898,119551,SBI Bluechip
2014-04-07,108.3324,119551,SBI Bluechip
2014-03-07,108.2774,119551,SBI Bluechip
2014-02-07,108.251,119551,SBI Bluechip
2014-12-06,107.9228,119551,SBI Bluechip
2014-11-06,107.8761,119551,SBI Bluechip
2014-10-06,107.878,119551,SBI Bluechip
2014-09-06,107.8767,119551,SBI Bluechip
2014-06-06,107.7408,119551,SBI Bluechip
2014-05-06,107.6529,119551,SBI Bluechip
2014-04-06,107.5222,119551,SBI Bluechip
2014-03-06,107.4231,119551,SBI Bluechip
2014-02-06,107.236,119551,SBI Bluechip
2014-12-05,106.283,119551,SBI Bluechip
2014-09-05,106.1508,119551,SBI Bluechip
2014-08-05,106.0486,119551,SBI Bluechip
2014-07-05,106.0297,119551,SBI Bluechip
2014-06-05,106.009,119551,SBI Bluechip
2014-05-05,105.9859,119551,SBI Bluechip
2014-02-05,105.7909,119551,SBI Bluechip
2014-11-04,104.7961,119551,SBI Bluechip
2014-10-04,104.7079,119551,SBI Bluechip
2014-09-04,104.6926,119551,SBI Bluechip
2014-07-04,104.6708,119551,SBI Bluechip
2014-04-04,104.6173,119551,SBI Bluechip
2014-03-04,104.6613,119551,SBI Bluechip
2014-02-04,104.6459,119551,SBI Bluechip
2014-12-03,103.8563,119551,SBI Bluechip
2014-11-03,103.8533,119551,SBI Bluechip
2014-10-03,103.746,119551,SBI Bluechip
2014-07-03,103.6353,119551,SBI Bluechip
2014-06-03,103.5859,119551,SBI Bluechip
2014-05-03,103.5515,119551,SBI Bluechip
2014-04-03,103.4922,119551,SBI Bluechip
2014-03-03,103.4879,119551,SBI Bluechip
2014-12-02,103.7487,119551,SBI Bluechip
2014-11-02,103.7273,119551,SBI Bluechip
2014-10-02,103.7039,119551,SBI Bluechip
2014-07-02,103.6364,119551,SBI Bluechip
2014-06-02,103.6157,119551,SBI Bluechip
2014-05-02,103.5806,119551,SBI Bluechip
2014-04-02,103.5533,119551,SBI Bluechip
2014-03-02,103.5223,119551,SBI Bluechip
2014-10-01,103.6477,119551,SBI Bluechip
2014-09-01,103.5989,119551,SBI Bluechip
2014-08-01,103.5945,119551,SBI Bluechip
2014-07-01,103.5881,119551,SBI Bluechip
2014-06-01,103.5815,119551,SBI Bluechip
2014-03-01,103.506,119551,SBI Bluechip
2014-02-01,103.4808,119551,SBI Bluechip
2014-01-01,103.446,119551,SBI Bluechip
2013-12-12,103.7351,119551,SBI Bluechip
2013-11-12,103.6643,119551,SBI Bluechip
2013-10-12,103.6308,119551,SBI Bluechip
2013-09-12,103.618,119551,SBI Bluechip
2013-06-12,103.5593,119551,SBI Bluechip
2013-05-12,103.5545,119551,SBI Bluechip
2013-04-12,103.4962,119551,SBI Bluechip
2013-03-12,103.4693,119551,SBI Bluechip
2013-02-12,103.4284,119551,SBI Bluechip
2013-12-11,103.6068,119551,SBI Bluechip
2013-11-11,103.5975,119551,SBI Bluechip
2013-08-11,103.5326,119551,SBI Bluechip
2013-07-11,103.5073,119551,SBI Bluechip
2013-06-11,103.5239,119551,SBI Bluechip
2013-05-11,103.4962,119551,SBI Bluechip
2013-01-11,103.3966,119551,SBI Bluechip
2013-11-10,103.7572,119551,SBI Bluechip
2013-10-10,103.7396,119551,SBI Bluechip
2013-09-10,103.7191,119551,SBI Bluechip
2013-08-10,103.7122,119551,SBI Bluechip
2013-07-10,103.5211,119551,SBI Bluechip
2013-04-10,103.4092,119551,SBI Bluechip
2013-03-10,103.3443,119551,SBI Bluechip
2013-01-10,103.2655,119551,SBI Bluechip
2013-12-09,103.7831,119551,SBI Bluechip
2013-11-09,103.7462,119551,SBI Bluechip
2013-10-09,103.7133,119551,SBI Bluechip
2013-06-09,103.5778,119551,SBI Bluechip
2013-05-09,103.5445,119551,SBI Bluechip
2013-04-09,103.4408,119551,SBI Bluechip
2013-03-09,103.3815,119551,SBI Bluechip
2013-02-09,103.3253,119551,SBI Bluechip
2013-12-08,103.2958,119551,SBI Bluechip
2013-08-08,103.2116,119551,SBI Bluechip
2013-07-08,103.1785,119551,SBI Bluechip
2013-06-08,103.1471,119551,SBI Bluechip
2013-05-08,103.1389,119551,SBI Bluechip
2013-02-08,103.0101,119551,SBI Bluechip
2013-01-08,102.9596,119551,SBI Bluechip
2013-12-07,103.4314,119551,SBI Bluechip
2013-11-07,103.4083,119551,SBI Bluechip
2013-10-07,103.3886,119551,SBI Bluechip
2013-09-07,103.368,119551,SBI Bluechip
2013-08-07,103.3431,119551,SBI Bluechip
2013-05-07,103.2854,119551,SBI Bluechip
2013-04-07,103.265,119551,SBI Bluechip
2013-03-07,103.2267,119551,SBI Bluechip
2013-02-07,103.2075,119551,SBI Bluechip
2013-12-06,103.3913,119551,SBI Bluechip
2013-11-06,103.3832,119551,SBI Bluechip
2013-10-06,103.3704,119551,SBI Bluechip
2013-07-06,103.3194,119551,SBI Bluechip
2013-06-06,103.2957,119551,SBI Bluechip
2013-05-06,103.2598,119551,SBI Bluechip
2013-04-06,103.225,119551,SBI Bluechip
2013-03-06,103.1984,119551,SBI Bluechip
2013-10-05,103.4157,119551,SBI Bluechip
2013-09-05,103.3949,119551,SBI Bluechip
2013-08-05,103.3404,119551,SBI Bluechip
2013-07-05,103.3087,119551,SBI Bluechip
2013-06-05,103.2821,119551,SBI Bluechip
2013-03-05,103.2082,119551,SBI Bluechip
2013-02-05,103.2057,119551,SBI Bluechip
2013-12-04,103.5704,119551,SBI Bluechip
2013-10-04,103.4653,119551,SBI Bluechip
2013-09-04,103.4716,119551,SBI Bluechip
2013-08-04,103.462,119551,SBI Bluechip
2013-05-04,103.4164,119551,SBI Bluechip
2013-04-04,103.4096,119551,SBI Bluechip
2013-03-04,103.3274,119551,SBI Bluechip
2013-02-04,103.2626,119551,SBI Bluechip
2013-12-03,103.251,119551,SBI Bluechip
2013-11-03,103.2199,119551,SBI Bluechip
2013-08-03,103.1462,119551,SBI Bluechip
2013-07-03,103.129,119551,SBI Bluechip
2013-06-03,103.1012,119551,SBI Bluechip
2013-05-03,103.0786,119551,SBI Bluechip
2013-04-03,103.0478,119551,SBI Bluechip
2013-01-03,102.9714,119551,SBI Bluechip
2013-12-02,103.2523,119551,SBI Bluechip
2013-11-02,103.2303,119551,SBI Bluechip
2013-08-02,103.1594,119551,SBI Bluechip
2013-07-02,103.1356,119551,SBI Bluechip
2013-06-02,103.1119,119551,SBI Bluechip
2013-05-02,103.0886,119551,SBI Bluechip
2013-04-02,103.0659,119551,SBI Bluechip
2013-01-02,102.9976,119551,SBI Bluechip
2013-11-01,103.2385,119551,SBI Bluechip
2013-10-01,103.2132,119551,SBI Bluechip
2013-09-01,103.1897,119551,SBI Bluechip
2013-08-01,103.1663,119551,SBI Bluechip
2013-07-01,103.1408,119551,SBI Bluechip
2013-04-01,103.0619,119551,SBI Bluechip
2013-03-01,103.0306,119551,SBI Bluechip
2013-02-01,103.0059,119551,SBI Bluechip
2026-01-06,103.0948,120503,ICICI Bluechip
2026-12-05,103.3384,120503,ICICI Bluechip
2026-11-05,105.6066,120503,ICICI Bluechip
2026-08-05,107.15,120503,ICICI Bluechip
2026-07-05,107.6729,120503,ICICI Bluechip
2026-06-05,107.3354,120503,ICICI Bluechip
2026-05-05,105.8387,120503,ICICI Bluechip
2026-04-05,105.7449,120503,ICICI Bluechip
2026-10-04,104.1348,120503,ICICI Bluechip
2026-09-04,102.5494,120503,ICICI Bluechip
2026-08-04,103.2833,120503,ICICI Bluechip
2026-07-04,99.3876,120503,ICICI Bluechip
2026-06-04,98.8014,120503,ICICI Bluechip
2026-02-04,97.52,120503,ICICI Bluechip
2026-01-04,97.7184,120503,ICICI Bluechip
2026-12-03,101.9718,120503,ICICI Bluechip
2026-11-03,102.9776,120503,ICICI Bluechip
2026-10-03,104.7593,120503,ICICI Bluechip
2026-09-03,103.3882,120503,ICICI Bluechip
2026-06-03,105.405,120503,ICICI Bluechip
2026-05-03,106.7297,120503,ICICI Bluechip
2026-04-03,105.4928,120503,ICICI Bluechip
2026-02-03,107.5231,120503,ICICI Bluechip
2026-12-02,110.5365,120503,ICICI Bluechip
2026-11-02,110.8392,120503,ICICI Bluechip
2026-10-02,110.6519,120503,ICICI Bluechip
2026-09-02,110.3845,120503,ICICI Bluechip
2026-06-02,109.1756,120503,ICICI Bluechip
2026-05-02,109.0137,120503,ICICI Bluechip
2026-04-02,109.288,120503,ICICI Bluechip
2026-03-02,109.0955,120503,ICICI Bluechip
2026-02-02,106.1596,120503,ICICI Bluechip
2026-12-01,108.8931,120503,ICICI Bluechip
2026-09-01,108.8498,120503,ICICI Bluechip
2026-08-01,110.0573,120503,ICICI Bluechip
2026-07-01,111.3106,120503,ICICI Bluechip
2026-06-01,111.2492,120503,ICICI Bluechip
2026-05-01,111.1802,120503,ICICI Bluechip
2026-02-01,111.5357,120503,ICICI Bluechip
2026-01-01,110.5516,120503,ICICI Bluechip
2025-12-12,110.519,120503,ICICI Bluechip
2025-11-12,109.7762,120503,ICICI Bluechip
2025-10-12,109.0886,120503,ICICI Bluechip
2025-09-12,109.7035,120503,ICICI Bluechip
2025-08-12,109.6141,120503,ICICI Bluechip
2025-05-12,111.1487,120503,ICICI Bluechip
2025-04-12,110.8486,120503,ICICI Bluechip
2025-03-12,110.7813,120503,ICICI Bluechip
2025-02-12,111.2677,120503,ICICI Bluechip
2025-01-12,111.6365,120503,ICICI Bluechip
2025-12-11,111.5788,120503,ICICI Bluechip
2025-11-11,111.1622,120503,ICICI Bluechip
2025-10-11,110.9776,120503,ICICI Bluechip
2025-07-11,110.4431,120503,ICICI Bluechip
2025-06-11,110.4409,120503,ICICI Bluechip
2025-04-11,111.4046,120503,ICICI Bluechip
2025-03-11,111.7992,120503,ICICI Bluechip
2025-10-10,109.959,120503,ICICI Bluechip
2025-09-10,109.5882,120503,ICICI Bluechip
2025-08-10,109.065,120503,ICICI Bluechip
2025-07-10,109.3201,120503,ICICI Bluechip
2025-06-10,108.9326,120503,ICICI Bluechip
2025-03-10,108.1386,120503,ICICI Bluechip
2025-01-10,107.8239,120503,ICICI Bluechip
2025-12-09,110.0814,120503,ICICI Bluechip
2025-11-09,109.7409,120503,ICICI Bluechip
2025-10-09,109.7209,120503,ICICI Bluechip
2025-09-09,109.2062,120503,ICICI Bluechip
2025-08-09,108.9657,120503,ICICI Bluechip
2025-05-09,108.7583,120503,ICICI Bluechip
2025-04-09,108.9265,120503,ICICI Bluechip
2025-03-09,108.7666,120503,ICICI Bluechip
2025-02-09,108.2047,120503,ICICI Bluechip
2025-01-09,108.3462,120503,ICICI Bluechip
2025-12-08,106.9215,120503,ICICI Bluechip
2025-11-08,107.3883,120503,ICICI Bluechip
2025-08-08,106.5285,120503,ICICI Bluechip
2025-07-08,107.8011,120503,ICICI Bluechip
2025-06-08,107.5084,120503,ICICI Bluechip
2025-05-08,108.0923,120503,ICICI Bluechip
2025-04-08,108.1149,120503,ICICI Bluechip
2025-01-08,107.3597,120503,ICICI Bluechip
2025-11-07,108.6737,120503,ICICI Bluechip
2025-10-07,109.7323,120503,ICICI Bluechip
2025-09-07,110.2936,120503,ICICI Bluechip
2025-08-07,110.1649,120503,ICICI Bluechip
2025-07-07,109.9783,120503,ICICI Bluechip
2025-04-07,110.133,120503,ICICI Bluechip
2025-03-07,109.8742,120503,ICICI Bluechip
2025-02-07,110.2267,120503,ICICI Bluechip
2025-01-07,110.588,120503,ICICI Bluechip
2025-12-06,107.5691,120503,ICICI Bluechip
2025-11-06,108.7816,120503,ICICI Bluechip
2025-10-06,108.8321,120503,ICICI Bluechip
2025-09-06,108.9621,120503,ICICI Bluechip
2025-06-06,108.4007,120503,ICICI Bluechip
2025-05-06,107.5533,120503,ICICI Bluechip
2025-04-06,107.0655,120503,ICICI Bluechip
2025-03-06,106.5283,120503,ICICI Bluechip
2025-02-06,107.0707,120503,ICICI Bluechip
2025-12-05,106.1881,120503,ICICI Bluechip
2025-09-05,102.6314,120503,ICICI Bluechip
2025-08-05,103.5049,120503,ICICI Bluechip
2025-07-05,104.8398,120503,ICICI Bluechip
2025-06-05,104.2762,120503,ICICI Bluechip
2025-05-05,105.2187,120503,ICICI Bluechip
2025-02-05,104.4724,120503,ICICI Bluechip
2025-11-04,99.4468,120503,ICICI Bluechip
2025-09-04,97.7243,120503,ICICI Bluechip
2025-08-04,98.1202,120503,ICICI Bluechip
2025-07-04,96.4224,120503,ICICI Bluechip
2025-04-04,99.3327,120503,ICICI Bluechip
2025-03-04,100.777,120503,ICICI Bluechip
2025-02-04,101.0307,120503,ICICI Bluechip
2025-01-04,100.0834,120503,ICICI Bluechip
2025-12-03,96.5719,120503,ICICI Bluechip
2025-11-03,96.6916,120503,ICICI Bluechip
2025-10-03,96.3467,120503,ICICI Bluechip
2025-07-03,97.102,120503,ICICI Bluechip
2025-06-03,97.2896,120503,ICICI Bluechip
2025-05-03,96.6508,120503,ICICI Bluechip
2025-04-03,95.5268,120503,ICICI Bluechip
2025-03-03,95.4362,120503,ICICI Bluechip
2025-12-02,99.4579,120503,ICICI Bluechip
2025-11-02,99.5049,120503,ICICI Bluechip
2025-10-02,101.4198,120503,ICICI Bluechip
2025-07-02,102.7818,120503,ICICI Bluechip
2025-06-02,102.6583,120503,ICICI Bluechip
2025-05-02,103.119,120503,ICICI Bluechip
2025-04-02,103.0829,120503,ICICI Bluechip
2025-03-02,101.8419,120503,ICICI Bluechip
2025-10-01,102.1012,120503,ICICI Bluechip
2025-09-01,103.1098,120503,ICICI Bluechip
2025-08-01,103.8402,120503,ICICI Bluechip
2025-07-01,104.7743,120503,ICICI Bluechip
2025-06-01,104.6558,120503,ICICI Bluechip
2025-03-01,106.6103,120503,ICICI Bluechip
2025-02-01,107.1106,120503,ICICI Bluechip
2025-01-01,105.2098,120503,ICICI Bluechip
2024-12-12,108.5429,120503,ICICI Bluechip
2024-11-12,108.7957,120503,ICICI Bluechip
2024-10-12,108.5727,120503,ICICI Bluechip
2024-09-12,108.3583,120503,ICICI Bluechip
2024-06-12,108.4356,120503,ICICI Bluechip
2024-05-12,108.3787,120503,ICICI Bluechip
2024-04-12,107.6559,120503,ICICI Bluechip
2024-03-12,107.207,120503,ICICI Bluechip
2024-02-12,106.339,120503,ICICI Bluechip
2024-12-11,104.013,120503,ICICI Bluechip
2024-11-11,105.1594,120503,ICICI Bluechip
2024-08-11,105.3856,120503,ICICI Bluechip
2024-07-11,105.9354,120503,ICICI Bluechip
2024-06-11,106.7263,120503,ICICI Bluechip
2024-05-11,104.9973,120503,ICICI Bluechip
2024-04-11,104.8151,120503,ICICI Bluechip
2024-11-10,110.2456,120503,ICICI Bluechip
2024-10-10,110.2257,120503,ICICI Bluechip
2024-09-10,110.5143,120503,ICICI Bluechip
2024-08-10,109.2294,120503,ICICI Bluechip
2024-07-10,107.8549,120503,ICICI Bluechip
2024-04-10,109.2162,120503,ICICI Bluechip
2024-03-10,110.1986,120503,ICICI Bluechip
2024-01-10,112.3285,120503,ICICI Bluechip
2024-12-09,110.5163,120503,ICICI Bluechip
2024-11-09,108.7761,120503,ICICI Bluechip
2024-10-09,108.8255,120503,ICICI Bluechip
2024-09-09,108.295,120503,ICICI Bluechip
2024-06-09,108.1266,120503,ICICI Bluechip
2024-05-09,108.8654,120503,ICICI Bluechip
2024-04-09,108.8874,120503,ICICI Bluechip
2024-03-09,108.8271,120503,ICICI Bluechip
2024-02-09,108.9623,120503,ICICI Bluechip
2024-12-08,104.7072,120503,ICICI Bluechip
2024-09-08,105.1196,120503,ICICI Bluechip
2024-08-08,104.0397,120503,ICICI Bluechip
2024-07-08,104.7231,120503,ICICI Bluechip
2024-06-08,102.7567,120503,ICICI Bluechip
2024-05-08,103.3697,120503,ICICI Bluechip
2024-02-08,106.2855,120503,ICICI Bluechip
2024-01-08,106.8677,120503,ICICI Bluechip
2024-12-07,103.8648,120503,ICICI Bluechip
2024-11-07,103.391,120503,ICICI Bluechip
2024-10-07,103.6139,120503,ICICI Bluechip
2024-09-07,103.826,120503,ICICI Bluechip
2024-08-07,103.2534,120503,ICICI Bluechip
2024-05-07,103.8188,120503,ICICI Bluechip
2024-04-07,103.5511,120503,ICICI Bluechip
2024-03-07,103.5393,120503,ICICI Bluechip
2024-02-07,102.868,120503,ICICI Bluechip
2024-01-07,103.1944,120503,ICICI Bluechip
2024-12-06,100.2724,120503,ICICI Bluechip
2024-11-06,99.8719,120503,ICICI Bluechip
2024-10-06,99.7429,120503,ICICI Bluechip
2024-07-06,99.5188,120503,ICICI Bluechip
2024-06-06,97.7973,120503,ICICI Bluechip
2024-05-06,97.1538,120503,ICICI Bluechip
2024-04-06,93.8529,120503,ICICI Bluechip
2024-03-06,97.572,120503,ICICI Bluechip
2024-10-05,94.944,120503,ICICI Bluechip
2024-09-05,94.1648,120503,ICICI Bluechip
2024-08-05,95.1781,120503,ICICI Bluechip
2024-07-05,95.2615,120503,ICICI Bluechip
2024-06-05,96.1226,120503,ICICI Bluechip
2024-03-05,96.2268,120503,ICICI Bluechip
2024-02-05,96.6825,120503,ICICI Bluechip
2024-12-04,97.352,120503,ICICI Bluechip
2024-10-04,97.6149,120503,ICICI Bluechip
2024-09-04,97.5888,120503,ICICI Bluechip
2024-08-04,97.5362,120503,ICICI Bluechip
2024-05-04,96.6215,120503,ICICI Bluechip
2024-04-04,96.4476,120503,ICICI Bluechip
2024-03-04,95.9101,120503,ICICI Bluechip
2024-02-04,95.7608,120503,ICICI Bluechip
2024-01-04,95.504,120503,ICICI Bluechip
2024-12-03,91.1882,120503,ICICI Bluechip
2024-11-03,91.2347,120503,ICICI Bluechip
2024-07-03,90.9543,120503,ICICI Bluechip
2024-06-03,90.5435,120503,ICICI Bluechip
2024-05-03,90.0501,120503,ICICI Bluechip
2024-04-03,90.746,120503,ICICI Bluechip
2024-01-03,90.8589,120503,ICICI Bluechip
2024-12-02,88.4978,120503,ICICI Bluechip
2024-09-02,88.9904,120503,ICICI Bluechip
2024-08-02,88.8906,120503,ICICI Bluechip
2024-07-02,89.1219,120503,ICICI Bluechip
2024-06-02,88.8898,120503,ICICI Bluechip
2024-05-02,87.9175,120503,ICICI Bluechip
2024-02-02,88.0783,120503,ICICI Bluechip
2024-01-02,87.5274,120503,ICICI Bluechip
2024-12-01,89.2661,120503,ICICI Bluechip
2024-11-01,88.8697,120503,ICICI Bluechip
2024-10-01,88.6949,120503,ICICI Bluechip
2024-09-01,88.7379,120503,ICICI Bluechip
2024-08-01,88.4806,120503,ICICI Bluechip
2024-05-01,89.3931,120503,ICICI Bluechip
2024-04-01,89.3141,120503,ICICI Bluechip
2024-03-01,88.276,120503,ICICI Bluechip
2024-02-01,88.7896,120503,ICICI Bluechip
2024-01-01,88.5872,120503,ICICI Bluechip
2023-12-12,85.7571,120503,ICICI Bluechip
2023-11-12,86.2758,120503,ICICI Bluechip
2023-08-12,85.9606,120503,ICICI Bluechip
2023-07-12,86.3885,120503,ICICI Bluechip
2023-06-12,86.0435,120503,ICICI Bluechip
2023-05-12,85.591,120503,ICICI Bluechip
2023-04-12,85.3715,120503,ICICI Bluechip
2023-01-12,84.5496,120503,ICICI Bluechip
2023-10-11,81.0978,120503,ICICI Bluechip
2023-09-11,80.9422,120503,ICICI Bluechip
2023-08-11,80.8372,120503,ICICI Bluechip
2023-07-11,80.4516,120503,ICICI Bluechip
2023-06-11,80.2539,120503,ICICI Bluechip
2023-03-11,79.4676,120503,ICICI Bluechip
2023-02-11,79.0811,120503,ICICI Bluechip
2023-01-11,78.4438,120503,ICICI Bluechip
2023-12-10,81.5568,120503,ICICI Bluechip
2023-11-10,81.9337,120503,ICICI Bluechip
2023-10-10,81.3312,120503,ICICI Bluechip
2023-09-10,80.6672,120503,ICICI Bluechip
2023-06-10,81.281,120503,ICICI Bluechip
2023-05-10,80.5885,120503,ICICI Bluechip
2023-04-10,80.1873,120503,ICICI Bluechip
2023-03-10,80.4898,120503,ICICI Bluechip
2023-12-09,80.9115,120503,ICICI Bluechip
2023-11-09,81.2572,120503,ICICI Bluechip
2023-08-09,80.6406,120503,ICICI Bluechip
2023-07-09,80.2445,120503,ICICI Bluechip
2023-06-09,79.9096,120503,ICICI Bluechip
2023-05-09,79.6322,120503,ICICI Bluechip
2023-04-09,79.2103,120503,ICICI Bluechip
2023-01-09,78.7931,120503,ICICI Bluechip
2023-11-08,78.0866,120503,ICICI Bluechip
2023-10-08,78.8457,120503,ICICI Bluechip
2023-09-08,79.1715,120503,ICICI Bluechip
2023-08-08,79.3359,120503,ICICI Bluechip
2023-07-08,79.6001,120503,ICICI Bluechip
2023-04-08,79.4055,120503,ICICI Bluechip
2023-03-08,78.6486,120503,ICICI Bluechip
2023-02-08,79.1648,120503,ICICI Bluechip
2023-01-08,79.8018,120503,ICICI Bluechip
2023-12-07,79.3202,120503,ICICI Bluechip
2023-11-07,79.1498,120503,ICICI Bluechip
2023-10-07,78.8891,120503,ICICI Bluechip
2023-07-07,79.6889,120503,ICICI Bluechip
2023-06-07,80.3788,120503,ICICI Bluechip
2023-05-07,79.9962,120503,ICICI Bluechip
2023-04-07,79.7879,120503,ICICI Bluechip
2023-03-07,79.1417,120503,ICICI Bluechip
2023-12-06,77.4286,120503,ICICI Bluechip
2023-09-06,76.9204,120503,ICICI Bluechip
2023-08-06,76.8357,120503,ICICI Bluechip
2023-07-06,77.6009,120503,ICICI Bluechip
2023-06-06,76.5604,120503,ICICI Bluechip
2023-05-06,76.1444,120503,ICICI Bluechip
2023-02-06,76.1186,120503,ICICI Bluechip
2023-01-06,75.9464,120503,ICICI Bluechip
2023-12-05,74.2078,120503,ICICI Bluechip
2023-11-05,74.2638,120503,ICICI Bluechip
2023-10-05,74.1124,120503,ICICI Bluechip
2023-09-05,73.7085,120503,ICICI Bluechip
2023-08-05,73.7065,120503,ICICI Bluechip
2023-05-05,72.7981,120503,ICICI Bluechip
2023-04-05,72.9185,120503,ICICI Bluechip
2023-03-05,72.0198,120503,ICICI Bluechip
2023-02-05,71.9451,120503,ICICI Bluechip
2023-12-04,69.8881,120503,ICICI Bluechip
2023-11-04,69.4778,120503,ICICI Bluechip
2023-10-04,68.8753,120503,ICICI Bluechip
2023-06-04,69.073,120503,ICICI Bluechip
2023-05-04,68.808,120503,ICICI Bluechip
2023-03-04,68.1351,120503,ICICI Bluechip
2023-10-03,67.9665,120503,ICICI Bluechip
2023-09-03,68.4496,120503,ICICI Bluechip
2023-08-03,69.0308,120503,ICICI Bluechip
2023-06-03,69.1585,120503,ICICI Bluechip
2023-03-03,68.7209,120503,ICICI Bluechip
2023-02-03,68.5425,120503,ICICI Bluechip
2023-01-03,68.9211,120503,ICICI Bluechip
2023-10-02,69.8154,120503,ICICI Bluechip
2023-09-02,69.8143,120503,ICICI Bluechip
2023-08-02,69.6656,120503,ICICI Bluechip
2023-07-02,68.8848,120503,ICICI Bluechip
2023-06-02,68.7995,120503,ICICI Bluechip
2023-03-02,68.936,120503,ICICI Bluechip
2023-02-02,68.5272,120503,ICICI Bluechip
2023-01-02,68.5751,120503,ICICI Bluechip
2023-12-01,70.1017,120503,ICICI Bluechip
2023-11-01,70.0302,120503,ICICI Bluechip
2023-10-01,70.3295,120503,ICICI Bluechip
2023-09-01,70.68,120503,ICICI Bluechip
2023-06-01,70.0052,120503,ICICI Bluechip
2023-05-01,70.7817,120503,ICICI Bluechip
2023-04-01,71.6233,120503,ICICI Bluechip
2023-03-01,72.4388,120503,ICICI Bluechip
2023-02-01,72.1487,120503,ICICI Bluechip
2022-12-12,73.8144,120503,ICICI Bluechip
2022-09-12,73.7258,120503,ICICI Bluechip
2022-08-12,74.0809,120503,ICICI Bluechip
2022-07-12,74.2084,120503,ICICI Bluechip
2022-06-12,74.5749,120503,ICICI Bluechip
2022-05-12,74.5897,120503,ICICI Bluechip
2022-02-12,74.5548,120503,ICICI Bluechip
2022-01-12,74.7124,120503,ICICI Bluechip
2022-11-11,74.2379,120503,ICICI Bluechip
2022-10-11,73.2877,120503,ICICI Bluechip
2022-09-11,74.0695,120503,ICICI Bluechip
2022-07-11,74.3683,120503,ICICI Bluechip
2022-04-11,74.6355,120503,ICICI Bluechip
2022-03-11,74.4512,120503,ICICI Bluechip
2022-02-11,74.5626,120503,ICICI Bluechip
2022-01-11,74.829,120503,ICICI Bluechip
2022-12-10,72.7405,120503,ICICI Bluechip
2022-11-10,72.1344,120503,ICICI Bluechip
2022-10-10,73.3259,120503,ICICI Bluechip
2022-07-10,73.8803,120503,ICICI Bluechip
2022-06-10,74.0728,120503,ICICI Bluechip
2022-04-10,74.1916,120503,ICICI Bluechip
2022-03-10,72.5115,120503,ICICI Bluechip
2022-12-09,76.9253,120503,ICICI Bluechip
2022-09-09,76.641,120503,ICICI Bluechip
2022-08-09,76.6277,120503,ICICI Bluechip
2022-07-09,76.0521,120503,ICICI Bluechip
2022-06-09,75.9521,120503,ICICI Bluechip
2022-05-09,76.3428,120503,ICICI Bluechip
2022-02-09,76.2954,120503,ICICI Bluechip
2022-01-09,76.0456,120503,ICICI Bluechip
2022-12-08,75.3228,120503,ICICI Bluechip
2022-11-08,75.3237,120503,ICICI Bluechip
2022-10-08,74.4544,120503,ICICI Bluechip
2022-08-08,74.8976,120503,ICICI Bluechip
2022-05-08,74.6044,120503,ICICI Bluechip
2022-04-08,74.2272,120503,ICICI Bluechip
2022-03-08,73.8828,120503,ICICI Bluechip
2022-02-08,74.0304,120503,ICICI Bluechip
2022-01-08,73.7095,120503,ICICI Bluechip
2022-12-07,66.9495,120503,ICICI Bluechip
2022-11-07,67.7432,120503,ICICI Bluechip
2022-08-07,67.7009,120503,ICICI Bluechip
2022-07-07,67.537,120503,ICICI Bluechip
2022-06-07,67.1482,120503,ICICI Bluechip
2022-05-07,65.7151,120503,ICICI Bluechip
2022-04-07,65.6105,120503,ICICI Bluechip
2022-01-07,65.0877,120503,ICICI Bluechip
2022-10-06,66.1339,120503,ICICI Bluechip
2022-09-06,67.2604,120503,ICICI Bluechip
2022-08-06,66.9337,120503,ICICI Bluechip
2022-07-06,66.7412,120503,ICICI Bluechip
2022-06-06,67.548,120503,ICICI Bluechip
2022-03-06,68.0717,120503,ICICI Bluechip
2022-02-06,68.8276,120503,ICICI Bluechip
2022-01-06,68.8319,120503,ICICI Bluechip
2022-12-05,65.4083,120503,ICICI Bluechip
2022-11-05,66.8623,120503,ICICI Bluechip
2022-10-05,67.7491,120503,ICICI Bluechip
2022-09-05,68.3816,120503,ICICI Bluechip
2022-06-05,68.9738,120503,ICICI Bluechip
2022-05-05,71.8904,120503,ICICI Bluechip
2022-04-05,71.9729,120503,ICICI Bluechip
2022-02-05,74.1048,120503,ICICI Bluechip
2022-12-04,76.6442,120503,ICICI Bluechip
2022-11-04,77.4023,120503,ICICI Bluechip
2022-08-04,77.5007,120503,ICICI Bluechip
2022-07-04,76.7796,120503,ICICI Bluechip
2022-06-04,77.2841,120503,ICICI Bluechip
2022-05-04,77.8618,120503,ICICI Bluechip
2022-04-04,77.7401,120503,ICICI Bluechip
2022-01-04,76.3631,120503,ICICI Bluechip
2022-11-03,73.1308,120503,ICICI Bluechip
2022-10-03,73.0061,120503,ICICI Bluechip
2022-09-03,71.7508,120503,ICICI Bluechip
2022-08-03,70.6214,120503,ICICI Bluechip
2022-07-03,69.7358,120503,ICICI Bluechip
2022-04-03,71.6986,120503,ICICI Bluechip
2022-03-03,73.3142,120503,ICICI Bluechip
2022-02-03,73.8204,120503,ICICI Bluechip
2022-11-02,76.053,120503,ICICI Bluechip
2022-10-02,77.5656,120503,ICICI Bluechip
2022-09-02,77.128,120503,ICICI Bluechip
2022-08-02,76.2751,120503,ICICI Bluechip
2022-07-02,76.5225,120503,ICICI Bluechip
2022-04-02,78.1271,120503,ICICI Bluechip
2022-03-02,78.1087,120503,ICICI Bluechip
2022-02-02,79.1057,120503,ICICI Bluechip
2022-01-02,77.887,120503,ICICI Bluechip
2022-12-01,83.6159,120503,ICICI Bluechip
2022-11-01,83.932,120503,ICICI Bluechip
2022-10-01,83.7001,120503,ICICI Bluechip
2022-07-01,83.8626,120503,ICICI Bluechip
2022-06-01,83.5037,120503,ICICI Bluechip
2022-05-01,83.8475,120503,ICICI Bluechip
2022-04-01,83.287,120503,ICICI Bluechip
2022-03-01,82.4289,120503,ICICI Bluechip
2021-10-12,82.4418,120503,ICICI Bluechip
2021-09-12,82.4078,120503,ICICI Bluechip
2021-08-12,82.3253,120503,ICICI Bluechip
2021-07-12,81.2636,120503,ICICI Bluechip
2021-06-12,80.1411,120503,ICICI Bluechip
2021-03-12,81.7367,120503,ICICI Bluechip
2021-02-12,82.3468,120503,ICICI Bluechip
2021-01-12,81.2494,120503,ICICI Bluechip
2021-12-11,85.3485,120503,ICICI Bluechip
2021-11-11,84.2245,120503,ICICI Bluechip
2021-10-11,84.6363,120503,ICICI Bluechip
2021-09-11,84.4667,120503,ICICI Bluechip
2021-08-11,84.5536,120503,ICICI Bluechip
2021-03-11,83.3546,120503,ICICI Bluechip
2021-02-11,83.3971,120503,ICICI Bluechip
2021-01-11,83.4744,120503,ICICI Bluechip
2021-12-10,85.2721,120503,ICICI Bluechip
2021-11-10,84.9535,120503,ICICI Bluechip
2021-08-10,84.2722,120503,ICICI Bluechip
2021-07-10,84.116,120503,ICICI Bluechip
2021-06-10,83.3956,120503,ICICI Bluechip
2021-05-10,83.9434,120503,ICICI Bluechip
2021-04-10,83.6199,120503,ICICI Bluechip
2021-01-10,82.3533,120503,ICICI Bluechip
2021-09-09,82.255,120503,ICICI Bluechip
2021-08-09,82.0739,120503,ICICI Bluechip
2021-07-09,81.7986,120503,ICICI Bluechip
2021-06-09,81.9726,120503,ICICI Bluechip
2021-03-09,82.0104,120503,ICICI Bluechip
2021-02-09,81.864,120503,ICICI Bluechip
2021-01-09,81.3088,120503,ICICI Bluechip
2021-12-08,75.6608,120503,ICICI Bluechip
2021-11-08,75.3045,120503,ICICI Bluechip
2021-10-08,75.5859,120503,ICICI Bluechip
2021-09-08,75.5804,120503,ICICI Bluechip
2021-06-08,75.8131,120503,ICICI Bluechip
2021-05-08,76.008,120503,ICICI Bluechip
2021-04-08,76.021,120503,ICICI Bluechip
2021-03-08,75.9397,120503,ICICI Bluechip
2021-02-08,75.0437,120503,ICICI Bluechip
2021-12-07,74.0474,120503,ICICI Bluechip
2021-09-07,74.0795,120503,ICICI Bluechip
2021-08-07,73.9363,120503,ICICI Bluechip
2021-07-07,74.2331,120503,ICICI Bluechip
2021-06-07,73.9922,120503,ICICI Bluechip
2021-05-07,74.02,120503,ICICI Bluechip
2021-02-07,73.4383,120503,ICICI Bluechip
2021-01-07,73.1256,120503,ICICI Bluechip
2021-11-06,72.2529,120503,ICICI Bluechip
2021-10-06,72.3612,120503,ICICI Bluechip
2021-09-06,71.4079,120503,ICICI Bluechip
2021-08-06,71.682,120503,ICICI Bluechip
2021-07-06,71.6821,120503,ICICI Bluechip
2021-04-06,71.582,120503,ICICI Bluechip
2021-03-06,71.495,120503,ICICI Bluechip
2021-02-06,70.9471,120503,ICICI Bluechip
2021-01-06,70.3808,120503,ICICI Bluechip
2021-12-05,66.9675,120503,ICICI Bluechip
2021-11-05,67.5422,120503,ICICI Bluechip
2021-10-05,68.1078,120503,ICICI Bluechip
2021-07-05,67.558,120503,ICICI Bluechip
2021-06-05,67.5074,120503,ICICI Bluechip
2021-05-05,67.165,120503,ICICI Bluechip
2021-04-05,66.6541,120503,ICICI Bluechip
2021-03-05,67.0875,120503,ICICI Bluechip
2021-12-04,65.222,120503,ICICI Bluechip
2021-09-04,67.7033,120503,ICICI Bluechip
2021-08-04,67.8958,120503,ICICI Bluechip
2021-07-04,67.4155,120503,ICICI Bluechip
2021-06-04,66.3985,120503,ICICI Bluechip
2021-05-04,66.1132,120503,ICICI Bluechip
2021-01-04,67.0371,120503,ICICI Bluechip
2021-12-03,68.3853,120503,ICICI Bluechip
2021-10-03,68.9064,120503,ICICI Bluechip
2021-09-03,68.541,120503,ICICI Bluechip
2021-08-03,68.0512,120503,ICICI Bluechip
2021-05-03,68.454,120503,ICICI Bluechip
2021-04-03,68.9431,120503,ICICI Bluechip
2021-03-03,69.1273,120503,ICICI Bluechip
2021-02-03,67.814,120503,ICICI Bluechip
2021-01-03,66.6336,120503,ICICI Bluechip
2021-12-02,68.1007,120503,ICICI Bluechip
2021-11-02,68.1178,120503,ICICI Bluechip
2021-10-02,67.59,120503,ICICI Bluechip
2021-09-02,66.9563,120503,ICICI Bluechip
2021-08-02,67.1298,120503,ICICI Bluechip
2021-05-02,66.3772,120503,ICICI Bluechip
2021-04-02,66.216,120503,ICICI Bluechip
2021-03-02,65.4614,120503,ICICI Bluechip
2021-02-02,64.9817,120503,ICICI Bluechip
2021-01-02,63.2909,120503,ICICI Bluechip
2021-12-01,66.9093,120503,ICICI Bluechip
2021-11-01,67.1855,120503,ICICI Bluechip
2021-08-01,66.77,120503,ICICI Bluechip
2021-07-01,65.7504,120503,ICICI Bluechip
2021-06-01,65.8741,120503,ICICI Bluechip
2021-05-01,66.3871,120503,ICICI Bluechip
2021-04-01,65.5681,120503,ICICI Bluechip
2021-01-01,64.982,120503,ICICI Bluechip
2020-11-12,61.9606,120503,ICICI Bluechip
2020-10-12,61.9425,120503,ICICI Bluechip
2020-09-12,61.8566,120503,ICICI Bluechip
2020-08-12,61.3644,120503,ICICI Bluechip
2020-07-12,61.1734,120503,ICICI Bluechip
2020-04-12,61.0214,120503,ICICI Bluechip
2020-03-12,60.7394,120503,ICICI Bluechip
2020-02-12,60.3507,120503,ICICI Bluechip
2020-01-12,60.5083,120503,ICICI Bluechip
2020-12-11,56.9553,120503,ICICI Bluechip
2020-11-11,56.9431,120503,ICICI Bluechip
2020-10-11,56.2903,120503,ICICI Bluechip
2020-09-11,55.9657,120503,ICICI Bluechip
2020-06-11,55.3169,120503,ICICI Bluechip
2020-05-11,54.9099,120503,ICICI Bluechip
2020-04-11,54.0352,120503,ICICI Bluechip
2020-03-11,53.4532,120503,ICICI Bluechip
2020-02-11,52.8932,120503,ICICI Bluechip
2020-12-10,52.0031,120503,ICICI Bluechip
2020-09-10,52.0684,120503,ICICI Bluechip
2020-08-10,52.0817,120503,ICICI Bluechip
2020-07-10,51.769,120503,ICICI Bluechip
2020-06-10,51.8471,120503,ICICI Bluechip
2020-05-10,51.3416,120503,ICICI Bluechip
2020-01-10,51.2488,120503,ICICI Bluechip
2020-11-09,50.7472,120503,ICICI Bluechip
2020-10-09,50.6651,120503,ICICI Bluechip
2020-09-09,50.3218,120503,ICICI Bluechip
2020-08-09,50.6846,120503,ICICI Bluechip
2020-07-09,50.997,120503,ICICI Bluechip
2020-04-09,51.1327,120503,ICICI Bluechip
2020-03-09,51.7669,120503,ICICI Bluechip
2020-02-09,51.5632,120503,ICICI Bluechip
2020-01-09,51.2617,120503,ICICI Bluechip
2020-12-08,50.1173,120503,ICICI Bluechip
2020-11-08,50.333,120503,ICICI Bluechip
2020-10-08,50.3349,120503,ICICI Bluechip
2020-07-08,49.7696,120503,ICICI Bluechip
2020-06-08,49.3785,120503,ICICI Bluechip
2020-05-08,48.9544,120503,ICICI Bluechip
2020-04-08,48.7527,120503,ICICI Bluechip
2020-03-08,48.0767,120503,ICICI Bluechip
2020-10-07,48.3586,120503,ICICI Bluechip
2020-09-07,48.6452,120503,ICICI Bluechip
2020-08-07,48.2897,120503,ICICI Bluechip
2020-07-07,49.0073,120503,ICICI Bluechip
2020-06-07,48.2351,120503,ICICI Bluechip
2020-03-07,47.5785,120503,ICICI Bluechip
2020-02-07,47.6297,120503,ICICI Bluechip
2020-01-07,47.2575,120503,ICICI Bluechip
2020-12-06,46.1403,120503,ICICI Bluechip
2020-11-06,45.7706,120503,ICICI Bluechip
2020-10-06,46.4633,120503,ICICI Bluechip
2020-09-06,46.218,120503,ICICI Bluechip
2020-08-06,46.7292,120503,ICICI Bluechip
2020-05-06,46.7759,120503,ICICI Bluechip
2020-04-06,46.2798,120503,ICICI Bluechip
2020-03-06,46.5934,120503,ICICI Bluechip
2020-02-06,46.2677,120503,ICICI Bluechip
2020-01-06,45.6082,120503,ICICI Bluechip
2020-12-05,43.3466,120503,ICICI Bluechip
2020-11-05,43.4478,120503,ICICI Bluechip
2020-08-05,43.4867,120503,ICICI Bluechip
2020-07-05,43.1938,120503,ICICI Bluechip
2020-06-05,43.866,120503,ICICI Bluechip
2020-05-05,43.4431,120503,ICICI Bluechip
2020-04-05,43.9775,120503,ICICI Bluechip
2020-09-04,43.829,120503,ICICI Bluechip
2020-08-04,41.9653,120503,ICICI Bluechip
2020-07-04,41.8335,120503,ICICI Bluechip
2020-03-04,39.2576,120503,ICICI Bluechip
2020-01-04,40.2742,120503,ICICI Bluechip
2020-12-03,47.8039,120503,ICICI Bluechip
2020-11-03,51.3449,120503,ICICI Bluechip
2020-09-03,51.2994,120503,ICICI Bluechip
2020-06-03,53.0987,120503,ICICI Bluechip
2020-05-03,53.645,120503,ICICI Bluechip
2020-04-03,53.0825,120503,ICICI Bluechip
2020-03-03,53.5505,120503,ICICI Bluechip
2020-02-03,52.8009,120503,ICICI Bluechip
2020-12-02,56.6194,120503,ICICI Bluechip
2020-11-02,56.1376,120503,ICICI Bluechip
2020-10-02,56.0931,120503,ICICI Bluechip
2020-07-02,55.7358,120503,ICICI Bluechip
2020-06-02,55.6957,120503,ICICI Bluechip
2020-05-02,55.439,120503,ICICI Bluechip
2020-04-02,54.9917,120503,ICICI Bluechip
2020-03-02,53.9914,120503,ICICI Bluechip
2020-10-01,53.6188,120503,ICICI Bluechip
2020-09-01,53.3485,120503,ICICI Bluechip
2020-08-01,52.7438,120503,ICICI Bluechip
2020-07-01,52.6992,120503,ICICI Bluechip
2020-06-01,52.3269,120503,ICICI Bluechip
2020-03-01,53.3371,120503,ICICI Bluechip
2020-02-01,53.3612,120503,ICICI Bluechip
2020-01-01,53.2623,120503,ICICI Bluechip
2019-12-12,51.9371,120503,ICICI Bluechip
2019-11-12,51.6608,120503,ICICI Bluechip
2019-10-12,51.3884,120503,ICICI Bluechip
2019-09-12,51.7165,120503,ICICI Bluechip
2019-06-12,51.7574,120503,ICICI Bluechip
2019-05-12,52.1739,120503,ICICI Bluechip
2019-04-12,52.1758,120503,ICICI Bluechip
2019-03-12,52.1391,120503,ICICI Bluechip
2019-02-12,52.0831,120503,ICICI Bluechip
2019-11-11,52.7747,120503,ICICI Bluechip
2019-08-11,52.6691,120503,ICICI Bluechip
2019-07-11,53.1469,120503,ICICI Bluechip
2019-06-11,53.0273,120503,ICICI Bluechip
2019-05-11,52.8708,120503,ICICI Bluechip
2019-04-11,52.9846,120503,ICICI Bluechip
2019-01-11,53.1065,120503,ICICI Bluechip
2019-11-10,50.3824,120503,ICICI Bluechip
2019-10-10,49.8371,120503,ICICI Bluechip
2019-09-10,50.1686,120503,ICICI Bluechip
2019-07-10,49.6532,120503,ICICI Bluechip
2019-04-10,49.7632,120503,ICICI Bluechip
2019-03-10,50.0372,120503,ICICI Bluechip
2019-01-10,50.3569,120503,ICICI Bluechip
2019-12-09,47.5026,120503,ICICI Bluechip
2019-11-09,47.7491,120503,ICICI Bluechip
2019-09-09,47.6889,120503,ICICI Bluechip
2019-06-09,47.1805,120503,ICICI Bluechip
2019-05-09,46.9716,120503,ICICI Bluechip
2019-04-09,46.9908,120503,ICICI Bluechip
2019-03-09,46.866,120503,ICICI Bluechip
2019-09-08,48.2849,120503,ICICI Bluechip
2019-08-08,47.4873,120503,ICICI Bluechip
2019-07-08,47.0773,120503,ICICI Bluechip
2019-06-08,47.3788,120503,ICICI Bluechip
2019-05-08,46.6536,120503,ICICI Bluechip
2019-02-08,47.0393,120503,ICICI Bluechip
2019-01-08,46.8464,120503,ICICI Bluechip
2019-12-07,48.3958,120503,ICICI Bluechip
2019-11-07,48.6231,120503,ICICI Bluechip
2019-10-07,48.1232,120503,ICICI Bluechip
2019-09-07,48.498,120503,ICICI Bluechip
2019-08-07,48.5793,120503,ICICI Bluechip
2019-05-07,49.5638,120503,ICICI Bluechip
2019-04-07,50.258,120503,ICICI Bluechip
2019-03-07,50.1794,120503,ICICI Bluechip
2019-02-07,50.1515,120503,ICICI Bluechip
2019-01-07,49.7716,120503,ICICI Bluechip
2019-12-06,49.234,120503,ICICI Bluechip
2019-11-06,49.653,120503,ICICI Bluechip
2019-10-06,49.5439,120503,ICICI Bluechip
2019-07-06,49.443,120503,ICICI Bluechip
2019-06-06,49.4851,120503,ICICI Bluechip
2019-04-06,50.041,120503,ICICI Bluechip
2019-03-06,50.216,120503,ICICI Bluechip
2019-10-05,46.2551,120503,ICICI Bluechip
2019-09-05,46.2216,120503,ICICI Bluechip
2019-08-05,46.3892,120503,ICICI Bluechip
2019-07-05,46.9154,120503,ICICI Bluechip
2019-06-05,47.1499,120503,ICICI Bluechip
2019-03-05,47.5539,120503,ICICI Bluechip
2019-02-05,47.768,120503,ICICI Bluechip
2019-12-04,47.2601,120503,ICICI Bluechip
2019-11-04,47.175,120503,ICICI Bluechip
2019-10-04,47.2548,120503,ICICI Bluechip
2019-09-04,47.4487,120503,ICICI Bluechip
2019-08-04,47.3717,120503,ICICI Bluechip
2019-05-04,47.4887,120503,ICICI Bluechip
2019-04-04,47.1582,120503,ICICI Bluechip
2019-03-04,47.3076,120503,ICICI Bluechip
2019-02-04,47.3153,120503,ICICI Bluechip
2019-01-04,47.1959,120503,ICICI Bluechip
2019-12-03,46.2528,120503,ICICI Bluechip
2019-11-03,45.9878,120503,ICICI Bluechip
2019-08-03,45.3368,120503,ICICI Bluechip
2019-07-03,45.2268,120503,ICICI Bluechip
2019-06-03,45.3919,120503,ICICI Bluechip
2019-05-03,45.1533,120503,ICICI Bluechip
2019-01-03,44.6198,120503,ICICI Bluechip
2019-12-02,44.3109,120503,ICICI Bluechip
2019-11-02,44.5422,120503,ICICI Bluechip
2019-08-02,44.8823,120503,ICICI Bluechip
2019-07-02,45.183,120503,ICICI Bluechip
2019-06-02,44.8555,120503,ICICI Bluechip
2019-05-02,44.3637,120503,ICICI Bluechip
2019-04-02,44.1172,120503,ICICI Bluechip
2019-01-02,43.9509,120503,ICICI Bluechip
2019-11-01,44.451,120503,ICICI Bluechip
2019-10-01,44.7078,120503,ICICI Bluechip
2019-09-01,44.669,120503,ICICI Bluechip
2019-08-01,44.6935,120503,ICICI Bluechip
2019-07-01,45.1689,120503,ICICI Bluechip
2019-04-01,45.318,120503,ICICI Bluechip
2019-03-01,45.3334,120503,ICICI Bluechip
2019-02-01,45.6003,120503,ICICI Bluechip
2019-01-01,46.0296,120503,ICICI Bluechip
2018-12-12,45.4228,120503,ICICI Bluechip
2018-11-12,44.4437,120503,ICICI Bluechip
2018-10-12,44.0545,120503,ICICI Bluechip
2018-07-12,44.813,120503,ICICI Bluechip
2018-06-12,44.4363,120503,ICICI Bluechip
2018-05-12,45.0236,120503,ICICI Bluechip
2018-04-12,45.4645,120503,ICICI Bluechip
2018-03-12,45.5142,120503,ICICI Bluechip
2018-12-11,43.5524,120503,ICICI Bluechip
2018-09-11,44.1023,120503,ICICI Bluechip
2018-06-11,43.7198,120503,ICICI Bluechip
2018-05-11,43.81,120503,ICICI Bluechip
2018-02-11,43.85,120503,ICICI Bluechip
2018-01-11,43.1171,120503,ICICI Bluechip
2018-12-10,43.1784,120503,ICICI Bluechip
2018-11-10,42.0772,120503,ICICI Bluechip
2018-10-10,42.9547,120503,ICICI Bluechip
2018-09-10,41.9931,120503,ICICI Bluechip
2018-08-10,41.9164,120503,ICICI Bluechip
2018-05-10,42.1007,120503,ICICI Bluechip
2018-04-10,42.7151,120503,ICICI Bluechip
2018-03-10,43.5984,120503,ICICI Bluechip
2018-01-10,44.4205,120503,ICICI Bluechip
2018-12-09,47.5556,120503,ICICI Bluechip
2018-11-09,47.2567,120503,ICICI Bluechip
2018-10-09,47.8953,120503,ICICI Bluechip
2018-07-09,48.7308,120503,ICICI Bluechip
2018-06-09,48.7309,120503,ICICI Bluechip
2018-05-09,48.4323,120503,ICICI Bluechip
2018-04-09,48.7022,120503,ICICI Bluechip
2018-03-09,49.163,120503,ICICI Bluechip
2018-10-08,48.1197,120503,ICICI Bluechip
2018-09-08,48.3109,120503,ICICI Bluechip
2018-08-08,48.2043,120503,ICICI Bluechip
2018-07-08,48.0329,120503,ICICI Bluechip
2018-06-08,48.0192,120503,ICICI Bluechip
2018-03-08,48.1229,120503,ICICI Bluechip
2018-02-08,47.674,120503,ICICI Bluechip
2018-01-08,48.265,120503,ICICI Bluechip
2018-12-07,47.4669,120503,ICICI Bluechip
2018-11-07,47.33,120503,ICICI Bluechip
2018-10-07,47.2806,120503,ICICI Bluechip
2018-09-07,46.9185,120503,ICICI Bluechip
2018-06-07,46.6949,120503,ICICI Bluechip
2018-05-07,46.5507,120503,ICICI Bluechip
2018-04-07,46.4418,120503,ICICI Bluechip
2018-03-07,46.0473,120503,ICICI Bluechip
2018-02-07,45.7514,120503,ICICI Bluechip
2018-12-06,46.6921,120503,ICICI Bluechip
2018-11-06,46.4037,120503,ICICI Bluechip
2018-08-06,46.3772,120503,ICICI Bluechip
2018-07-06,46.2776,120503,ICICI Bluechip
2018-06-06,46.0611,120503,ICICI Bluechip
2018-05-06,45.4377,120503,ICICI Bluechip
2018-04-06,45.791,120503,ICICI Bluechip
2018-01-06,46.2936,120503,ICICI Bluechip
2018-11-05,46.058,120503,ICICI Bluechip
2018-10-05,45.8115,120503,ICICI Bluechip
2018-09-05,46.0353,120503,ICICI Bluechip
2018-08-05,46.1987,120503,ICICI Bluechip
2018-07-05,45.9842,120503,ICICI Bluechip
2018-04-05,45.8291,120503,ICICI Bluechip
2018-03-05,46.0162,120503,ICICI Bluechip
2018-02-05,46.423,120503,ICICI Bluechip
2018-12-04,45.1019,120503,ICICI Bluechip
2018-11-04,44.8579,120503,ICICI Bluechip
2018-10-04,44.6607,120503,ICICI Bluechip
2018-09-04,44.6744,120503,ICICI Bluechip
2018-06-04,44.5188,120503,ICICI Bluechip
2018-05-04,44.3133,120503,ICICI Bluechip
2018-04-04,43.6392,120503,ICICI Bluechip
2018-03-04,43.8922,120503,ICICI Bluechip
2018-02-04,43.7299,120503,ICICI Bluechip
2018-12-03,43.1646,120503,ICICI Bluechip
2018-09-03,42.8256,120503,ICICI Bluechip
2018-08-03,42.6226,120503,ICICI Bluechip
2018-07-03,42.4853,120503,ICICI Bluechip
2018-06-03,42.8249,120503,ICICI Bluechip
2018-05-03,43.1863,120503,ICICI Bluechip
2018-01-03,43.4761,120503,ICICI Bluechip
2018-12-02,43.1983,120503,ICICI Bluechip
2018-09-02,42.7755,120503,ICICI Bluechip
2018-08-02,42.9776,120503,ICICI Bluechip
2018-07-02,42.3219,120503,ICICI Bluechip
2018-06-02,42.3687,120503,ICICI Bluechip
2018-05-02,43.0571,120503,ICICI Bluechip
2018-02-02,43.6676,120503,ICICI Bluechip
2018-01-02,44.8934,120503,ICICI Bluechip
2018-12-01,45.0602,120503,ICICI Bluechip
2018-11-01,44.8982,120503,ICICI Bluechip
2018-10-01,44.7981,120503,ICICI Bluechip
2018-09-01,44.723,120503,ICICI Bluechip
2018-08-01,44.813,120503,ICICI Bluechip
2018-05-01,44.6544,120503,ICICI Bluechip
2018-04-01,44.1072,120503,ICICI Bluechip
2018-03-01,43.9237,120503,ICICI Bluechip
2018-02-01,43.8511,120503,ICICI Bluechip
2018-01-01,44.0453,120503,ICICI Bluechip
2017-12-12,42.8721,120503,ICICI Bluechip
2017-11-12,43.0751,120503,ICICI Bluechip
2017-08-12,42.8027,120503,ICICI Bluechip
2017-07-12,42.3686,120503,ICICI Bluechip
2017-06-12,41.9862,120503,ICICI Bluechip
2017-05-12,42.2472,120503,ICICI Bluechip
2017-04-12,42.4191,120503,ICICI Bluechip
2017-01-12,42.4195,120503,ICICI Bluechip
2017-10-11,42.1625,120503,ICICI Bluechip
2017-09-11,42.2021,120503,ICICI Bluechip
2017-08-11,42.051,120503,ICICI Bluechip
2017-07-11,42.1968,120503,ICICI Bluechip
2017-06-11,42.4219,120503,ICICI Bluechip
2017-03-11,42.442,120503,ICICI Bluechip
2017-02-11,42.4388,120503,ICICI Bluechip
2017-01-11,42.4335,120503,ICICI Bluechip
2017-12-10,41.9776,120503,ICICI Bluechip
2017-11-10,41.5534,120503,ICICI Bluechip
2017-10-10,41.6587,120503,ICICI Bluechip
2017-09-10,41.4651,120503,ICICI Bluechip
2017-06-10,41.4115,120503,ICICI Bluechip
2017-05-10,41.1997,120503,ICICI Bluechip
2017-04-10,41.2008,120503,ICICI Bluechip
2017-03-10,41.0754,120503,ICICI Bluechip
2017-12-09,42.0057,120503,ICICI Bluechip
2017-11-09,41.713,120503,ICICI Bluechip
2017-08-09,41.3939,120503,ICICI Bluechip
2017-07-09,41.2746,120503,ICICI Bluechip
2017-06-09,40.8249,120503,ICICI Bluechip
2017-05-09,40.7617,120503,ICICI Bluechip
2017-04-09,40.5261,120503,ICICI Bluechip
2017-01-09,40.7117,120503,ICICI Bluechip
2017-11-08,39.3275,120503,ICICI Bluechip
2017-10-08,39.3885,120503,ICICI Bluechip
2017-09-08,40.0602,120503,ICICI Bluechip
2017-08-08,40.615,120503,ICICI Bluechip
2017-07-08,40.9032,120503,ICICI Bluechip
2017-04-08,40.6241,120503,ICICI Bluechip
2017-03-08,40.4307,120503,ICICI Bluechip
2017-02-08,40.7686,120503,ICICI Bluechip
2017-01-08,40.8371,120503,ICICI Bluechip
2017-12-07,39.3091,120503,ICICI Bluechip
2017-11-07,39.2034,120503,ICICI Bluechip
2017-10-07,39.3134,120503,ICICI Bluechip
2017-07-07,38.9992,120503,ICICI Bluechip
2017-06-07,39.0762,120503,ICICI Bluechip
2017-05-07,38.8788,120503,ICICI Bluechip
2017-04-07,38.7575,120503,ICICI Bluechip
2017-03-07,38.7437,120503,ICICI Bluechip
2017-12-06,39.0069,120503,ICICI Bluechip
2017-09-06,39.0801,120503,ICICI Bluechip
2017-08-06,38.8185,120503,ICICI Bluechip
2017-07-06,38.7054,120503,ICICI Bluechip
2017-06-06,38.5089,120503,ICICI Bluechip
2017-05-06,38.5761,120503,ICICI Bluechip
2017-02-06,38.4372,120503,ICICI Bluechip
2017-01-06,38.1456,120503,ICICI Bluechip
2017-12-05,38.0429,120503,ICICI Bluechip
2017-11-05,38.1868,120503,ICICI Bluechip
2017-10-05,38.1331,120503,ICICI Bluechip
2017-09-05,37.7357,120503,ICICI Bluechip
2017-08-05,37.6089,120503,ICICI Bluechip
2017-05-05,37.5239,120503,ICICI Bluechip
2017-04-05,37.7064,120503,ICICI Bluechip
2017-03-05,37.5841,120503,ICICI Bluechip
2017-02-05,37.5727,120503,ICICI Bluechip
2017-12-04,36.8213,120503,ICICI Bluechip
2017-11-04,36.9007,120503,ICICI Bluechip
2017-10-04,36.6778,120503,ICICI Bluechip
2017-07-04,36.6454,120503,ICICI Bluechip
2017-06-04,36.7785,120503,ICICI Bluechip
2017-05-04,36.7997,120503,ICICI Bluechip
2017-03-04,36.5586,120503,ICICI Bluechip
2017-10-03,34.6742,120503,ICICI Bluechip
2017-09-03,34.5838,120503,ICICI Bluechip
2017-08-03,34.4506,120503,ICICI Bluechip
2017-07-03,34.3356,120503,ICICI Bluechip
2017-06-03,34.4305,120503,ICICI Bluechip
2017-03-03,34.2938,120503,ICICI Bluechip
2017-02-03,34.4318,120503,ICICI Bluechip
2017-01-03,34.7051,120503,ICICI Bluechip
2017-10-02,34.2666,120503,ICICI Bluechip
2017-09-02,34.1633,120503,ICICI Bluechip
2017-08-02,34.2462,120503,ICICI Bluechip
2017-07-02,34.2879,120503,ICICI Bluechip
2017-06-02,34.2516,120503,ICICI Bluechip
2017-03-02,34.0524,120503,ICICI Bluechip
2017-02-02,33.9741,120503,ICICI Bluechip
2017-01-02,33.9805,120503,ICICI Bluechip
2017-12-01,32.4691,120503,ICICI Bluechip
2017-11-01,32.4137,120503,ICICI Bluechip
2017-10-01,32.1411,120503,ICICI Bluechip
2017-09-01,31.9912,120503,ICICI Bluechip
2017-06-01,32.0693,120503,ICICI Bluechip
2017-05-01,32.0326,120503,ICICI Bluechip
2017-04-01,31.8272,120503,ICICI Bluechip
2017-03-01,31.9537,120503,ICICI Bluechip
2017-02-01,31.9456,120503,ICICI Bluechip
2016-12-12,32.25,120503,ICICI Bluechip
2016-09-12,32.5093,120503,ICICI Bluechip
2016-08-12,32.6371,120503,ICICI Bluechip
2016-07-12,32.0904,120503,ICICI Bluechip
2016-06-12,32.2736,120503,ICICI Bluechip
2016-05-12,32.2203,120503,ICICI Bluechip
2016-02-12,32.1706,120503,ICICI Bluechip
2016-01-12,32.6471,120503,ICICI Bluechip
2016-11-11,33.0425,120503,ICICI Bluechip
2016-10-11,33.9122,120503,ICICI Bluechip
2016-09-11,33.7079,120503,ICICI Bluechip
2016-08-11,34.1794,120503,ICICI Bluechip
2016-07-11,34.1912,120503,ICICI Bluechip
2016-04-11,34.1118,120503,ICICI Bluechip
2016-03-11,34.6874,120503,ICICI Bluechip
2016-02-11,34.8763,120503,ICICI Bluechip
2016-01-11,35.3692,120503,ICICI Bluechip
2016-10-10,35.1907,120503,ICICI Bluechip
2016-07-10,35.1869,120503,ICICI Bluechip
2016-06-10,35.2964,120503,ICICI Bluechip
2016-05-10,35.3256,120503,ICICI Bluechip
2016-04-10,35.3535,120503,ICICI Bluechip
2016-03-10,35.2722,120503,ICICI Bluechip
2016-12-09,34.5872,120503,ICICI Bluechip
2016-09-09,35.1591,120503,ICICI Bluechip
2016-08-09,35.3805,120503,ICICI Bluechip
2016-07-09,35.1675,120503,ICICI Bluechip
2016-06-09,35.2977,120503,ICICI Bluechip
2016-02-09,34.9656,120503,ICICI Bluechip
2016-01-09,34.8799,120503,ICICI Bluechip
2016-12-08,34.4515,120503,ICICI Bluechip
2016-11-08,34.3164,120503,ICICI Bluechip
2016-10-08,34.2988,120503,ICICI Bluechip
2016-09-08,34.7366,120503,ICICI Bluechip
2016-08-08,34.8229,120503,ICICI Bluechip
2016-05-08,34.6599,120503,ICICI Bluechip
2016-04-08,34.3186,120503,ICICI Bluechip
2016-03-08,34.2669,120503,ICICI Bluechip
2016-02-08,34.7268,120503,ICICI Bluechip
2016-01-08,34.7983,120503,ICICI Bluechip
2016-12-07,33.343,120503,ICICI Bluechip
2016-11-07,33.1952,120503,ICICI Bluechip
2016-08-07,32.7291,120503,ICICI Bluechip
2016-07-07,32.7902,120503,ICICI Bluechip
2016-05-07,32.8067,120503,ICICI Bluechip
2016-04-07,32.927,120503,ICICI Bluechip
2016-01-07,32.8312,120503,ICICI Bluechip
2016-10-06,32.2419,120503,ICICI Bluechip
2016-09-06,32.3337,120503,ICICI Bluechip
2016-08-06,32.5067,120503,ICICI Bluechip
2016-07-06,32.5025,120503,ICICI Bluechip
2016-06-06,32.3609,120503,ICICI Bluechip
2016-03-06,32.354,120503,ICICI Bluechip
2016-02-06,32.4416,120503,ICICI Bluechip
2016-01-06,32.4008,120503,ICICI Bluechip
2016-12-05,31.3966,120503,ICICI Bluechip
2016-11-05,31.2078,120503,ICICI Bluechip
2016-10-05,31.219,120503,ICICI Bluechip
2016-09-05,31.123,120503,ICICI Bluechip
2016-06-05,30.7528,120503,ICICI Bluechip
2016-05-05,30.8117,120503,ICICI Bluechip
2016-04-05,30.6917,120503,ICICI Bluechip
2016-03-05,30.7931,120503,ICICI Bluechip
2016-02-05,30.9972,120503,ICICI Bluechip
2016-12-04,30.4671,120503,ICICI Bluechip
2016-11-04,30.2098,120503,ICICI Bluechip
2016-08-04,29.9438,120503,ICICI Bluechip
2016-07-04,29.8722,120503,ICICI Bluechip
2016-06-04,30.0595,120503,ICICI Bluechip
2016-05-04,29.9676,120503,ICICI Bluechip
2016-04-04,30.3538,120503,ICICI Bluechip
2016-01-04,30.3141,120503,ICICI Bluechip
2016-11-03,29.6476,120503,ICICI Bluechip
2016-10-03,29.5812,120503,ICICI Bluechip
2016-09-03,29.5713,120503,ICICI Bluechip
2016-08-03,29.5397,120503,ICICI Bluechip
2016-04-03,29.5697,120503,ICICI Bluechip
2016-03-03,29.5679,120503,ICICI Bluechip
2016-02-03,29.2089,120503,ICICI Bluechip
2016-01-03,28.7737,120503,ICICI Bluechip
2016-12-02,28.5467,120503,ICICI Bluechip
2016-11-02,28.6778,120503,ICICI Bluechip
2016-10-02,29.6319,120503,ICICI Bluechip
2016-09-02,29.8739,120503,ICICI Bluechip
2016-08-02,30.2905,120503,ICICI Bluechip
2016-05-02,30.5141,120503,ICICI Bluechip
2016-04-02,30.15,120503,ICICI Bluechip
2016-03-02,29.9633,120503,ICICI Bluechip
2016-02-02,30.2285,120503,ICICI Bluechip
2016-01-02,30.6624,120503,ICICI Bluechip
2016-12-01,30.6696,120503,ICICI Bluechip
2016-11-01,30.8995,120503,ICICI Bluechip
2016-08-01,31.11,120503,ICICI Bluechip
2016-07-01,30.9356,120503,ICICI Bluechip
2016-06-01,31.4329,120503,ICICI Bluechip
2016-05-01,31.4237,120503,ICICI Bluechip
2016-04-01,31.4808,120503,ICICI Bluechip
2016-01-01,31.9147,120503,ICICI Bluechip
2015-11-12,30.2825,120503,ICICI Bluechip
2015-10-12,30.5499,120503,ICICI Bluechip
2015-09-12,30.3766,120503,ICICI Bluechip
2015-08-12,30.6797,120503,ICICI Bluechip
2015-07-12,30.8644,120503,ICICI Bluechip
2015-04-12,30.7805,120503,ICICI Bluechip
2015-03-12,30.986,120503,ICICI Bluechip
2015-02-12,31.1498,120503,ICICI Bluechip
2015-01-12,31.2789,120503,ICICI Bluechip
2015-10-11,30.5802,120503,ICICI Bluechip
2015-09-11,30.9535,120503,ICICI Bluechip
2015-06-11,31.0676,120503,ICICI Bluechip
2015-05-11,31.2215,120503,ICICI Bluechip
2015-04-11,31.7151,120503,ICICI Bluechip
2015-03-11,31.877,120503,ICICI Bluechip
2015-02-11,31.8613,120503,ICICI Bluechip
2015-12-10,32.0015,120503,ICICI Bluechip
2015-09-10,32.0619,120503,ICICI Bluechip
2015-08-10,32.0108,120503,ICICI Bluechip
2015-07-10,32.1395,120503,ICICI Bluechip
2015-06-10,32.0778,120503,ICICI Bluechip
2015-05-10,32.0854,120503,ICICI Bluechip
2015-01-10,31.6707,120503,ICICI Bluechip
2015-11-09,31.1477,120503,ICICI Bluechip
2015-10-09,31.1556,120503,ICICI Bluechip
2015-09-09,31.1632,120503,ICICI Bluechip
2015-08-09,30.6846,120503,ICICI Bluechip
2015-07-09,30.5063,120503,ICICI Bluechip
2015-04-09,30.918,120503,ICICI Bluechip
2015-03-09,31.5328,120503,ICICI Bluechip
2015-02-09,31.1915,120503,ICICI Bluechip
2015-01-09,31.1741,120503,ICICI Bluechip
2015-12-08,32.8422,120503,ICICI Bluechip
2015-11-08,33.2314,120503,ICICI Bluechip
2015-10-08,33.3264,120503,ICICI Bluechip
2015-07-08,33.4199,120503,ICICI Bluechip
2015-06-08,33.3743,120503,ICICI Bluechip
2015-05-08,33.2522,120503,ICICI Bluechip
2015-04-08,32.8123,120503,ICICI Bluechip
2015-03-08,32.4681,120503,ICICI Bluechip
2015-10-07,31.8118,120503,ICICI Bluechip
2015-09-07,31.6663,120503,ICICI Bluechip
2015-08-07,31.7819,120503,ICICI Bluechip
2015-07-07,32.1924,120503,ICICI Bluechip
2015-06-07,32.1055,120503,ICICI Bluechip
2015-03-07,32.0196,120503,ICICI Bluechip
2015-02-07,32.0166,120503,ICICI Bluechip
2015-01-07,31.9387,120503,ICICI Bluechip
2015-12-06,30.0924,120503,ICICI Bluechip
2015-11-06,30.2249,120503,ICICI Bluechip
2015-10-06,30.6897,120503,ICICI Bluechip
2015-09-06,30.29,120503,ICICI Bluechip
2015-08-06,30.4278,120503,ICICI Bluechip
2015-05-06,30.7798,120503,ICICI Bluechip
2015-04-06,30.815,120503,ICICI Bluechip
2015-03-06,30.7576,120503,ICICI Bluechip
2015-02-06,31.1166,120503,ICICI Bluechip
2015-01-06,31.6586,120503,ICICI Bluechip
2015-12-05,30.732,120503,ICICI Bluechip
2015-11-05,31.2258,120503,ICICI Bluechip
2015-08-05,30.7078,120503,ICICI Bluechip
2015-07-05,30.1706,120503,ICICI Bluechip
2015-06-05,30.494,120503,ICICI Bluechip
2015-05-05,31.3228,120503,ICICI Bluechip
2015-04-05,31.2359,120503,ICICI Bluechip
2015-10-04,33.136,120503,ICICI Bluechip
2015-09-04,33.1982,120503,ICICI Bluechip
2015-08-04,32.9273,120503,ICICI Bluechip
2015-07-04,32.6857,120503,ICICI Bluechip
2015-06-04,32.6869,120503,ICICI Bluechip
2015-01-04,32.3301,120503,ICICI Bluechip
2015-12-03,32.6953,120503,ICICI Bluechip
2015-11-03,32.4226,120503,ICICI Bluechip
2015-10-03,32.4392,120503,ICICI Bluechip
2015-09-03,32.6533,120503,ICICI Bluechip
2015-05-03,33.0907,120503,ICICI Bluechip
2015-04-03,32.6889,120503,ICICI Bluechip
2015-03-03,32.7511,120503,ICICI Bluechip
2015-02-03,32.332,120503,ICICI Bluechip
2015-12-02,31.1078,120503,ICICI Bluechip
2015-11-02,30.7771,120503,ICICI Bluechip
2015-10-02,30.3335,120503,ICICI Bluechip
2015-09-02,30.2365,120503,ICICI Bluechip
2015-06-02,30.5713,120503,ICICI Bluechip
2015-05-02,30.8805,120503,ICICI Bluechip
2015-04-02,30.8819,120503,ICICI Bluechip
2015-03-02,31.1223,120503,ICICI Bluechip
2015-02-02,31.3209,120503,ICICI Bluechip
2015-12-01,30.0342,120503,ICICI Bluechip
2015-09-01,29.8206,120503,ICICI Bluechip
2015-08-01,29.7028,120503,ICICI Bluechip
2015-07-01,29.2748,120503,ICICI Bluechip
2015-06-01,29.2677,120503,ICICI Bluechip
2015-05-01,29.9841,120503,ICICI Bluechip
2015-02-01,29.9872,120503,ICICI Bluechip
2015-01-01,29.5761,120503,ICICI Bluechip
2014-12-12,28.6958,120503,ICICI Bluechip
2014-11-12,28.9082,120503,ICICI Bluechip
2014-10-12,28.8866,120503,ICICI Bluechip
2014-09-12,28.8865,120503,ICICI Bluechip
2014-08-12,29.1879,120503,ICICI Bluechip
2014-05-12,29.3389,120503,ICICI Bluechip
2014-04-12,29.3911,120503,ICICI Bluechip
2014-03-12,29.2435,120503,ICICI Bluechip
2014-02-12,29.0315,120503,ICICI Bluechip
2014-01-12,28.983,120503,ICICI Bluechip
2014-12-11,28.3193,120503,ICICI Bluechip
2014-11-11,28.2391,120503,ICICI Bluechip
2014-10-11,28.0042,120503,ICICI Bluechip
2014-07-11,28.0049,120503,ICICI Bluechip
2014-05-11,27.8847,120503,ICICI Bluechip
2014-03-11,27.7722,120503,ICICI Bluechip
2014-10-10,25.9356,120503,ICICI Bluechip
2014-09-10,26.3647,120503,ICICI Bluechip
2014-08-10,26.0109,120503,ICICI Bluechip
2014-07-10,26.1357,120503,ICICI Bluechip
2014-01-10,26.4262,120503,ICICI Bluechip
2014-12-09,27.0259,120503,ICICI Bluechip
2014-11-09,26.9513,120503,ICICI Bluechip
2014-10-09,26.6955,120503,ICICI Bluechip
2014-09-09,26.7198,120503,ICICI Bluechip
2014-08-09,26.6756,120503,ICICI Bluechip
2014-05-09,26.3654,120503,ICICI Bluechip
2014-04-09,26.3266,120503,ICICI Bluechip
2014-03-09,26.2996,120503,ICICI Bluechip
2014-02-09,26.1127,120503,ICICI Bluechip
2014-01-09,25.8567,120503,ICICI Bluechip
2014-12-08,24.3387,120503,ICICI Bluechip
2014-11-08,24.0808,120503,ICICI Bluechip
2014-08-08,23.8891,120503,ICICI Bluechip
2014-07-08,24.1782,120503,ICICI Bluechip
2014-06-08,24.2479,120503,ICICI Bluechip
2014-05-08,24.3007,120503,ICICI Bluechip
2014-04-08,24.1119,120503,ICICI Bluechip
2014-01-08,23.9306,120503,ICICI Bluechip
2014-11-07,23.2346,120503,ICICI Bluechip
2014-10-07,23.5146,120503,ICICI Bluechip
2014-09-07,23.4313,120503,ICICI Bluechip
2014-08-07,23.7186,120503,ICICI Bluechip
2014-07-07,24.275,120503,ICICI Bluechip
2014-04-07,24.2967,120503,ICICI Bluechip
2014-03-07,24.1979,120503,ICICI Bluechip
2014-02-07,24.016,120503,ICICI Bluechip
2014-01-07,23.6544,120503,ICICI Bluechip
2014-12-06,22.9122,120503,ICICI Bluechip
2014-11-06,22.7528,120503,ICICI Bluechip
2014-10-06,22.9365,120503,ICICI Bluechip
2014-09-06,22.7465,120503,ICICI Bluechip
2014-06-06,22.532,120503,ICICI Bluechip
2014-05-06,22.3183,120503,ICICI Bluechip
2014-04-06,22.2,120503,ICICI Bluechip
2014-03-06,22.1067,120503,ICICI Bluechip
2014-02-06,21.9387,120503,ICICI Bluechip
2014-12-05,20.4204,120503,ICICI Bluechip
2014-09-05,20.0994,120503,ICICI Bluechip
2014-08-05,19.706,120503,ICICI Bluechip
2014-07-05,19.6396,120503,ICICI Bluechip
2014-06-05,19.6623,120503,ICICI Bluechip
2014-05-05,19.615,120503,ICICI Bluechip
2014-02-05,19.6001,120503,ICICI Bluechip
2014-11-04,19.4665,120503,ICICI Bluechip
2014-10-04,19.5023,120503,ICICI Bluechip
2014-09-04,19.4787,120503,ICICI Bluechip
2014-07-04,19.227,120503,ICICI Bluechip
2014-04-04,19.2274,120503,ICICI Bluechip
2014-03-04,19.3331,120503,ICICI Bluechip
2014-02-04,19.3511,120503,ICICI Bluechip
2014-01-04,19.2809,120503,ICICI Bluechip
2014-12-03,18.6535,120503,ICICI Bluechip
2014-11-03,18.5457,120503,ICICI Bluechip
2014-10-03,18.5498,120503,ICICI Bluechip
2014-07-03,18.4912,120503,ICICI Bluechip
2014-06-03,18.338,120503,ICICI Bluechip
2014-05-03,18.1757,120503,ICICI Bluechip
2014-04-03,18.0637,120503,ICICI Bluechip
2014-03-03,17.9248,120503,ICICI Bluechip
2014-12-02,17.1504,120503,ICICI Bluechip
2014-11-02,17.0838,120503,ICICI Bluechip
2014-10-02,17.0094,120503,ICICI Bluechip
2014-07-02,17.0349,120503,ICICI Bluechip
2014-06-02,16.9746,120503,ICICI Bluechip
2014-05-02,16.9623,120503,ICICI Bluechip
2014-04-02,16.886,120503,ICICI Bluechip
2014-03-02,16.8643,120503,ICICI Bluechip
2014-10-01,17.347,120503,ICICI Bluechip
2014-09-01,17.3968,120503,ICICI Bluechip
2014-08-01,17.4401,120503,ICICI Bluechip
2014-07-01,17.3428,120503,ICICI Bluechip
2014-06-01,17.3726,120503,ICICI Bluechip
2014-03-01,17.3062,120503,ICICI Bluechip
2014-02-01,17.2465,120503,ICICI Bluechip
2014-01-01,17.4606,120503,ICICI Bluechip
2013-12-12,17.1221,120503,ICICI Bluechip
2013-11-12,17.1614,120503,ICICI Bluechip
2013-10-12,17.1309,120503,ICICI Bluechip
2013-09-12,17.1451,120503,ICICI Bluechip
2013-06-12,17.0086,120503,ICICI Bluechip
2013-05-12,16.979,120503,ICICI Bluechip
2013-04-12,16.8619,120503,ICICI Bluechip
2013-03-12,17.0192,120503,ICICI Bluechip
2013-02-12,17.0194,120503,ICICI Bluechip
2013-12-11,16.237,120503,ICICI Bluechip
2013-11-11,16.24,120503,ICICI Bluechip
2013-08-11,16.2705,120503,ICICI Bluechip
2013-07-11,16.3104,120503,ICICI Bluechip
2013-06-11,16.3485,120503,ICICI Bluechip
2013-05-11,16.2853,120503,ICICI Bluechip
2013-01-11,16.2955,120503,ICICI Bluechip
2013-11-10,15.7415,120503,ICICI Bluechip
2013-10-10,15.6447,120503,ICICI Bluechip
2013-09-10,15.6088,120503,ICICI Bluechip
2013-08-10,15.3869,120503,ICICI Bluechip
2013-07-10,15.3439,120503,ICICI Bluechip
2013-04-10,15.2672,120503,ICICI Bluechip
2013-03-10,15.1916,120503,ICICI Bluechip
2013-01-10,14.9575,120503,ICICI Bluechip
2013-12-09,14.8835,120503,ICICI Bluechip
2013-11-09,14.9458,120503,ICICI Bluechip
2013-10-09,14.8613,120503,ICICI Bluechip
2013-06-09,14.4284,120503,ICICI Bluechip
2013-05-09,14.3129,120503,ICICI Bluechip
2013-04-09,14.0106,120503,ICICI Bluechip
2013-03-09,13.9014,120503,ICICI Bluechip
2013-02-09,14.2365,120503,ICICI Bluechip
2013-12-08,14.5806,120503,ICICI Bluechip
2013-08-08,14.3894,120503,ICICI Bluechip
2013-07-08,14.2345,120503,ICICI Bluechip
2013-06-08,14.3633,120503,ICICI Bluechip
2013-05-08,14.6753,120503,ICICI Bluechip
2013-02-08,14.6639,120503,ICICI Bluechip
2013-01-08,14.7515,120503,ICICI Bluechip
2013-12-07,15.6022,120503,ICICI Bluechip
2013-11-07,15.4709,120503,ICICI Bluechip
2013-10-07,15.273,120503,ICICI Bluechip
2013-09-07,15.2741,120503,ICICI Bluechip
2013-08-07,15.0639,120503,ICICI Bluechip
2013-05-07,15.1472,120503,ICICI Bluechip
2013-04-07,15.0843,120503,ICICI Bluechip
2013-03-07,14.8874,120503,ICICI Bluechip
2013-02-07,15.0405,120503,ICICI Bluechip
2013-01-07,15.0643,120503,ICICI Bluechip
2013-12-06,14.8527,120503,ICICI Bluechip
2013-11-06,14.9065,120503,ICICI Bluechip
2013-10-06,15.1368,120503,ICICI Bluechip
2013-07-06,15.2015,120503,ICICI Bluechip
2013-06-06,15.2391,120503,ICICI Bluechip
2013-05-06,15.2456,120503,ICICI Bluechip
2013-04-06,15.2142,120503,ICICI Bluechip
2013-03-06,15.2578,120503,ICICI Bluechip
2013-10-05,15.3358,120503,ICICI Bluechip
2013-09-05,15.2634,120503,ICICI Bluechip
2013-08-05,15.3597,120503,ICICI Bluechip
2013-07-05,15.2704,120503,ICICI Bluechip
2013-06-05,15.1497,120503,ICICI Bluechip
2013-03-05,15.0518,120503,ICICI Bluechip
2013-02-05,15.1032,120503,ICICI Bluechip
2013-12-04,14.0426,120503,ICICI Bluechip
2013-11-04,14.0994,120503,ICICI Bluechip
2013-10-04,13.9826,120503,ICICI Bluechip
2013-09-04,13.9389,120503,ICICI Bluechip
2013-08-04,14.0224,120503,ICICI Bluechip
2013-07-04,0.0,120503,ICICI Bluechip
2013-05-04,14.0479,120503,ICICI Bluechip
2013-04-04,14.0601,120503,ICICI Bluechip
2013-03-04,14.2929,120503,ICICI Bluechip
2013-02-04,14.3768,120503,ICICI Bluechip
2013-01-04,14.231,120503,ICICI Bluechip
2013-12-03,14.69,120503,ICICI Bluechip
2013-11-03,14.7309,120503,ICICI Bluechip
2013-08-03,14.6971,120503,ICICI Bluechip
2013-07-03,14.4921,120503,ICICI Bluechip
2013-06-03,14.3669,120503,ICICI Bluechip
2013-05-03,14.3051,120503,ICICI Bluechip
2013-04-03,14.1535,120503,ICICI Bluechip
2013-01-03,14.238,120503,ICICI Bluechip
2013-12-02,14.5546,120503,ICICI Bluechip
2013-11-02,14.5489,120503,ICICI Bluechip
2013-08-02,14.6145,120503,ICICI Bluechip
2013-07-02,14.6822,120503,ICICI Bluechip
2013-06-02,14.7026,120503,ICICI Bluechip
2013-05-02,14.6435,120503,ICICI Bluechip
2013-04-02,14.7065,120503,ICICI Bluechip
2013-01-02,14.6961,120503,ICICI Bluechip
2013-11-01,14.8886,120503,ICICI Bluechip
2013-10-01,15.0619,120503,ICICI Bluechip
2013-09-01,15.0517,120503,ICICI Bluechip
2013-08-01,15.1146,120503,ICICI Bluechip
2013-07-01,15.0913,120503,ICICI Bluechip
2013-04-01,15.0702,120503,ICICI Bluechip
2013-03-01,15.0737,120503,ICICI Bluechip
2013-02-01,15.0253,120503,ICICI Bluechip
2026-01-06,97.1944,118632,Nippon Large Cap
2026-12-05,97.1846,118632,Nippon Large Cap
2026-11-05,99.2007,118632,Nippon Large Cap
2026-08-05,100.4981,118632,Nippon Large Cap
2026-07-05,101.2917,118632,Nippon Large Cap
2026-06-05,101.1725,118632,Nippon Large Cap
2026-05-05,99.9072,118632,Nippon Large Cap
2026-04-05,100.0932,118632,Nippon Large Cap
2026-10-04,98.8886,118632,Nippon Large Cap
2026-09-04,97.4948,118632,Nippon Large Cap
2026-08-04,98.1861,118632,Nippon Large Cap
2026-07-04,94.7584,118632,Nippon Large Cap
2026-06-04,94.353,118632,Nippon Large Cap
2026-02-04,93.2361,118632,Nippon Large Cap
2026-01-04,92.9211,118632,Nippon Large Cap
2026-12-03,97.31,118632,Nippon Large Cap
2026-11-03,98.1139,118632,Nippon Large Cap
2026-10-03,99.4725,118632,Nippon Large Cap
2026-09-03,98.2895,118632,Nippon Large Cap
2026-06-03,100.0829,118632,Nippon Large Cap
2026-05-03,101.1422,118632,Nippon Large Cap
2026-04-03,99.951,118632,Nippon Large Cap
2026-02-03,101.8541,118632,Nippon Large Cap
2026-12-02,104.9922,118632,Nippon Large Cap
2026-11-02,105.5426,118632,Nippon Large Cap
2026-10-02,105.3572,118632,Nippon Large Cap
2026-09-02,104.8998,118632,Nippon Large Cap
2026-06-02,103.9204,118632,Nippon Large Cap
2026-05-02,103.759,118632,Nippon Large Cap
2026-04-02,104.0764,118632,Nippon Large Cap
2026-03-02,103.8538,118632,Nippon Large Cap
2026-02-02,101.2456,118632,Nippon Large Cap
2026-12-01,103.6218,118632,Nippon Large Cap
2026-09-01,103.4654,118632,Nippon Large Cap
2026-08-01,104.3327,118632,Nippon Large Cap
2026-07-01,105.6078,118632,Nippon Large Cap
2026-06-01,105.7006,118632,Nippon Large Cap
2026-05-01,105.7109,118632,Nippon Large Cap
2026-02-01,106.1272,118632,Nippon Large Cap
2026-01-01,105.4001,118632,Nippon Large Cap
2025-12-12,105.2738,118632,Nippon Large Cap
2025-11-12,104.659,118632,Nippon Large Cap
2025-10-12,104.014,118632,Nippon Large Cap
2025-09-12,104.2635,118632,Nippon Large Cap
2025-08-12,104.3721,118632,Nippon Large Cap
2025-05-12,105.4142,118632,Nippon Large Cap
2025-04-12,105.0426,118632,Nippon Large Cap
2025-03-12,105.0214,118632,Nippon Large Cap
2025-02-12,105.2367,118632,Nippon Large Cap
2025-01-12,105.5389,118632,Nippon Large Cap
2025-12-11,104.6829,118632,Nippon Large Cap
2025-11-11,104.1242,118632,Nippon Large Cap
2025-10-11,103.8912,118632,Nippon Large Cap
2025-07-11,103.6712,118632,Nippon Large Cap
2025-06-11,103.6683,118632,Nippon Large Cap
2025-04-11,104.296,118632,Nippon Large Cap
2025-03-11,104.8494,118632,Nippon Large Cap
2025-10-10,103.236,118632,Nippon Large Cap
2025-09-10,102.7968,118632,Nippon Large Cap
2025-08-10,102.3564,118632,Nippon Large Cap
2025-07-10,102.7883,118632,Nippon Large Cap
2025-06-10,102.8296,118632,Nippon Large Cap
2025-03-10,102.3835,118632,Nippon Large Cap
2025-01-10,102.0581,118632,Nippon Large Cap
2025-12-09,102.9764,118632,Nippon Large Cap
2025-11-09,102.4033,118632,Nippon Large Cap
2025-10-09,102.3512,118632,Nippon Large Cap
2025-09-09,101.9677,118632,Nippon Large Cap
2025-08-09,101.6765,118632,Nippon Large Cap
2025-05-09,101.5517,118632,Nippon Large Cap
2025-04-09,101.4965,118632,Nippon Large Cap
2025-03-09,101.5909,118632,Nippon Large Cap
2025-02-09,100.9907,118632,Nippon Large Cap
2025-01-09,101.1664,118632,Nippon Large Cap
2025-12-08,99.7536,118632,Nippon Large Cap
2025-11-08,99.916,118632,Nippon Large Cap
2025-08-08,98.9884,118632,Nippon Large Cap
2025-07-08,99.9091,118632,Nippon Large Cap
2025-06-08,99.7886,118632,Nippon Large Cap
2025-05-08,100.1112,118632,Nippon Large Cap
2025-04-08,100.2779,118632,Nippon Large Cap
2025-01-08,99.9113,118632,Nippon Large Cap
2025-11-07,101.2686,118632,Nippon Large Cap
2025-10-07,101.799,118632,Nippon Large Cap
2025-09-07,102.039,118632,Nippon Large Cap
2025-08-07,102.0364,118632,Nippon Large Cap
2025-07-07,101.754,118632,Nippon Large Cap
2025-04-07,101.7883,118632,Nippon Large Cap
2025-03-07,101.5231,118632,Nippon Large Cap
2025-02-07,101.8391,118632,Nippon Large Cap
2025-01-07,102.2738,118632,Nippon Large Cap
2025-12-06,100.0453,118632,Nippon Large Cap
2025-11-06,101.3151,118632,Nippon Large Cap
2025-10-06,101.2256,118632,Nippon Large Cap
2025-09-06,101.3481,118632,Nippon Large Cap
2025-06-06,100.6269,118632,Nippon Large Cap
2025-05-06,99.6617,118632,Nippon Large Cap
2025-04-06,99.1551,118632,Nippon Large Cap
2025-03-06,98.7161,118632,Nippon Large Cap
2025-02-06,99.2736,118632,Nippon Large Cap
2025-12-05,97.9099,118632,Nippon Large Cap
2025-09-05,94.3482,118632,Nippon Large Cap
2025-08-05,95.1487,118632,Nippon Large Cap
2025-07-05,96.0208,118632,Nippon Large Cap
2025-06-05,95.5648,118632,Nippon Large Cap
2025-05-05,96.5552,118632,Nippon Large Cap
2025-02-05,95.9389,118632,Nippon Large Cap
2025-11-04,90.0693,118632,Nippon Large Cap
2025-09-04,88.641,118632,Nippon Large Cap
2025-08-04,89.2409,118632,Nippon Large Cap
2025-07-04,87.7802,118632,Nippon Large Cap
2025-04-04,90.4333,118632,Nippon Large Cap
2025-03-04,92.2243,118632,Nippon Large Cap
2025-02-04,92.4165,118632,Nippon Large Cap
2025-01-04,91.6629,118632,Nippon Large Cap
2025-12-03,88.3738,118632,Nippon Large Cap
2025-11-03,88.5042,118632,Nippon Large Cap
2025-10-03,88.5879,118632,Nippon Large Cap
2025-07-03,89.1195,118632,Nippon Large Cap
2025-06-03,89.174,118632,Nippon Large Cap
2025-05-03,88.2535,118632,Nippon Large Cap
2025-04-03,87.1643,118632,Nippon Large Cap
2025-03-03,86.983,118632,Nippon Large Cap
2025-12-02,90.3408,118632,Nippon Large Cap
2025-11-02,90.5443,118632,Nippon Large Cap
2025-10-02,92.1773,118632,Nippon Large Cap
2025-07-02,93.319,118632,Nippon Large Cap
2025-06-02,93.4896,118632,Nippon Large Cap
2025-05-02,93.8883,118632,Nippon Large Cap
2025-04-02,93.9231,118632,Nippon Large Cap
2025-03-02,92.4237,118632,Nippon Large Cap
2025-10-01,93.7271,118632,Nippon Large Cap
2025-09-01,94.581,118632,Nippon Large Cap
2025-08-01,95.4138,118632,Nippon Large Cap
2025-07-01,95.7436,118632,Nippon Large Cap
2025-06-01,95.3266,118632,Nippon Large Cap
2025-03-01,97.1671,118632,Nippon Large Cap
2025-02-01,97.5681,118632,Nippon Large Cap
2025-01-01,96.1113,118632,Nippon Large Cap
2024-12-12,99.2226,118632,Nippon Large Cap
2024-11-12,99.6289,118632,Nippon Large Cap
2024-10-12,99.546,118632,Nippon Large Cap
2024-09-12,99.5074,118632,Nippon Large Cap
2024-06-12,99.6509,118632,Nippon Large Cap
2024-05-12,99.4147,118632,Nippon Large Cap
2024-04-12,98.6536,118632,Nippon Large Cap
2024-03-12,98.2022,118632,Nippon Large Cap
2024-02-12,97.1205,118632,Nippon Large Cap
2024-12-11,95.3799,118632,Nippon Large Cap
2024-11-11,96.5738,118632,Nippon Large Cap
2024-08-11,96.4406,118632,Nippon Large Cap
2024-07-11,96.8112,118632,Nippon Large Cap
2024-06-11,97.5614,118632,Nippon Large Cap
2024-05-11,96.3891,118632,Nippon Large Cap
2024-04-11,95.6366,118632,Nippon Large Cap
2024-11-10,99.139,118632,Nippon Large Cap
2024-10-10,99.2685,118632,Nippon Large Cap
2024-09-10,98.9923,118632,Nippon Large Cap
2024-08-10,98.6381,118632,Nippon Large Cap
2024-07-10,97.3987,118632,Nippon Large Cap
2024-04-10,98.7098,118632,Nippon Large Cap
2024-03-10,99.4889,118632,Nippon Large Cap
2024-01-10,101.4323,118632,Nippon Large Cap
2024-12-09,100.2373,118632,Nippon Large Cap
2024-11-09,98.7724,118632,Nippon Large Cap
2024-10-09,99.2319,118632,Nippon Large Cap
2024-09-09,98.4675,118632,Nippon Large Cap
2024-06-09,98.076,118632,Nippon Large Cap
2024-05-09,99.3569,118632,Nippon Large Cap
2024-04-09,99.2067,118632,Nippon Large Cap
2024-03-09,99.6805,118632,Nippon Large Cap
2024-02-09,99.5227,118632,Nippon Large Cap
2024-12-08,96.4431,118632,Nippon Large Cap
2024-09-08,96.6915,118632,Nippon Large Cap
2024-08-08,95.9036,118632,Nippon Large Cap
2024-07-08,96.5617,118632,Nippon Large Cap
2024-06-08,95.1642,118632,Nippon Large Cap
2024-05-08,95.6995,118632,Nippon Large Cap
2024-02-08,98.3992,118632,Nippon Large Cap
2024-01-08,99.1905,118632,Nippon Large Cap
2024-12-07,97.3785,118632,Nippon Large Cap
2024-11-07,97.096,118632,Nippon Large Cap
2024-10-07,96.9845,118632,Nippon Large Cap
2024-09-07,97.3311,118632,Nippon Large Cap
2024-08-07,96.8647,118632,Nippon Large Cap
2024-05-07,96.8297,118632,Nippon Large Cap
2024-04-07,96.6688,118632,Nippon Large Cap
2024-03-07,96.3988,118632,Nippon Large Cap
2024-02-07,95.5824,118632,Nippon Large Cap
2024-01-07,95.6996,118632,Nippon Large Cap
2024-12-06,92.5612,118632,Nippon Large Cap
2024-11-06,92.1206,118632,Nippon Large Cap
2024-10-06,92.0097,118632,Nippon Large Cap
2024-07-06,91.8562,118632,Nippon Large Cap
2024-06-06,90.1267,118632,Nippon Large Cap
2024-05-06,89.1172,118632,Nippon Large Cap
2024-04-06,86.3042,118632,Nippon Large Cap
2024-03-06,92.4271,118632,Nippon Large Cap
2024-10-05,86.9891,118632,Nippon Large Cap
2024-09-05,86.3547,118632,Nippon Large Cap
2024-08-05,87.904,118632,Nippon Large Cap
2024-07-05,87.7561,118632,Nippon Large Cap
2024-06-05,88.3316,118632,Nippon Large Cap
2024-03-05,88.739,118632,Nippon Large Cap
2024-02-05,89.3246,118632,Nippon Large Cap
2024-12-04,87.8748,118632,Nippon Large Cap
2024-10-04,88.6487,118632,Nippon Large Cap
2024-09-04,88.3609,118632,Nippon Large Cap
2024-08-04,88.4212,118632,Nippon Large Cap
2024-05-04,87.8656,118632,Nippon Large Cap
2024-04-04,87.5846,118632,Nippon Large Cap
2024-03-04,87.3591,118632,Nippon Large Cap
2024-02-04,87.1671,118632,Nippon Large Cap
2024-01-04,87.1447,118632,Nippon Large Cap
2024-12-03,85.1058,118632,Nippon Large Cap
2024-11-03,85.4384,118632,Nippon Large Cap
2024-07-03,86.2429,118632,Nippon Large Cap
2024-06-03,85.81,118632,Nippon Large Cap
2024-05-03,85.8536,118632,Nippon Large Cap
2024-04-03,85.8389,118632,Nippon Large Cap
2024-01-03,85.3718,118632,Nippon Large Cap
2024-12-02,81.6287,118632,Nippon Large Cap
2024-09-02,82.8752,118632,Nippon Large Cap
2024-08-02,82.5897,118632,Nippon Large Cap
2024-07-02,83.0313,118632,Nippon Large Cap
2024-06-02,82.272,118632,Nippon Large Cap
2024-05-02,81.5416,118632,Nippon Large Cap
2024-02-02,81.7841,118632,Nippon Large Cap
2024-01-02,81.3917,118632,Nippon Large Cap
2024-12-01,81.7745,118632,Nippon Large Cap
2024-11-01,81.1364,118632,Nippon Large Cap
2024-10-01,80.8502,118632,Nippon Large Cap
2024-09-01,80.6145,118632,Nippon Large Cap
2024-08-01,80.3728,118632,Nippon Large Cap
2024-05-01,81.059,118632,Nippon Large Cap
2024-04-01,80.9262,118632,Nippon Large Cap
2024-03-01,80.1318,118632,Nippon Large Cap
2024-02-01,80.3585,118632,Nippon Large Cap
2024-01-01,80.3877,118632,Nippon Large Cap
2023-12-12,77.3349,118632,Nippon Large Cap
2023-11-12,77.584,118632,Nippon Large Cap
2023-08-12,77.2576,118632,Nippon Large Cap
2023-07-12,77.1094,118632,Nippon Large Cap
2023-06-12,76.7791,118632,Nippon Large Cap
2023-05-12,76.3652,118632,Nippon Large Cap
2023-04-12,76.0297,118632,Nippon Large Cap
2023-01-12,74.703,118632,Nippon Large Cap
2023-10-11,71.6976,118632,Nippon Large Cap
2023-09-11,71.6223,118632,Nippon Large Cap
2023-08-11,71.8582,118632,Nippon Large Cap
2023-07-11,71.692,118632,Nippon Large Cap
2023-06-11,71.6717,118632,Nippon Large Cap
2023-03-11,70.9984,118632,Nippon Large Cap
2023-02-11,70.5127,118632,Nippon Large Cap
2023-01-11,69.8843,118632,Nippon Large Cap
2023-12-10,72.8206,118632,Nippon Large Cap
2023-11-10,72.6358,118632,Nippon Large Cap
2023-10-10,72.2501,118632,Nippon Large Cap
2023-09-10,71.523,118632,Nippon Large Cap
2023-06-10,72.2666,118632,Nippon Large Cap
2023-05-10,71.8691,118632,Nippon Large Cap
2023-04-10,71.4828,118632,Nippon Large Cap
2023-03-10,72.158,118632,Nippon Large Cap
2023-12-09,73.0049,118632,Nippon Large Cap
2023-11-09,73.7256,118632,Nippon Large Cap
2023-08-09,73.1125,118632,Nippon Large Cap
2023-07-09,72.6174,118632,Nippon Large Cap
2023-06-09,72.046,118632,Nippon Large Cap
2023-05-09,71.8802,118632,Nippon Large Cap
2023-04-09,71.717,118632,Nippon Large Cap
2023-01-09,71.3664,118632,Nippon Large Cap
2023-11-08,70.33,118632,Nippon Large Cap
2023-10-08,70.5498,118632,Nippon Large Cap
2023-09-08,70.6852,118632,Nippon Large Cap
2023-08-08,70.2574,118632,Nippon Large Cap
2023-07-08,70.2492,118632,Nippon Large Cap
2023-04-08,70.0645,118632,Nippon Large Cap
2023-03-08,69.5471,118632,Nippon Large Cap
2023-02-08,69.9106,118632,Nippon Large Cap
2023-01-08,70.8398,118632,Nippon Large Cap
2023-12-07,68.7079,118632,Nippon Large Cap
2023-11-07,68.6673,118632,Nippon Large Cap
2023-10-07,68.2229,118632,Nippon Large Cap
2023-07-07,68.2028,118632,Nippon Large Cap
2023-06-07,68.5885,118632,Nippon Large Cap
2023-05-07,68.231,118632,Nippon Large Cap
2023-04-07,68.092,118632,Nippon Large Cap
2023-03-07,68.0211,118632,Nippon Large Cap
2023-12-06,65.5378,118632,Nippon Large Cap
2023-09-06,65.3566,118632,Nippon Large Cap
2023-08-06,65.5102,118632,Nippon Large Cap
2023-07-06,65.8209,118632,Nippon Large Cap
2023-06-06,65.2544,118632,Nippon Large Cap
2023-05-06,65.1536,118632,Nippon Large Cap
2023-02-06,64.8709,118632,Nippon Large Cap
2023-01-06,64.62,118632,Nippon Large Cap
2023-12-05,63.281,118632,Nippon Large Cap
2023-11-05,63.2204,118632,Nippon Large Cap
2023-10-05,63.1904,118632,Nippon Large Cap
2023-09-05,62.9979,118632,Nippon Large Cap
2023-08-05,63.0419,118632,Nippon Large Cap
2023-05-05,62.233,118632,Nippon Large Cap
2023-04-05,62.6908,118632,Nippon Large Cap
2023-03-05,62.1695,118632,Nippon Large Cap
2023-02-05,62.2082,118632,Nippon Large Cap
2023-12-04,60.3205,118632,Nippon Large Cap
2023-11-04,60.0753,118632,Nippon Large Cap
2023-10-04,59.9027,118632,Nippon Large Cap
2023-06-04,59.8319,118632,Nippon Large Cap
2023-05-04,59.6706,118632,Nippon Large Cap
2023-03-04,59.1936,118632,Nippon Large Cap
2023-10-03,59.342,118632,Nippon Large Cap
2023-09-03,59.8804,118632,Nippon Large Cap
2023-08-03,60.262,118632,Nippon Large Cap
2023-06-03,59.9573,118632,Nippon Large Cap
2023-03-03,59.6132,118632,Nippon Large Cap
2023-02-03,58.8032,118632,Nippon Large Cap
2023-01-03,59.1352,118632,Nippon Large Cap
2023-10-02,60.2259,118632,Nippon Large Cap
2023-09-02,60.2739,118632,Nippon Large Cap
2023-08-02,60.1886,118632,Nippon Large Cap
2023-07-02,59.7885,118632,Nippon Large Cap
2023-06-02,59.9718,118632,Nippon Large Cap
2023-03-02,60.0787,118632,Nippon Large Cap
2023-02-02,59.4591,118632,Nippon Large Cap
2023-01-02,59.4179,118632,Nippon Large Cap
2023-12-01,59.9049,118632,Nippon Large Cap
2023-11-01,59.9785,118632,Nippon Large Cap
2023-10-01,59.9286,118632,Nippon Large Cap
2023-09-01,60.3555,118632,Nippon Large Cap
2023-06-01,59.6299,118632,Nippon Large Cap
2023-05-01,59.9027,118632,Nippon Large Cap
2023-04-01,59.942,118632,Nippon Large Cap
2023-03-01,60.6308,118632,Nippon Large Cap
2023-02-01,60.5329,118632,Nippon Large Cap
2022-12-12,61.7656,118632,Nippon Large Cap
2022-09-12,61.5993,118632,Nippon Large Cap
2022-08-12,61.965,118632,Nippon Large Cap
2022-07-12,61.6493,118632,Nippon Large Cap
2022-06-12,61.7369,118632,Nippon Large Cap
2022-05-12,61.9412,118632,Nippon Large Cap
2022-02-12,61.9567,118632,Nippon Large Cap
2022-01-12,62.1939,118632,Nippon Large Cap
2022-11-11,61.031,118632,Nippon Large Cap
2022-10-11,60.1695,118632,Nippon Large Cap
2022-09-11,60.6581,118632,Nippon Large Cap
2022-07-11,60.7799,118632,Nippon Large Cap
2022-04-11,60.3565,118632,Nippon Large Cap
2022-03-11,60.3416,118632,Nippon Large Cap
2022-02-11,60.4681,118632,Nippon Large Cap
2022-01-11,60.4832,118632,Nippon Large Cap
2022-12-10,57.76,118632,Nippon Large Cap
2022-11-10,57.2407,118632,Nippon Large Cap
2022-10-10,58.0159,118632,Nippon Large Cap
2022-07-10,58.3747,118632,Nippon Large Cap
2022-06-10,58.4078,118632,Nippon Large Cap
2022-04-10,58.0773,118632,Nippon Large Cap
2022-03-10,56.8006,118632,Nippon Large Cap
2022-12-09,59.5275,118632,Nippon Large Cap
2022-09-09,59.2261,118632,Nippon Large Cap
2022-08-09,59.143,118632,Nippon Large Cap
2022-07-09,58.716,118632,Nippon Large Cap
2022-06-09,58.7072,118632,Nippon Large Cap
2022-05-09,58.8258,118632,Nippon Large Cap
2022-02-09,58.3472,118632,Nippon Large Cap
2022-01-09,58.1166,118632,Nippon Large Cap
2022-12-08,57.8835,118632,Nippon Large Cap
2022-11-08,57.7547,118632,Nippon Large Cap
2022-10-08,57.141,118632,Nippon Large Cap
2022-08-08,57.1191,118632,Nippon Large Cap
2022-05-08,56.6969,118632,Nippon Large Cap
2022-04-08,56.6734,118632,Nippon Large Cap
2022-03-08,56.7417,118632,Nippon Large Cap
2022-02-08,56.7489,118632,Nippon Large Cap
2022-01-08,56.694,118632,Nippon Large Cap
2022-12-07,52.5995,118632,Nippon Large Cap
2022-11-07,53.1047,118632,Nippon Large Cap
2022-08-07,53.0855,118632,Nippon Large Cap
2022-07-07,52.812,118632,Nippon Large Cap
2022-06-07,52.1807,118632,Nippon Large Cap
2022-05-07,51.558,118632,Nippon Large Cap
2022-04-07,51.5891,118632,Nippon Large Cap
2022-01-07,51.062,118632,Nippon Large Cap
2022-10-06,51.6231,118632,Nippon Large Cap
2022-09-06,52.3177,118632,Nippon Large Cap
2022-08-06,52.1342,118632,Nippon Large Cap
2022-07-06,52.1924,118632,Nippon Large Cap
2022-06-06,52.5736,118632,Nippon Large Cap
2022-03-06,52.7132,118632,Nippon Large Cap
2022-02-06,53.0168,118632,Nippon Large Cap
2022-01-06,52.8958,118632,Nippon Large Cap
2022-12-05,50.2057,118632,Nippon Large Cap
2022-11-05,51.1851,118632,Nippon Large Cap
2022-10-05,51.4411,118632,Nippon Large Cap
2022-09-05,51.7456,118632,Nippon Large Cap
2022-06-05,52.1522,118632,Nippon Large Cap
2022-05-05,52.8648,118632,Nippon Large Cap
2022-04-05,52.716,118632,Nippon Large Cap
2022-02-05,53.9804,118632,Nippon Large Cap
2022-12-04,55.6751,118632,Nippon Large Cap
2022-11-04,56.2116,118632,Nippon Large Cap
2022-08-04,56.5618,118632,Nippon Large Cap
2022-07-04,56.1015,118632,Nippon Large Cap
2022-06-04,56.4694,118632,Nippon Large Cap
2022-05-04,56.5848,118632,Nippon Large Cap
2022-04-04,56.8326,118632,Nippon Large Cap
2022-01-04,55.7151,118632,Nippon Large Cap
2022-11-03,51.9161,118632,Nippon Large Cap
2022-10-03,51.7675,118632,Nippon Large Cap
2022-09-03,51.1626,118632,Nippon Large Cap
2022-08-03,50.1075,118632,Nippon Large Cap
2022-07-03,49.4198,118632,Nippon Large Cap
2022-04-03,50.5231,118632,Nippon Large Cap
2022-03-03,51.257,118632,Nippon Large Cap
2022-02-03,51.4979,118632,Nippon Large Cap
2022-11-02,54.5917,118632,Nippon Large Cap
2022-10-02,55.4149,118632,Nippon Large Cap
2022-09-02,55.0412,118632,Nippon Large Cap
2022-08-02,54.5086,118632,Nippon Large Cap
2022-07-02,54.5047,118632,Nippon Large Cap
2022-04-02,55.2995,118632,Nippon Large Cap
2022-03-02,55.544,118632,Nippon Large Cap
2022-02-02,56.0001,118632,Nippon Large Cap
2022-01-02,55.3735,118632,Nippon Large Cap
2022-12-01,56.42,118632,Nippon Large Cap
2022-11-01,55.7781,118632,Nippon Large Cap
2022-10-01,55.5418,118632,Nippon Large Cap
2022-07-01,54.8875,118632,Nippon Large Cap
2022-06-01,54.8331,118632,Nippon Large Cap
2022-05-01,55.148,118632,Nippon Large Cap
2022-04-01,54.9154,118632,Nippon Large Cap
2022-03-01,54.3991,118632,Nippon Large Cap
2021-10-12,54.5616,118632,Nippon Large Cap
2021-09-12,54.5585,118632,Nippon Large Cap
2021-08-12,54.3811,118632,Nippon Large Cap
2021-07-12,53.4281,118632,Nippon Large Cap
2021-06-12,52.5657,118632,Nippon Large Cap
2021-03-12,53.399,118632,Nippon Large Cap
2021-02-12,53.7638,118632,Nippon Large Cap
2021-01-12,53.2262,118632,Nippon Large Cap
2021-12-11,56.6546,118632,Nippon Large Cap
2021-11-11,56.0398,118632,Nippon Large Cap
2021-10-11,56.4731,118632,Nippon Large Cap
2021-09-11,56.5542,118632,Nippon Large Cap
2021-08-11,56.3817,118632,Nippon Large Cap
2021-03-11,55.5728,118632,Nippon Large Cap
2021-02-11,55.7095,118632,Nippon Large Cap
2021-01-11,55.6464,118632,Nippon Large Cap
2021-12-10,55.7014,118632,Nippon Large Cap
2021-11-10,55.6508,118632,Nippon Large Cap
2021-08-10,55.3313,118632,Nippon Large Cap
2021-07-10,55.1058,118632,Nippon Large Cap
2021-06-10,54.5693,118632,Nippon Large Cap
2021-05-10,55.2462,118632,Nippon Large Cap
2021-04-10,54.7566,118632,Nippon Large Cap
2021-01-10,53.9989,118632,Nippon Large Cap
2021-09-09,52.9306,118632,Nippon Large Cap
2021-08-09,52.6958,118632,Nippon Large Cap
2021-07-09,52.6217,118632,Nippon Large Cap
2021-06-09,52.6746,118632,Nippon Large Cap
2021-03-09,52.6263,118632,Nippon Large Cap
2021-02-09,52.4957,118632,Nippon Large Cap
2021-01-09,52.0683,118632,Nippon Large Cap
2021-12-08,49.9821,118632,Nippon Large Cap
2021-11-08,49.6093,118632,Nippon Large Cap
2021-10-08,49.4644,118632,Nippon Large Cap
2021-09-08,49.5266,118632,Nippon Large Cap
2021-06-08,49.6375,118632,Nippon Large Cap
2021-05-08,49.8586,118632,Nippon Large Cap
2021-04-08,49.7887,118632,Nippon Large Cap
2021-03-08,49.5836,118632,Nippon Large Cap
2021-02-08,48.8843,118632,Nippon Large Cap
2021-12-07,47.7575,118632,Nippon Large Cap
2021-09-07,47.7858,118632,Nippon Large Cap
2021-08-07,47.8442,118632,Nippon Large Cap
2021-07-07,48.2858,118632,Nippon Large Cap
2021-06-07,47.9985,118632,Nippon Large Cap
2021-05-07,48.087,118632,Nippon Large Cap
2021-02-07,47.6878,118632,Nippon Large Cap
2021-01-07,47.5235,118632,Nippon Large Cap
2021-11-06,47.7655,118632,Nippon Large Cap
2021-10-06,47.6711,118632,Nippon Large Cap
2021-09-06,47.2611,118632,Nippon Large Cap
2021-08-06,47.4981,118632,Nippon Large Cap
2021-07-06,47.5131,118632,Nippon Large Cap
2021-04-06,47.254,118632,Nippon Large Cap
2021-03-06,47.2687,118632,Nippon Large Cap
2021-02-06,47.0119,118632,Nippon Large Cap
2021-01-06,46.8615,118632,Nippon Large Cap
2021-12-05,44.3089,118632,Nippon Large Cap
2021-11-05,44.6715,118632,Nippon Large Cap
2021-10-05,44.6395,118632,Nippon Large Cap
2021-07-05,44.2139,118632,Nippon Large Cap
2021-06-05,43.8458,118632,Nippon Large Cap
2021-05-05,43.5666,118632,Nippon Large Cap
2021-04-05,43.1654,118632,Nippon Large Cap
2021-03-05,43.5025,118632,Nippon Large Cap
2021-12-04,41.9881,118632,Nippon Large Cap
2021-09-04,43.8531,118632,Nippon Large Cap
2021-08-04,44.0046,118632,Nippon Large Cap
2021-07-04,43.9786,118632,Nippon Large Cap
2021-06-04,43.5747,118632,Nippon Large Cap
2021-05-04,43.5112,118632,Nippon Large Cap
2021-01-04,44.237,118632,Nippon Large Cap
2021-12-03,44.9961,118632,Nippon Large Cap
2021-10-03,45.4237,118632,Nippon Large Cap
2021-09-03,45.1929,118632,Nippon Large Cap
2021-08-03,45.2591,118632,Nippon Large Cap
2021-05-03,44.8532,118632,Nippon Large Cap
2021-04-03,45.564,118632,Nippon Large Cap
2021-03-03,46.0063,118632,Nippon Large Cap
2021-02-03,45.1308,118632,Nippon Large Cap
2021-01-03,44.6362,118632,Nippon Large Cap
2021-12-02,44.6208,118632,Nippon Large Cap
2021-11-02,44.7129,118632,Nippon Large Cap
2021-10-02,44.5049,118632,Nippon Large Cap
2021-09-02,44.5908,118632,Nippon Large Cap
2021-08-02,44.6087,118632,Nippon Large Cap
2021-05-02,44.0117,118632,Nippon Large Cap
2021-04-02,43.7496,118632,Nippon Large Cap
2021-03-02,43.3242,118632,Nippon Large Cap
2021-02-02,42.8596,118632,Nippon Large Cap
2021-01-02,41.8157,118632,Nippon Large Cap
2021-12-01,42.3527,118632,Nippon Large Cap
2021-11-01,41.9657,118632,Nippon Large Cap
2021-08-01,41.6488,118632,Nippon Large Cap
2021-07-01,41.2561,118632,Nippon Large Cap
2021-06-01,41.0522,118632,Nippon Large Cap
2021-05-01,41.091,118632,Nippon Large Cap
2021-04-01,40.9828,118632,Nippon Large Cap
2021-01-01,40.4005,118632,Nippon Large Cap
2020-11-12,39.0473,118632,Nippon Large Cap
2020-10-12,38.8646,118632,Nippon Large Cap
2020-09-12,39.0437,118632,Nippon Large Cap
2020-08-12,38.7901,118632,Nippon Large Cap
2020-07-12,38.7575,118632,Nippon Large Cap
2020-04-12,38.245,118632,Nippon Large Cap
2020-03-12,37.821,118632,Nippon Large Cap
2020-02-12,37.5432,118632,Nippon Large Cap
2020-01-12,37.3095,118632,Nippon Large Cap
2020-12-11,35.7895,118632,Nippon Large Cap
2020-11-11,35.9428,118632,Nippon Large Cap
2020-10-11,35.5366,118632,Nippon Large Cap
2020-09-11,34.9766,118632,Nippon Large Cap
2020-06-11,34.3419,118632,Nippon Large Cap
2020-05-11,34.062,118632,Nippon Large Cap
2020-04-11,33.3429,118632,Nippon Large Cap
2020-03-11,33.1525,118632,Nippon Large Cap
2020-02-11,32.7807,118632,Nippon Large Cap
2020-12-10,32.9711,118632,Nippon Large Cap
2020-09-10,33.0317,118632,Nippon Large Cap
2020-08-10,32.7154,118632,Nippon Large Cap
2020-07-10,32.5833,118632,Nippon Large Cap
2020-06-10,32.6001,118632,Nippon Large Cap
2020-05-10,32.3962,118632,Nippon Large Cap
2020-01-10,32.1394,118632,Nippon Large Cap
2020-11-09,32.9639,118632,Nippon Large Cap
2020-10-09,32.9323,118632,Nippon Large Cap
2020-09-09,32.5343,118632,Nippon Large Cap
2020-08-09,32.8204,118632,Nippon Large Cap
2020-07-09,33.2136,118632,Nippon Large Cap
2020-04-09,33.208,118632,Nippon Large Cap
2020-03-09,33.9705,118632,Nippon Large Cap
2020-02-09,34.0984,118632,Nippon Large Cap
2020-01-09,33.8474,118632,Nippon Large Cap
2020-12-08,32.8053,118632,Nippon Large Cap
2020-11-08,32.6573,118632,Nippon Large Cap
2020-10-08,32.4045,118632,Nippon Large Cap
2020-07-08,31.9881,118632,Nippon Large Cap
2020-06-08,31.8681,118632,Nippon Large Cap
2020-05-08,31.6211,118632,Nippon Large Cap
2020-04-08,31.5038,118632,Nippon Large Cap
2020-03-08,31.1644,118632,Nippon Large Cap
2020-10-07,30.9371,118632,Nippon Large Cap
2020-09-07,31.1314,118632,Nippon Large Cap
2020-08-07,30.9103,118632,Nippon Large Cap
2020-07-07,31.0631,118632,Nippon Large Cap
2020-06-07,31.0298,118632,Nippon Large Cap
2020-03-07,30.6066,118632,Nippon Large Cap
2020-02-07,30.4217,118632,Nippon Large Cap
2020-01-07,30.1676,118632,Nippon Large Cap
2020-12-06,29.2344,118632,Nippon Large Cap
2020-11-06,29.0615,118632,Nippon Large Cap
2020-10-06,29.7963,118632,Nippon Large Cap
2020-09-06,29.7598,118632,Nippon Large Cap
2020-08-06,30.1996,118632,Nippon Large Cap
2020-05-06,29.8914,118632,Nippon Large Cap
2020-04-06,29.0746,118632,Nippon Large Cap
2020-03-06,29.0246,118632,Nippon Large Cap
2020-02-06,28.8451,118632,Nippon Large Cap
2020-01-06,28.6179,118632,Nippon Large Cap
2020-12-05,26.7675,118632,Nippon Large Cap
2020-11-05,26.7118,118632,Nippon Large Cap
2020-08-05,26.7445,118632,Nippon Large Cap
2020-07-05,26.8711,118632,Nippon Large Cap
2020-06-05,27.1651,118632,Nippon Large Cap
2020-05-05,27.154,118632,Nippon Large Cap
2020-04-05,27.499,118632,Nippon Large Cap
2020-09-04,27.2096,118632,Nippon Large Cap
2020-08-04,26.2099,118632,Nippon Large Cap
2020-07-04,26.1117,118632,Nippon Large Cap
2020-03-04,24.394,118632,Nippon Large Cap
2020-01-04,24.836,118632,Nippon Large Cap
2020-12-03,29.1242,118632,Nippon Large Cap
2020-11-03,32.0067,118632,Nippon Large Cap
2020-09-03,32.3964,118632,Nippon Large Cap
2020-06-03,33.8975,118632,Nippon Large Cap
2020-05-03,34.7965,118632,Nippon Large Cap
2020-04-03,34.7438,118632,Nippon Large Cap
2020-03-03,35.0947,118632,Nippon Large Cap
2020-02-03,34.5233,118632,Nippon Large Cap
2020-12-02,38.1116,118632,Nippon Large Cap
2020-11-02,38.1614,118632,Nippon Large Cap
2020-10-02,37.8178,118632,Nippon Large Cap
2020-07-02,38.2086,118632,Nippon Large Cap
2020-06-02,38.2093,118632,Nippon Large Cap
2020-05-02,37.8623,118632,Nippon Large Cap
2020-04-02,37.2406,118632,Nippon Large Cap
2020-03-02,36.3634,118632,Nippon Large Cap
2020-10-01,38.2168,118632,Nippon Large Cap
2020-09-01,38.064,118632,Nippon Large Cap
2020-08-01,37.3886,118632,Nippon Large Cap
2020-07-01,37.5129,118632,Nippon Large Cap
2020-06-01,37.4068,118632,Nippon Large Cap
2020-03-01,38.2715,118632,Nippon Large Cap
2020-02-01,38.4483,118632,Nippon Large Cap
2020-01-01,37.9668,118632,Nippon Large Cap
2019-12-12,36.954,118632,Nippon Large Cap
2019-11-12,36.5698,118632,Nippon Large Cap
2019-10-12,36.4552,118632,Nippon Large Cap
2019-09-12,36.7694,118632,Nippon Large Cap
2019-06-12,36.7408,118632,Nippon Large Cap
2019-05-12,37.2128,118632,Nippon Large Cap
2019-04-12,37.4698,118632,Nippon Large Cap
2019-03-12,37.2069,118632,Nippon Large Cap
2019-02-12,37.5274,118632,Nippon Large Cap
2019-11-11,37.0639,118632,Nippon Large Cap
2019-08-11,36.8802,118632,Nippon Large Cap
2019-07-11,37.3476,118632,Nippon Large Cap
2019-06-11,37.396,118632,Nippon Large Cap
2019-05-11,37.2677,118632,Nippon Large Cap
2019-04-11,37.4373,118632,Nippon Large Cap
2019-01-11,37.3083,118632,Nippon Large Cap
2019-11-10,34.8641,118632,Nippon Large Cap
2019-10-10,34.6615,118632,Nippon Large Cap
2019-09-10,35.0899,118632,Nippon Large Cap
2019-07-10,34.4231,118632,Nippon Large Cap
2019-04-10,34.7243,118632,Nippon Large Cap
2019-03-10,35.233,118632,Nippon Large Cap
2019-01-10,35.232,118632,Nippon Large Cap
2019-12-09,34.1039,118632,Nippon Large Cap
2019-11-09,34.1812,118632,Nippon Large Cap
2019-09-09,33.9053,118632,Nippon Large Cap
2019-06-09,33.6463,118632,Nippon Large Cap
2019-05-09,33.3774,118632,Nippon Large Cap
2019-04-09,33.192,118632,Nippon Large Cap
2019-03-09,32.9684,118632,Nippon Large Cap
2019-09-08,34.3629,118632,Nippon Large Cap
2019-08-08,34.2803,118632,Nippon Large Cap
2019-07-08,33.8466,118632,Nippon Large Cap
2019-06-08,34.3933,118632,Nippon Large Cap
2019-05-08,34.0276,118632,Nippon Large Cap
2019-02-08,34.4649,118632,Nippon Large Cap
2019-01-08,34.6488,118632,Nippon Large Cap
2019-12-07,37.2259,118632,Nippon Large Cap
2019-11-07,37.21,118632,Nippon Large Cap
2019-10-07,36.8628,118632,Nippon Large Cap
2019-09-07,37.2295,118632,Nippon Large Cap
2019-08-07,36.9659,118632,Nippon Large Cap
2019-05-07,37.8995,118632,Nippon Large Cap
2019-04-07,38.4089,118632,Nippon Large Cap
2019-03-07,38.2732,118632,Nippon Large Cap
2019-02-07,38.1492,118632,Nippon Large Cap
2019-01-07,38.1294,118632,Nippon Large Cap
2019-12-06,37.7824,118632,Nippon Large Cap
2019-11-06,37.9905,118632,Nippon Large Cap
2019-10-06,37.824,118632,Nippon Large Cap
2019-07-06,37.7513,118632,Nippon Large Cap
2019-06-06,37.7242,118632,Nippon Large Cap
2019-04-06,38.5849,118632,Nippon Large Cap
2019-03-06,38.7646,118632,Nippon Large Cap
2019-10-05,36.1112,118632,Nippon Large Cap
2019-09-05,36.1098,118632,Nippon Large Cap
2019-08-05,36.2878,118632,Nippon Large Cap
2019-07-05,36.7143,118632,Nippon Large Cap
2019-06-05,37.1291,118632,Nippon Large Cap
2019-03-05,37.396,118632,Nippon Large Cap
2019-02-05,37.2702,118632,Nippon Large Cap
2019-12-04,37.6532,118632,Nippon Large Cap
2019-11-04,37.4361,118632,Nippon Large Cap
2019-10-04,37.378,118632,Nippon Large Cap
2019-09-04,37.5077,118632,Nippon Large Cap
2019-08-04,37.2241,118632,Nippon Large Cap
2019-05-04,37.5191,118632,Nippon Large Cap
2019-04-04,37.3202,118632,Nippon Large Cap
2019-03-04,37.434,118632,Nippon Large Cap
2019-02-04,37.8738,118632,Nippon Large Cap
2019-01-04,37.7396,118632,Nippon Large Cap
2019-12-03,36.4004,118632,Nippon Large Cap
2019-11-03,36.0421,118632,Nippon Large Cap
2019-08-03,35.4924,118632,Nippon Large Cap
2019-07-03,35.5907,118632,Nippon Large Cap
2019-06-03,35.5201,118632,Nippon Large Cap
2019-05-03,35.4016,118632,Nippon Large Cap
2019-01-03,34.7149,118632,Nippon Large Cap
2019-12-02,34.0735,118632,Nippon Large Cap
2019-11-02,34.1241,118632,Nippon Large Cap
2019-08-02,34.4331,118632,Nippon Large Cap
2019-07-02,35.0078,118632,Nippon Large Cap
2019-06-02,34.8702,118632,Nippon Large Cap
2019-05-02,34.4663,118632,Nippon Large Cap
2019-04-02,34.5859,118632,Nippon Large Cap
2019-01-02,34.7678,118632,Nippon Large Cap
2019-11-01,35.2316,118632,Nippon Large Cap
2019-10-01,35.3285,118632,Nippon Large Cap
2019-09-01,35.2384,118632,Nippon Large Cap
2019-08-01,35.1267,118632,Nippon Large Cap
2019-07-01,34.8727,118632,Nippon Large Cap
2019-04-01,34.7714,118632,Nippon Large Cap
2019-03-01,34.5153,118632,Nippon Large Cap
2019-02-01,34.8637,118632,Nippon Large Cap
2019-01-01,35.3061,118632,Nippon Large Cap
2018-12-12,34.4292,118632,Nippon Large Cap
2018-11-12,33.7144,118632,Nippon Large Cap
2018-10-12,33.3958,118632,Nippon Large Cap
2018-07-12,33.8079,118632,Nippon Large Cap
2018-06-12,33.7422,118632,Nippon Large Cap
2018-05-12,34.1841,118632,Nippon Large Cap
2018-04-12,34.7341,118632,Nippon Large Cap
2018-03-12,34.6368,118632,Nippon Large Cap
2018-12-11,33.9351,118632,Nippon Large Cap
2018-09-11,34.3811,118632,Nippon Large Cap
2018-06-11,34.1348,118632,Nippon Large Cap
2018-05-11,34.3161,118632,Nippon Large Cap
2018-02-11,34.3998,118632,Nippon Large Cap
2018-01-11,33.9584,118632,Nippon Large Cap
2018-12-10,32.8517,118632,Nippon Large Cap
2018-11-10,32.2514,118632,Nippon Large Cap
2018-10-10,33.0232,118632,Nippon Large Cap
2018-09-10,32.2168,118632,Nippon Large Cap
2018-08-10,32.371,118632,Nippon Large Cap
2018-05-10,32.5654,118632,Nippon Large Cap
2018-04-10,33.5729,118632,Nippon Large Cap
2018-03-10,34.1188,118632,Nippon Large Cap
2018-01-10,34.388,118632,Nippon Large Cap
2018-12-09,36.1758,118632,Nippon Large Cap
2018-11-09,35.9588,118632,Nippon Large Cap
2018-10-09,36.4594,118632,Nippon Large Cap
2018-07-09,36.8595,118632,Nippon Large Cap
2018-06-09,36.5036,118632,Nippon Large Cap
2018-05-09,36.2032,118632,Nippon Large Cap
2018-04-09,36.2352,118632,Nippon Large Cap
2018-03-09,36.7355,118632,Nippon Large Cap
2018-10-08,35.3667,118632,Nippon Large Cap
2018-09-08,35.6865,118632,Nippon Large Cap
2018-08-08,35.4928,118632,Nippon Large Cap
2018-07-08,35.3674,118632,Nippon Large Cap
2018-06-08,35.4678,118632,Nippon Large Cap
2018-03-08,35.3753,118632,Nippon Large Cap
2018-02-08,34.989,118632,Nippon Large Cap
2018-01-08,35.1089,118632,Nippon Large Cap
2018-12-07,33.7237,118632,Nippon Large Cap
2018-11-07,33.6146,118632,Nippon Large Cap
2018-10-07,33.7515,118632,Nippon Large Cap
2018-09-07,33.4895,118632,Nippon Large Cap
2018-06-07,33.1586,118632,Nippon Large Cap
2018-05-07,33.1059,118632,Nippon Large Cap
2018-04-07,33.2067,118632,Nippon Large Cap
2018-03-07,33.0748,118632,Nippon Large Cap
2018-02-07,32.9111,118632,Nippon Large Cap
2018-12-06,34.1387,118632,Nippon Large Cap
2018-11-06,33.8679,118632,Nippon Large Cap
2018-08-06,33.8405,118632,Nippon Large Cap
2018-07-06,33.7109,118632,Nippon Large Cap
2018-06-06,33.387,118632,Nippon Large Cap
2018-05-06,32.9146,118632,Nippon Large Cap
2018-04-06,33.0834,118632,Nippon Large Cap
2018-01-06,33.3544,118632,Nippon Large Cap
2018-11-05,34.1106,118632,Nippon Large Cap
2018-10-05,33.9535,118632,Nippon Large Cap
2018-09-05,34.1515,118632,Nippon Large Cap
2018-08-05,34.1955,118632,Nippon Large Cap
2018-07-05,34.1863,118632,Nippon Large Cap
2018-04-05,33.8283,118632,Nippon Large Cap
2018-03-05,34.0608,118632,Nippon Large Cap
2018-02-05,34.2246,118632,Nippon Large Cap
2018-12-04,33.5214,118632,Nippon Large Cap
2018-11-04,33.4863,118632,Nippon Large Cap
2018-10-04,33.6416,118632,Nippon Large Cap
2018-09-04,33.4945,118632,Nippon Large Cap
2018-06-04,33.3987,118632,Nippon Large Cap
2018-05-04,33.295,118632,Nippon Large Cap
2018-04-04,32.7241,118632,Nippon Large Cap
2018-03-04,33.0696,118632,Nippon Large Cap
2018-02-04,32.7923,118632,Nippon Large Cap
2018-12-03,33.4068,118632,Nippon Large Cap
2018-09-03,32.9489,118632,Nippon Large Cap
2018-08-03,33.0565,118632,Nippon Large Cap
2018-07-03,32.8094,118632,Nippon Large Cap
2018-06-03,33.2481,118632,Nippon Large Cap
2018-05-03,33.5489,118632,Nippon Large Cap
2018-01-03,33.9327,118632,Nippon Large Cap
2018-12-02,34.6196,118632,Nippon Large Cap
2018-09-02,34.4287,118632,Nippon Large Cap
2018-08-02,34.7053,118632,Nippon Large Cap
2018-07-02,34.131,118632,Nippon Large Cap
2018-06-02,34.1225,118632,Nippon Large Cap
2018-05-02,34.6657,118632,Nippon Large Cap
2018-02-02,34.7973,118632,Nippon Large Cap
2018-01-02,35.7358,118632,Nippon Large Cap
2018-12-01,35.3194,118632,Nippon Large Cap
2018-11-01,35.2637,118632,Nippon Large Cap
2018-10-01,35.1768,118632,Nippon Large Cap
2018-09-01,35.3117,118632,Nippon Large Cap
2018-08-01,35.419,118632,Nippon Large Cap
2018-05-01,35.2026,118632,Nippon Large Cap
2018-04-01,34.9609,118632,Nippon Large Cap
2018-03-01,34.6333,118632,Nippon Large Cap
2018-02-01,34.5302,118632,Nippon Large Cap
2018-01-01,34.6262,118632,Nippon Large Cap
2017-12-12,33.885,118632,Nippon Large Cap
2017-11-12,34.0329,118632,Nippon Large Cap
2017-08-12,33.871,118632,Nippon Large Cap
2017-07-12,33.6118,118632,Nippon Large Cap
2017-06-12,33.1637,118632,Nippon Large Cap
2017-05-12,33.4891,118632,Nippon Large Cap
2017-04-12,33.4572,118632,Nippon Large Cap
2017-01-12,33.4223,118632,Nippon Large Cap
2017-10-11,33.6443,118632,Nippon Large Cap
2017-09-11,33.4535,118632,Nippon Large Cap
2017-08-11,33.4258,118632,Nippon Large Cap
2017-07-11,33.6005,118632,Nippon Large Cap
2017-06-11,33.9914,118632,Nippon Large Cap
2017-03-11,33.9577,118632,Nippon Large Cap
2017-02-11,33.8467,118632,Nippon Large Cap
2017-01-11,33.6633,118632,Nippon Large Cap
2017-12-10,32.0301,118632,Nippon Large Cap
2017-11-10,31.7567,118632,Nippon Large Cap
2017-10-10,31.9242,118632,Nippon Large Cap
2017-09-10,31.8386,118632,Nippon Large Cap
2017-06-10,31.8248,118632,Nippon Large Cap
2017-05-10,31.483,118632,Nippon Large Cap
2017-04-10,31.5247,118632,Nippon Large Cap
2017-03-10,31.4069,118632,Nippon Large Cap
2017-12-09,32.094,118632,Nippon Large Cap
2017-11-09,31.6347,118632,Nippon Large Cap
2017-08-09,31.4232,118632,Nippon Large Cap
2017-07-09,31.4877,118632,Nippon Large Cap
2017-06-09,31.3772,118632,Nippon Large Cap
2017-05-09,31.5585,118632,Nippon Large Cap
2017-04-09,31.4361,118632,Nippon Large Cap
2017-01-09,31.6691,118632,Nippon Large Cap
2017-11-08,30.6617,118632,Nippon Large Cap
2017-10-08,30.9067,118632,Nippon Large Cap
2017-09-08,31.2446,118632,Nippon Large Cap
2017-08-08,31.6179,118632,Nippon Large Cap
2017-07-08,31.8846,118632,Nippon Large Cap
2017-04-08,31.7571,118632,Nippon Large Cap
2017-03-08,31.6737,118632,Nippon Large Cap
2017-02-08,32.0117,118632,Nippon Large Cap
2017-01-08,32.1063,118632,Nippon Large Cap
2017-12-07,31.2596,118632,Nippon Large Cap
2017-11-07,31.1432,118632,Nippon Large Cap
2017-10-07,31.2073,118632,Nippon Large Cap
2017-07-07,30.9141,118632,Nippon Large Cap
2017-06-07,30.9183,118632,Nippon Large Cap
2017-05-07,30.7453,118632,Nippon Large Cap
2017-04-07,30.6469,118632,Nippon Large Cap
2017-03-07,30.7076,118632,Nippon Large Cap
2017-12-06,30.3447,118632,Nippon Large Cap
2017-09-06,30.5259,118632,Nippon Large Cap
2017-08-06,30.506,118632,Nippon Large Cap
2017-07-06,30.4099,118632,Nippon Large Cap
2017-06-06,30.229,118632,Nippon Large Cap
2017-05-06,30.3514,118632,Nippon Large Cap
2017-02-06,30.3031,118632,Nippon Large Cap
2017-01-06,30.1327,118632,Nippon Large Cap
2017-12-05,29.9322,118632,Nippon Large Cap
2017-11-05,30.031,118632,Nippon Large Cap
2017-10-05,29.9594,118632,Nippon Large Cap
2017-09-05,29.6765,118632,Nippon Large Cap
2017-08-05,29.5504,118632,Nippon Large Cap
2017-05-05,29.4109,118632,Nippon Large Cap
2017-04-05,29.6105,118632,Nippon Large Cap
2017-03-05,29.4667,118632,Nippon Large Cap
2017-02-05,29.46,118632,Nippon Large Cap
2017-12-04,29.2211,118632,Nippon Large Cap
2017-11-04,29.3229,118632,Nippon Large Cap
2017-10-04,29.0389,118632,Nippon Large Cap
2017-07-04,28.95,118632,Nippon Large Cap
2017-06-04,28.9812,118632,Nippon Large Cap
2017-05-04,29.0429,118632,Nippon Large Cap
2017-03-04,28.911,118632,Nippon Large Cap
2017-10-03,27.4825,118632,Nippon Large Cap
2017-09-03,27.4788,118632,Nippon Large Cap
2017-08-03,27.5182,118632,Nippon Large Cap
2017-07-03,27.5637,118632,Nippon Large Cap
2017-06-03,27.673,118632,Nippon Large Cap
2017-03-03,27.4886,118632,Nippon Large Cap
2017-02-03,27.4685,118632,Nippon Large Cap
2017-01-03,27.7667,118632,Nippon Large Cap
2017-10-02,27.1467,118632,Nippon Large Cap
2017-09-02,27.1861,118632,Nippon Large Cap
2017-08-02,27.077,118632,Nippon Large Cap
2017-07-02,27.0582,118632,Nippon Large Cap
2017-06-02,27.1466,118632,Nippon Large Cap
2017-03-02,26.8479,118632,Nippon Large Cap
2017-02-02,26.8202,118632,Nippon Large Cap
2017-01-02,26.6348,118632,Nippon Large Cap
2017-12-01,25.6686,118632,Nippon Large Cap
2017-11-01,25.5653,118632,Nippon Large Cap
2017-10-01,25.3305,118632,Nippon Large Cap
2017-09-01,25.0859,118632,Nippon Large Cap
2017-06-01,25.0766,118632,Nippon Large Cap
2017-05-01,25.1755,118632,Nippon Large Cap
2017-04-01,24.9821,118632,Nippon Large Cap
2017-03-01,25.0489,118632,Nippon Large Cap
2017-02-01,24.8896,118632,Nippon Large Cap
2016-12-12,25.1439,118632,Nippon Large Cap
2016-09-12,25.397,118632,Nippon Large Cap
2016-08-12,25.2738,118632,Nippon Large Cap
2016-07-12,24.8628,118632,Nippon Large Cap
2016-06-12,24.9297,118632,Nippon Large Cap
2016-05-12,24.8573,118632,Nippon Large Cap
2016-02-12,24.711,118632,Nippon Large Cap
2016-01-12,25.0419,118632,Nippon Large Cap
2016-11-11,25.6714,118632,Nippon Large Cap
2016-10-11,26.4475,118632,Nippon Large Cap
2016-09-11,25.9815,118632,Nippon Large Cap
2016-08-11,26.1779,118632,Nippon Large Cap
2016-07-11,26.0267,118632,Nippon Large Cap
2016-04-11,25.7192,118632,Nippon Large Cap
2016-03-11,25.8165,118632,Nippon Large Cap
2016-02-11,25.9866,118632,Nippon Large Cap
2016-01-11,26.4556,118632,Nippon Large Cap
2016-10-10,26.6654,118632,Nippon Large Cap
2016-07-10,26.7255,118632,Nippon Large Cap
2016-06-10,26.7141,118632,Nippon Large Cap
2016-05-10,26.8287,118632,Nippon Large Cap
2016-04-10,26.8853,118632,Nippon Large Cap
2016-03-10,26.714,118632,Nippon Large Cap
2016-12-09,26.2624,118632,Nippon Large Cap
2016-09-09,26.8397,118632,Nippon Large Cap
2016-08-09,27.1191,118632,Nippon Large Cap
2016-07-09,27.1298,118632,Nippon Large Cap
2016-06-09,26.9959,118632,Nippon Large Cap
2016-02-09,26.5166,118632,Nippon Large Cap
2016-01-09,26.4371,118632,Nippon Large Cap
2016-12-08,25.544,118632,Nippon Large Cap
2016-11-08,25.2549,118632,Nippon Large Cap
2016-10-08,25.2349,118632,Nippon Large Cap
2016-09-08,25.6157,118632,Nippon Large Cap
2016-08-08,25.7013,118632,Nippon Large Cap
2016-05-08,25.6611,118632,Nippon Large Cap
2016-04-08,25.1597,118632,Nippon Large Cap
2016-03-08,25.1746,118632,Nippon Large Cap
2016-02-08,25.4105,118632,Nippon Large Cap
2016-01-08,25.4483,118632,Nippon Large Cap
2016-12-07,24.9903,118632,Nippon Large Cap
2016-11-07,24.7714,118632,Nippon Large Cap
2016-08-07,24.4277,118632,Nippon Large Cap
2016-07-07,24.5086,118632,Nippon Large Cap
2016-05-07,24.6453,118632,Nippon Large Cap
2016-04-07,24.7625,118632,Nippon Large Cap
2016-01-07,24.5517,118632,Nippon Large Cap
2016-10-06,23.7818,118632,Nippon Large Cap
2016-09-06,23.9139,118632,Nippon Large Cap
2016-08-06,24.0318,118632,Nippon Large Cap
2016-07-06,23.89,118632,Nippon Large Cap
2016-06-06,23.6339,118632,Nippon Large Cap
2016-03-06,23.5755,118632,Nippon Large Cap
2016-02-06,23.6277,118632,Nippon Large Cap
2016-01-06,23.4935,118632,Nippon Large Cap
2016-12-05,22.8837,118632,Nippon Large Cap
2016-11-05,22.7257,118632,Nippon Large Cap
2016-10-05,22.8087,118632,Nippon Large Cap
2016-09-05,22.757,118632,Nippon Large Cap
2016-06-05,22.3996,118632,Nippon Large Cap
2016-05-05,22.3476,118632,Nippon Large Cap
2016-04-05,22.2164,118632,Nippon Large Cap
2016-03-05,22.4577,118632,Nippon Large Cap
2016-02-05,22.6677,118632,Nippon Large Cap
2016-12-04,22.6159,118632,Nippon Large Cap
2016-11-04,22.4342,118632,Nippon Large Cap
2016-08-04,22.1561,118632,Nippon Large Cap
2016-07-04,22.0958,118632,Nippon Large Cap
2016-06-04,22.2747,118632,Nippon Large Cap
2016-05-04,22.2847,118632,Nippon Large Cap
2016-04-04,22.8388,118632,Nippon Large Cap
2016-01-04,22.7749,118632,Nippon Large Cap
2016-11-03,21.6799,118632,Nippon Large Cap
2016-10-03,21.6154,118632,Nippon Large Cap
2016-09-03,21.8384,118632,Nippon Large Cap
2016-08-03,21.7427,118632,Nippon Large Cap
2016-04-03,21.8207,118632,Nippon Large Cap
2016-03-03,21.8293,118632,Nippon Large Cap
2016-02-03,21.4877,118632,Nippon Large Cap
2016-01-03,20.9882,118632,Nippon Large Cap
2016-12-02,20.335,118632,Nippon Large Cap
2016-11-02,20.5606,118632,Nippon Large Cap
2016-10-02,21.2345,118632,Nippon Large Cap
2016-09-02,21.511,118632,Nippon Large Cap
2016-08-02,21.931,118632,Nippon Large Cap
2016-05-02,22.1293,118632,Nippon Large Cap
2016-04-02,21.8202,118632,Nippon Large Cap
2016-03-02,21.6981,118632,Nippon Large Cap
2016-02-02,21.9913,118632,Nippon Large Cap
2016-01-02,22.3199,118632,Nippon Large Cap
2016-12-01,22.8466,118632,Nippon Large Cap
2016-11-01,23.017,118632,Nippon Large Cap
2016-08-01,23.1295,118632,Nippon Large Cap
2016-07-01,23.024,118632,Nippon Large Cap
2016-06-01,23.6076,118632,Nippon Large Cap
2016-05-01,23.6725,118632,Nippon Large Cap
2016-04-01,23.6582,118632,Nippon Large Cap
2016-01-01,24.1592,118632,Nippon Large Cap
2015-11-12,23.1149,118632,Nippon Large Cap
2015-10-12,23.3611,118632,Nippon Large Cap
2015-09-12,23.1808,118632,Nippon Large Cap
2015-08-12,23.5217,118632,Nippon Large Cap
2015-07-12,23.6828,118632,Nippon Large Cap
2015-04-12,23.6939,118632,Nippon Large Cap
2015-03-12,23.8826,118632,Nippon Large Cap
2015-02-12,23.9763,118632,Nippon Large Cap
2015-01-12,24.1287,118632,Nippon Large Cap
2015-10-11,23.6048,118632,Nippon Large Cap
2015-09-11,24.0569,118632,Nippon Large Cap
2015-06-11,23.9408,118632,Nippon Large Cap
2015-05-11,23.8487,118632,Nippon Large Cap
2015-04-11,24.1744,118632,Nippon Large Cap
2015-03-11,24.14,118632,Nippon Large Cap
2015-02-11,24.0093,118632,Nippon Large Cap
2015-12-10,23.9224,118632,Nippon Large Cap
2015-09-10,23.9808,118632,Nippon Large Cap
2015-08-10,23.8578,118632,Nippon Large Cap
2015-07-10,24.0002,118632,Nippon Large Cap
2015-06-10,23.9205,118632,Nippon Large Cap
2015-05-10,23.8972,118632,Nippon Large Cap
2015-01-10,23.4492,118632,Nippon Large Cap
2015-11-09,23.3722,118632,Nippon Large Cap
2015-10-09,23.3613,118632,Nippon Large Cap
2015-09-09,23.4313,118632,Nippon Large Cap
2015-08-09,22.9928,118632,Nippon Large Cap
2015-07-09,22.6228,118632,Nippon Large Cap
2015-04-09,23.0544,118632,Nippon Large Cap
2015-03-09,23.5001,118632,Nippon Large Cap
2015-02-09,23.2252,118632,Nippon Large Cap
2015-01-09,23.4753,118632,Nippon Large Cap
2015-12-08,24.9941,118632,Nippon Large Cap
2015-11-08,25.3892,118632,Nippon Large Cap
2015-10-08,25.5996,118632,Nippon Large Cap
2015-07-08,25.6753,118632,Nippon Large Cap
2015-06-08,25.7285,118632,Nippon Large Cap
2015-05-08,25.5498,118632,Nippon Large Cap
2015-04-08,25.3628,118632,Nippon Large Cap
2015-03-08,25.3743,118632,Nippon Large Cap
2015-10-07,24.8298,118632,Nippon Large Cap
2015-09-07,24.6404,118632,Nippon Large Cap
2015-08-07,24.7241,118632,Nippon Large Cap
2015-07-07,24.98,118632,Nippon Large Cap
2015-06-07,24.989,118632,Nippon Large Cap
2015-03-07,24.8297,118632,Nippon Large Cap
2015-02-07,24.7617,118632,Nippon Large Cap
2015-01-07,24.6845,118632,Nippon Large Cap
2015-12-06,23.2541,118632,Nippon Large Cap
2015-11-06,23.2339,118632,Nippon Large Cap
2015-10-06,23.7336,118632,Nippon Large Cap
2015-09-06,23.4042,118632,Nippon Large Cap
2015-08-06,23.48,118632,Nippon Large Cap
2015-05-06,23.7208,118632,Nippon Large Cap
2015-04-06,23.8115,118632,Nippon Large Cap
2015-03-06,23.7295,118632,Nippon Large Cap
2015-02-06,24.0843,118632,Nippon Large Cap
2015-01-06,24.5501,118632,Nippon Large Cap
2015-12-05,23.3741,118632,Nippon Large Cap
2015-11-05,23.9045,118632,Nippon Large Cap
2015-08-05,23.5699,118632,Nippon Large Cap
2015-07-05,23.2601,118632,Nippon Large Cap
2015-06-05,23.4804,118632,Nippon Large Cap
2015-05-05,24.2251,118632,Nippon Large Cap
2015-04-05,24.2991,118632,Nippon Large Cap
2015-10-04,25.4342,118632,Nippon Large Cap
2015-09-04,25.4355,118632,Nippon Large Cap
2015-08-04,25.3594,118632,Nippon Large Cap
2015-07-04,25.0988,118632,Nippon Large Cap
2015-06-04,25.1357,118632,Nippon Large Cap
2015-01-04,24.9774,118632,Nippon Large Cap
2015-12-03,25.4292,118632,Nippon Large Cap
2015-11-03,25.1691,118632,Nippon Large Cap
2015-10-03,25.2727,118632,Nippon Large Cap
2015-09-03,25.3653,118632,Nippon Large Cap
2015-05-03,25.7857,118632,Nippon Large Cap
2015-04-03,25.7662,118632,Nippon Large Cap
2015-03-03,25.8821,118632,Nippon Large Cap
2015-02-03,25.8113,118632,Nippon Large Cap
2015-12-02,24.9342,118632,Nippon Large Cap
2015-11-02,24.5886,118632,Nippon Large Cap
2015-10-02,24.3834,118632,Nippon Large Cap
2015-09-02,24.2059,118632,Nippon Large Cap
2015-06-02,24.5556,118632,Nippon Large Cap
2015-05-02,24.8215,118632,Nippon Large Cap
2015-04-02,24.9246,118632,Nippon Large Cap
2015-03-02,25.0832,118632,Nippon Large Cap
2015-02-02,25.1129,118632,Nippon Large Cap
2015-12-01,23.8558,118632,Nippon Large Cap
2015-09-01,23.6919,118632,Nippon Large Cap
2015-08-01,23.5557,118632,Nippon Large Cap
2015-07-01,23.1888,118632,Nippon Large Cap
2015-06-01,23.2978,118632,Nippon Large Cap
2015-05-01,23.9306,118632,Nippon Large Cap
2015-02-01,23.8685,118632,Nippon Large Cap
2015-01-01,23.6528,118632,Nippon Large Cap
2014-12-12,23.2532,118632,Nippon Large Cap
2014-11-12,23.4096,118632,Nippon Large Cap
2014-10-12,23.5379,118632,Nippon Large Cap
2014-09-12,23.4637,118632,Nippon Large Cap
2014-08-12,23.7779,118632,Nippon Large Cap
2014-05-12,24.1536,118632,Nippon Large Cap
2014-04-12,24.3271,118632,Nippon Large Cap
2014-03-12,24.2533,118632,Nippon Large Cap
2014-02-12,23.9993,118632,Nippon Large Cap
2014-01-12,24.0141,118632,Nippon Large Cap
2014-12-11,23.1128,118632,Nippon Large Cap
2014-11-11,23.0631,118632,Nippon Large Cap
2014-10-11,22.8659,118632,Nippon Large Cap
2014-07-11,22.8806,118632,Nippon Large Cap
2014-05-11,22.794,118632,Nippon Large Cap
2014-03-11,22.7017,118632,Nippon Large Cap
2014-10-10,21.1257,118632,Nippon Large Cap
2014-09-10,21.3712,118632,Nippon Large Cap
2014-08-10,20.9858,118632,Nippon Large Cap
2014-07-10,21.0501,118632,Nippon Large Cap
2014-01-10,21.2853,118632,Nippon Large Cap
2014-12-09,21.8769,118632,Nippon Large Cap
2014-11-09,21.8595,118632,Nippon Large Cap
2014-10-09,21.6806,118632,Nippon Large Cap
2014-09-09,21.8095,118632,Nippon Large Cap
2014-08-09,21.8269,118632,Nippon Large Cap
2014-05-09,21.5339,118632,Nippon Large Cap
2014-04-09,21.4261,118632,Nippon Large Cap
2014-03-09,21.4935,118632,Nippon Large Cap
2014-02-09,21.2769,118632,Nippon Large Cap
2014-01-09,21.1961,118632,Nippon Large Cap
2014-12-08,19.9321,118632,Nippon Large Cap
2014-11-08,19.7947,118632,Nippon Large Cap
2014-08-08,19.6787,118632,Nippon Large Cap
2014-07-08,19.9777,118632,Nippon Large Cap
2014-06-08,20.0311,118632,Nippon Large Cap
2014-05-08,20.1673,118632,Nippon Large Cap
2014-04-08,20.0161,118632,Nippon Large Cap
2014-01-08,19.7328,118632,Nippon Large Cap
2014-11-07,19.4787,118632,Nippon Large Cap
2014-10-07,19.7887,118632,Nippon Large Cap
2014-09-07,19.7643,118632,Nippon Large Cap
2014-08-07,20.0262,118632,Nippon Large Cap
2014-07-07,20.5836,118632,Nippon Large Cap
2014-04-07,20.5459,118632,Nippon Large Cap
2014-03-07,20.5302,118632,Nippon Large Cap
2014-02-07,20.4426,118632,Nippon Large Cap
2014-01-07,20.2354,118632,Nippon Large Cap
2014-12-06,19.8035,118632,Nippon Large Cap
2014-11-06,19.7583,118632,Nippon Large Cap
2014-10-06,19.7891,118632,Nippon Large Cap
2014-09-06,19.765,118632,Nippon Large Cap
2014-06-06,19.5433,118632,Nippon Large Cap
2014-05-06,19.3489,118632,Nippon Large Cap
2014-04-06,19.0685,118632,Nippon Large Cap
2014-03-06,18.9956,118632,Nippon Large Cap
2014-02-06,18.8857,118632,Nippon Large Cap
2014-12-05,17.0811,118632,Nippon Large Cap
2014-09-05,16.7704,118632,Nippon Large Cap
2014-08-05,16.3463,118632,Nippon Large Cap
2014-07-05,16.3084,118632,Nippon Large Cap
2014-06-05,16.4314,118632,Nippon Large Cap
2014-05-05,16.4094,118632,Nippon Large Cap
2014-02-05,16.4055,118632,Nippon Large Cap
2014-11-04,16.5678,118632,Nippon Large Cap
2014-10-04,16.6791,118632,Nippon Large Cap
2014-09-04,16.636,118632,Nippon Large Cap
2014-07-04,16.4194,118632,Nippon Large Cap
2014-04-04,16.4255,118632,Nippon Large Cap
2014-03-04,16.5041,118632,Nippon Large Cap
2014-02-04,16.5762,118632,Nippon Large Cap
2014-01-04,16.3998,118632,Nippon Large Cap
2014-12-03,15.775,118632,Nippon Large Cap
2014-11-03,15.7797,118632,Nippon Large Cap
2014-10-03,15.8336,118632,Nippon Large Cap
2014-07-03,15.7893,118632,Nippon Large Cap
2014-06-03,15.624,118632,Nippon Large Cap
2014-05-03,15.4493,118632,Nippon Large Cap
2014-04-03,15.3215,118632,Nippon Large Cap
2014-03-03,15.108,118632,Nippon Large Cap
2014-12-02,14.6409,118632,Nippon Large Cap
2014-11-02,14.5698,118632,Nippon Large Cap
2014-10-02,14.4875,118632,Nippon Large Cap
2014-07-02,14.5266,118632,Nippon Large Cap
2014-06-02,14.4906,118632,Nippon Large Cap
2014-05-02,14.4861,118632,Nippon Large Cap
2014-04-02,14.465,118632,Nippon Large Cap
2014-03-02,14.4507,118632,Nippon Large Cap
2014-10-01,14.7676,118632,Nippon Large Cap
2014-09-01,14.7928,118632,Nippon Large Cap
2014-08-01,14.8357,118632,Nippon Large Cap
2014-07-01,14.856,118632,Nippon Large Cap
2014-06-01,14.9235,118632,Nippon Large Cap
2014-03-01,14.9541,118632,Nippon Large Cap
2014-02-01,14.9258,118632,Nippon Large Cap
2014-01-01,15.1641,118632,Nippon Large Cap
2013-12-12,14.6114,118632,Nippon Large Cap
2013-11-12,14.72,118632,Nippon Large Cap
2013-10-12,14.7766,118632,Nippon Large Cap
2013-09-12,14.8292,118632,Nippon Large Cap
2013-06-12,14.6049,118632,Nippon Large Cap
2013-05-12,14.5651,118632,Nippon Large Cap
2013-04-12,14.408,118632,Nippon Large Cap
2013-03-12,14.469,118632,Nippon Large Cap
2013-02-12,14.4415,118632,Nippon Large Cap
2013-12-11,14.0191,118632,Nippon Large Cap
2013-11-11,14.0904,118632,Nippon Large Cap
2013-08-11,14.182,118632,Nippon Large Cap
2013-07-11,14.28,118632,Nippon Large Cap
2013-06-11,14.4002,118632,Nippon Large Cap
2013-05-11,14.4377,118632,Nippon Large Cap
2013-01-11,14.4273,118632,Nippon Large Cap
2013-11-10,13.9215,118632,Nippon Large Cap
2013-10-10,13.7388,118632,Nippon Large Cap
2013-09-10,13.7175,118632,Nippon Large Cap
2013-08-10,13.6174,118632,Nippon Large Cap
2013-07-10,13.6097,118632,Nippon Large Cap
2013-04-10,13.5546,118632,Nippon Large Cap
2013-03-10,13.5608,118632,Nippon Large Cap
2013-01-10,13.2715,118632,Nippon Large Cap
2013-12-09,13.3458,118632,Nippon Large Cap
2013-11-09,13.4542,118632,Nippon Large Cap
2013-10-09,13.3471,118632,Nippon Large Cap
2013-06-09,12.9802,118632,Nippon Large Cap
2013-05-09,12.8133,118632,Nippon Large Cap
2013-04-09,12.564,118632,Nippon Large Cap
2013-03-09,12.3669,118632,Nippon Large Cap
2013-02-09,12.794,118632,Nippon Large Cap
2013-12-08,12.8515,118632,Nippon Large Cap
2013-08-08,12.7214,118632,Nippon Large Cap
2013-07-08,12.4816,118632,Nippon Large Cap
2013-06-08,12.3588,118632,Nippon Large Cap
2013-05-08,12.7128,118632,Nippon Large Cap
2013-02-08,12.6617,118632,Nippon Large Cap
2013-01-08,12.766,118632,Nippon Large Cap
2013-12-07,13.6028,118632,Nippon Large Cap
2013-11-07,13.4425,118632,Nippon Large Cap
2013-10-07,13.259,118632,Nippon Large Cap
2013-09-07,13.3168,118632,Nippon Large Cap
2013-08-07,13.2314,118632,Nippon Large Cap
2013-05-07,13.4009,118632,Nippon Large Cap
2013-04-07,13.3744,118632,Nippon Large Cap
2013-03-07,13.2808,118632,Nippon Large Cap
2013-02-07,13.5237,118632,Nippon Large Cap
2013-01-07,13.6086,118632,Nippon Large Cap
2013-12-06,13.3408,118632,Nippon Large Cap
2013-11-06,13.3795,118632,Nippon Large Cap
2013-10-06,13.6318,118632,Nippon Large Cap
2013-07-06,13.7436,118632,Nippon Large Cap
2013-06-06,13.8693,118632,Nippon Large Cap
2013-05-06,13.8796,118632,Nippon Large Cap
2013-04-06,13.8528,118632,Nippon Large Cap
2013-03-06,13.8393,118632,Nippon Large Cap
2013-10-05,14.3731,118632,Nippon Large Cap
2013-09-05,14.2864,118632,Nippon Large Cap
2013-08-05,14.3518,118632,Nippon Large Cap
2013-07-05,14.3852,118632,Nippon Large Cap
2013-06-05,14.2356,118632,Nippon Large Cap
2013-03-05,14.1115,118632,Nippon Large Cap
2013-02-05,14.229,118632,Nippon Large Cap
2013-12-04,13.3635,118632,Nippon Large Cap
2013-11-04,13.5316,118632,Nippon Large Cap
2013-10-04,13.4579,118632,Nippon Large Cap
2013-09-04,13.3266,118632,Nippon Large Cap
2013-08-04,13.4526,118632,Nippon Large Cap
2013-05-04,13.4782,118632,Nippon Large Cap
2013-04-04,13.4167,118632,Nippon Large Cap
2013-03-04,13.6549,118632,Nippon Large Cap
2013-02-04,13.8124,118632,Nippon Large Cap
2013-01-04,13.6324,118632,Nippon Large Cap
2013-12-03,14.1646,118632,Nippon Large Cap
2013-11-03,14.2265,118632,Nippon Large Cap
2013-08-03,14.2733,118632,Nippon Large Cap
2013-07-03,14.1368,118632,Nippon Large Cap
2013-06-03,14.0779,118632,Nippon Large Cap
2013-05-03,13.9807,118632,Nippon Large Cap
2013-04-03,13.7577,118632,Nippon Large Cap
2013-01-03,13.8247,118632,Nippon Large Cap
2013-12-02,14.3298,118632,Nippon Large Cap
2013-11-02,14.2908,118632,Nippon Large Cap
2013-08-02,14.3212,118632,Nippon Large Cap
2013-07-02,14.4048,118632,Nippon Large Cap
2013-06-02,14.4775,118632,Nippon Large Cap
2013-05-02,14.4313,118632,Nippon Large Cap
2013-04-02,14.5479,118632,Nippon Large Cap
2013-01-02,14.5671,118632,Nippon Large Cap
2013-11-01,14.6421,118632,Nippon Large Cap
2013-10-01,14.6784,118632,Nippon Large Cap
2013-09-01,14.7249,118632,Nippon Large Cap
2013-08-01,14.7197,118632,Nippon Large Cap
2013-07-01,14.7718,118632,Nippon Large Cap
2013-04-01,14.8037,118632,Nippon Large Cap
2013-03-01,14.7305,118632,Nippon Large Cap
2013-02-01,14.6967,118632,Nippon Large Cap
2026-01-06,6156.7532,119092,Axis Bluechip
2026-12-05,6150.5076,119092,Axis Bluechip
2026-11-05,6151.8671,119092,Axis Bluechip
2026-08-05,6151.3707,119092,Axis Bluechip
2026-07-05,6149.9098,119092,Axis Bluechip
2026-06-05,6149.0307,119092,Axis Bluechip
2026-05-05,6146.0001,119092,Axis Bluechip
2026-04-05,6145.7049,119092,Axis Bluechip
2026-10-04,6129.7674,119092,Axis Bluechip
2026-09-04,6126.1544,119092,Axis Bluechip
2026-08-04,6119.1243,119092,Axis Bluechip
2026-07-04,6110.1834,119092,Axis Bluechip
2026-06-04,6107.3346,119092,Axis Bluechip
2026-02-04,6104.7264,119092,Axis Bluechip
2026-12-03,6087.112,119092,Axis Bluechip
2026-11-03,6088.3404,119092,Axis Bluechip
2026-10-03,6086.6516,119092,Axis Bluechip
2026-09-03,6085.2288,119092,Axis Bluechip
2026-06-03,6084.2962,119092,Axis Bluechip
2026-05-03,6082.3927,119092,Axis Bluechip
2026-04-03,6081.0589,119092,Axis Bluechip
2026-02-03,6081.764,119092,Axis Bluechip
2026-12-02,6063.705,119092,Axis Bluechip
2026-11-02,6061.1204,119092,Axis Bluechip
2026-10-02,6058.8643,119092,Axis Bluechip
2026-09-02,6057.5032,119092,Axis Bluechip
2026-06-02,6054.9686,119092,Axis Bluechip
2026-05-02,6055.7449,119092,Axis Bluechip
2026-04-02,6053.3313,119092,Axis Bluechip
2026-03-02,6050.7733,119092,Axis Bluechip
2026-02-02,6047.2159,119092,Axis Bluechip
2026-12-01,6031.2329,119092,Axis Bluechip
2026-09-01,6028.4591,119092,Axis Bluechip
2026-08-01,6028.086,119092,Axis Bluechip
2026-07-01,6028.3846,119092,Axis Bluechip
2026-06-01,6028.7271,119092,Axis Bluechip
2026-05-01,6027.6905,119092,Axis Bluechip
2026-02-01,6025.268,119092,Axis Bluechip
2026-01-01,6024.7187,119092,Axis Bluechip
2025-12-12,6004.0068,119092,Axis Bluechip
2025-11-12,6003.0596,119092,Axis Bluechip
2025-10-12,6002.278,119092,Axis Bluechip
2025-09-12,6002.302,119092,Axis Bluechip
2025-08-12,6002.0388,119092,Axis Bluechip
2025-05-12,5999.0953,119092,Axis Bluechip
2025-04-12,5996.9391,119092,Axis Bluechip
2025-03-12,5996.3511,119092,Axis Bluechip
2025-02-12,5995.7798,119092,Axis Bluechip
2025-01-12,5994.9936,119092,Axis Bluechip
2025-12-11,5976.3688,119092,Axis Bluechip
2025-11-11,5975.0374,119092,Axis Bluechip
2025-10-11,5973.9734,119092,Axis Bluechip
2025-07-11,5971.0247,119092,Axis Bluechip
2025-06-11,5969.9256,119092,Axis Bluechip
2025-04-11,5967.9587,119092,Axis Bluechip
2025-03-11,5966.9646,119092,Axis Bluechip
2025-10-10,5944.8495,119092,Axis Bluechip
2025-09-10,5943.9808,119092,Axis Bluechip
2025-08-10,5943.1699,119092,Axis Bluechip
2025-07-10,5942.4446,119092,Axis Bluechip
2025-06-10,5941.7936,119092,Axis Bluechip
2025-03-10,5938.4748,119092,Axis Bluechip
2025-01-10,5935.6,119092,Axis Bluechip
2025-12-09,5913.8365,119092,Axis Bluechip
2025-11-09,5913.2938,119092,Axis Bluechip
2025-10-09,5912.0041,119092,Axis Bluechip
2025-09-09,5911.3924,119092,Axis Bluechip
2025-05-09,5908.5683,119092,Axis Bluechip
2025-04-09,5907.6123,119092,Axis Bluechip
2025-03-09,5906.7644,119092,Axis Bluechip
2025-02-09,5905.9868,119092,Axis Bluechip
2025-01-09,5905.5718,119092,Axis Bluechip
2025-12-08,5887.3908,119092,Axis Bluechip
2025-11-08,5887.2286,119092,Axis Bluechip
2025-08-08,5884.8484,119092,Axis Bluechip
2025-07-08,5884.0837,119092,Axis Bluechip
2025-06-08,5883.3045,119092,Axis Bluechip
2025-05-08,5883.4482,119092,Axis Bluechip
2025-04-08,5882.1589,119092,Axis Bluechip
2025-01-08,5878.7932,119092,Axis Bluechip
2025-11-07,5858.9296,119092,Axis Bluechip
2025-10-07,5858.4766,119092,Axis Bluechip
2025-09-07,5857.2164,119092,Axis Bluechip
2025-08-07,5856.9332,119092,Axis Bluechip
2025-07-07,5856.2977,119092,Axis Bluechip
2025-04-07,5853.3606,119092,Axis Bluechip
2025-03-07,5852.4845,119092,Axis Bluechip
2025-02-07,5851.0981,119092,Axis Bluechip
2025-01-07,5847.481,119092,Axis Bluechip
2025-12-06,5826.0507,119092,Axis Bluechip
2025-11-06,5825.4478,119092,Axis Bluechip
2025-10-06,5827.1891,119092,Axis Bluechip
2025-09-06,5829.1614,119092,Axis Bluechip
2025-06-06,5825.1945,119092,Axis Bluechip
2025-05-06,5816.4301,119092,Axis Bluechip
2025-04-06,5814.4359,119092,Axis Bluechip
2025-03-06,5812.5765,119092,Axis Bluechip
2025-02-06,5810.056,119092,Axis Bluechip
2025-09-05,5773.3156,119092,Axis Bluechip
2025-08-05,5774.8342,119092,Axis Bluechip
2025-07-05,5776.0155,119092,Axis Bluechip
2025-06-05,5774.9972,119092,Axis Bluechip
2025-05-05,5773.1211,119092,Axis Bluechip
2025-02-05,5769.7362,119092,Axis Bluechip
2025-11-04,5744.5695,119092,Axis Bluechip
2025-09-04,5740.7071,119092,Axis Bluechip
2025-08-04,5736.6882,119092,Axis Bluechip
2025-07-04,5735.1937,119092,Axis Bluechip
2025-04-04,5732.122,119092,Axis Bluechip
2025-03-04,5730.5444,119092,Axis Bluechip
2025-02-04,5726.3244,119092,Axis Bluechip
2025-12-03,5677.2615,119092,Axis Bluechip
2025-11-03,5676.1432,119092,Axis Bluechip
2025-10-03,5675.2614,119092,Axis Bluechip
2025-07-03,5671.5,119092,Axis Bluechip
2025-06-03,5670.7057,119092,Axis Bluechip
2025-05-03,5669.8421,119092,Axis Bluechip
2025-04-03,5669.5153,119092,Axis Bluechip
2025-03-03,5668.836,119092,Axis Bluechip
2025-12-02,5648.4814,119092,Axis Bluechip
2025-11-02,5647.2714,119092,Axis Bluechip
2025-10-02,5646.022,119092,Axis Bluechip
2025-07-02,5644.185,119092,Axis Bluechip
2025-06-02,5644.1449,119092,Axis Bluechip
2025-05-02,5641.2929,119092,Axis Bluechip
2025-04-02,5639.5493,119092,Axis Bluechip
2025-03-02,5638.0374,119092,Axis Bluechip
2025-10-01,5610.3063,119092,Axis Bluechip
2025-09-01,5608.9131,119092,Axis Bluechip
2025-08-01,5608.6713,119092,Axis Bluechip
2025-07-01,5608.3364,119092,Axis Bluechip
2025-06-01,5607.5187,119092,Axis Bluechip
2025-03-01,5604.3724,119092,Axis Bluechip
2025-02-01,5603.5453,119092,Axis Bluechip
2025-01-01,5602.0594,119092,Axis Bluechip
2024-12-12,5580.6696,119092,Axis Bluechip
2024-11-12,5580.1419,119092,Axis Bluechip
2024-10-12,5579.1651,119092,Axis Bluechip
2024-09-12,5578.25,119092,Axis Bluechip
2024-06-12,5575.0097,119092,Axis Bluechip
2024-05-12,5573.6012,119092,Axis Bluechip
2024-04-12,5572.0927,119092,Axis Bluechip
2024-03-12,5570.896,119092,Axis Bluechip
2024-02-12,5569.9305,119092,Axis Bluechip
2024-12-11,5548.5622,119092,Axis Bluechip
2024-11-11,5547.5341,119092,Axis Bluechip
2024-08-11,5544.3048,119092,Axis Bluechip
2024-07-11,5543.2316,119092,Axis Bluechip
2024-06-11,5541.99,119092,Axis Bluechip
2024-05-11,5540.8795,119092,Axis Bluechip
2024-04-11,5539.5214,119092,Axis Bluechip
2024-11-10,5514.3907,119092,Axis Bluechip
2024-10-10,5512.9468,119092,Axis Bluechip
2024-09-10,5511.8431,119092,Axis Bluechip
2024-08-10,5510.3208,119092,Axis Bluechip
2024-07-10,5509.299,119092,Axis Bluechip
2024-04-10,5506.0251,119092,Axis Bluechip
2024-03-10,5504.5299,119092,Axis Bluechip
2024-01-10,5501.9906,119092,Axis Bluechip
2024-12-09,5477.9222,119092,Axis Bluechip
2024-11-09,5477.0398,119092,Axis Bluechip
2024-10-09,5475.9756,119092,Axis Bluechip
2024-09-09,5475.0575,119092,Axis Bluechip
2024-06-09,5471.7431,119092,Axis Bluechip
2024-05-09,5470.9194,119092,Axis Bluechip
2024-04-09,5469.7871,119092,Axis Bluechip
2024-03-09,5468.8173,119092,Axis Bluechip
2024-02-09,5467.6346,119092,Axis Bluechip
2024-12-08,5445.8783,119092,Axis Bluechip
2024-09-08,5442.9315,119092,Axis Bluechip
2024-08-08,5441.9641,119092,Axis Bluechip
2024-07-08,5441.0345,119092,Axis Bluechip
2024-06-08,5439.9349,119092,Axis Bluechip
2024-05-08,5439.0651,119092,Axis Bluechip
2024-02-08,5435.8684,119092,Axis Bluechip
2024-01-08,5434.8589,119092,Axis Bluechip
2024-12-07,5413.3353,119092,Axis Bluechip
2024-11-07,5412.4014,119092,Axis Bluechip
2024-10-07,5411.1036,119092,Axis Bluechip
2024-09-07,5410.0477,119092,Axis Bluechip
2024-08-07,5408.9972,119092,Axis Bluechip
2024-05-07,5405.9933,119092,Axis Bluechip
2024-04-07,5404.8862,119092,Axis Bluechip
2024-03-07,5403.6893,119092,Axis Bluechip
2024-02-07,5402.0965,119092,Axis Bluechip
2024-01-07,5399.8431,119092,Axis Bluechip
2024-12-06,5378.4232,119092,Axis Bluechip
2024-11-06,5377.1007,119092,Axis Bluechip
2024-10-06,5375.5307,119092,Axis Bluechip
2024-07-06,5372.2291,119092,Axis Bluechip
2024-06-06,5371.2112,119092,Axis Bluechip
2024-05-06,5369.9555,119092,Axis Bluechip
2024-04-06,5369.0379,119092,Axis Bluechip
2024-03-06,5369.1209,119092,Axis Bluechip
2024-10-05,5342.7724,119092,Axis Bluechip
2024-09-05,5342.3428,119092,Axis Bluechip
2024-08-05,5341.9087,119092,Axis Bluechip
2024-07-05,5341.0415,119092,Axis Bluechip
2024-06-05,5339.654,119092,Axis Bluechip
2024-03-05,5336.1567,119092,Axis Bluechip
2024-02-05,5334.9028,119092,Axis Bluechip
2024-12-04,5317.4247,119092,Axis Bluechip
2024-10-04,5315.0084,119092,Axis Bluechip
2024-08-04,5311.3856,119092,Axis Bluechip
2024-05-04,5308.5645,119092,Axis Bluechip
2024-04-04,5306.7555,119092,Axis Bluechip
2024-03-04,5304.7841,119092,Axis Bluechip
2024-02-04,5304.0112,119092,Axis Bluechip
2024-12-03,5275.5439,119092,Axis Bluechip
2024-11-03,5274.1498,119092,Axis Bluechip
2024-07-03,5269.8128,119092,Axis Bluechip
2024-06-03,5268.4947,119092,Axis Bluechip
2024-05-03,5266.8776,119092,Axis Bluechip
2024-04-03,5265.3638,119092,Axis Bluechip
2024-01-03,5261.5919,119092,Axis Bluechip
2024-12-02,5239.0724,119092,Axis Bluechip
2024-09-02,5236.1159,119092,Axis Bluechip
2024-08-02,5235.5175,119092,Axis Bluechip
2024-07-02,5234.3976,119092,Axis Bluechip
2024-06-02,5233.0702,119092,Axis Bluechip
2024-05-02,5232.0589,119092,Axis Bluechip
2024-02-02,5228.987,119092,Axis Bluechip
2024-01-02,5227.8426,119092,Axis Bluechip
2024-12-01,5208.7335,119092,Axis Bluechip
2024-11-01,5207.6081,119092,Axis Bluechip
2024-10-01,5206.6308,119092,Axis Bluechip
2024-09-01,5205.5933,119092,Axis Bluechip
2024-08-01,5204.44,119092,Axis Bluechip
2024-05-01,5201.3986,119092,Axis Bluechip
2024-04-01,5200.3198,119092,Axis Bluechip
2024-03-01,5199.3473,119092,Axis Bluechip
2024-02-01,5198.237,119092,Axis Bluechip
2024-01-01,5197.2106,119092,Axis Bluechip
2023-12-12,5175.2278,119092,Axis Bluechip
2023-11-12,5174.6676,119092,Axis Bluechip
2023-08-12,5171.7529,119092,Axis Bluechip
2023-07-12,5170.8441,119092,Axis Bluechip
2023-06-12,5169.7717,119092,Axis Bluechip
2023-05-12,5168.7266,119092,Axis Bluechip
2023-04-12,5167.6094,119092,Axis Bluechip
2023-01-12,5164.7124,119092,Axis Bluechip
2023-10-11,5144.3649,119092,Axis Bluechip
2023-09-11,5143.6261,119092,Axis Bluechip
2023-08-11,5142.8513,119092,Axis Bluechip
2023-07-11,5141.9136,119092,Axis Bluechip
2023-06-11,5140.8425,119092,Axis Bluechip
2023-03-11,5137.6592,119092,Axis Bluechip
2023-02-11,5136.4273,119092,Axis Bluechip
2023-01-11,5135.4541,119092,Axis Bluechip
2023-12-10,5117.0745,119092,Axis Bluechip
2023-11-10,5116.1458,119092,Axis Bluechip
2023-10-10,5115.025,119092,Axis Bluechip
2023-09-10,5114.2686,119092,Axis Bluechip
2023-06-10,5111.5197,119092,Axis Bluechip
2023-05-10,5111.21,119092,Axis Bluechip
2023-04-10,5110.153,119092,Axis Bluechip
2023-03-10,5108.6726,119092,Axis Bluechip
2023-12-09,5088.2771,119092,Axis Bluechip
2023-11-09,5087.4868,119092,Axis Bluechip
2023-08-09,5084.7079,119092,Axis Bluechip
2023-07-09,5083.722,119092,Axis Bluechip
2023-06-09,5082.772,119092,Axis Bluechip
2023-05-09,5081.8207,119092,Axis Bluechip
2023-04-09,5080.6577,119092,Axis Bluechip
2023-01-09,5077.8025,119092,Axis Bluechip
2023-11-08,5057.8363,119092,Axis Bluechip
2023-10-08,5057.6916,119092,Axis Bluechip
2023-09-08,5057.0763,119092,Axis Bluechip
2023-08-08,5056.1337,119092,Axis Bluechip
2023-07-08,5055.1632,119092,Axis Bluechip
2023-04-08,5052.3465,119092,Axis Bluechip
2023-03-08,5051.485,119092,Axis Bluechip
2023-02-08,5050.6815,119092,Axis Bluechip
2023-01-08,5049.9681,119092,Axis Bluechip
2023-12-07,5029.9035,119092,Axis Bluechip
2023-11-07,5028.798,119092,Axis Bluechip
2023-10-07,5027.7619,119092,Axis Bluechip
2023-07-07,5025.1711,119092,Axis Bluechip
2023-06-07,5024.0604,119092,Axis Bluechip
2023-05-07,5023.1911,119092,Axis Bluechip
2023-04-07,5022.0079,119092,Axis Bluechip
2023-03-07,5020.3836,119092,Axis Bluechip
2023-12-06,4998.8233,119092,Axis Bluechip
2023-09-06,4996.2044,119092,Axis Bluechip
2023-08-06,4995.9409,119092,Axis Bluechip
2023-07-06,4995.4622,119092,Axis Bluechip
2023-06-06,4994.3002,119092,Axis Bluechip
2023-05-06,4993.0346,119092,Axis Bluechip
2023-02-06,4990.0511,119092,Axis Bluechip
2023-01-06,4988.8385,119092,Axis Bluechip
2023-12-05,4966.2931,119092,Axis Bluechip
2023-11-05,4965.4888,119092,Axis Bluechip
2023-10-05,4964.5985,119092,Axis Bluechip
2023-09-05,4963.4563,119092,Axis Bluechip
2023-08-05,4962.7655,119092,Axis Bluechip
2023-04-05,4958.7909,119092,Axis Bluechip
2023-03-05,4957.8892,119092,Axis Bluechip
2023-02-05,4956.5376,119092,Axis Bluechip
2023-12-04,4937.7767,119092,Axis Bluechip
2023-11-04,4935.9458,119092,Axis Bluechip
2023-10-04,4935.0426,119092,Axis Bluechip
2023-06-04,4930.1761,119092,Axis Bluechip
2023-05-04,4926.3066,119092,Axis Bluechip
2023-03-04,4924.5576,119092,Axis Bluechip
2023-10-03,4892.7144,119092,Axis Bluechip
2023-09-03,4890.7312,119092,Axis Bluechip
2023-08-03,4889.4136,119092,Axis Bluechip
2023-06-03,4887.7219,119092,Axis Bluechip
2023-03-03,4884.9987,119092,Axis Bluechip
2023-02-03,4884.191,119092,Axis Bluechip
2023-01-03,4883.7542,119092,Axis Bluechip
2023-10-02,4868.889,119092,Axis Bluechip
2023-09-02,4867.6435,119092,Axis Bluechip
2023-08-02,4867.0541,119092,Axis Bluechip
2023-07-02,4866.7645,119092,Axis Bluechip
2023-06-02,4865.8858,119092,Axis Bluechip
2023-03-02,4863.0655,119092,Axis Bluechip
2023-02-02,4862.0712,119092,Axis Bluechip
2023-01-02,4860.9087,119092,Axis Bluechip
2023-12-01,4843.8117,119092,Axis Bluechip
2023-11-01,4842.8852,119092,Axis Bluechip
2023-10-01,4842.2513,119092,Axis Bluechip
2023-09-01,4841.5665,119092,Axis Bluechip
2023-06-01,4839.1205,119092,Axis Bluechip
2023-05-01,4838.2055,119092,Axis Bluechip
2023-04-01,4837.2825,119092,Axis Bluechip
2023-03-01,4836.6654,119092,Axis Bluechip
2023-02-01,4835.6726,119092,Axis Bluechip
2022-12-12,4814.8064,119092,Axis Bluechip
2022-09-12,4812.0976,119092,Axis Bluechip
2022-08-12,4810.9594,119092,Axis Bluechip
2022-07-12,4809.8806,119092,Axis Bluechip
2022-06-12,4809.7359,119092,Axis Bluechip
2022-05-12,4808.5531,119092,Axis Bluechip
2022-02-12,4805.6153,119092,Axis Bluechip
2022-01-12,4804.6714,119092,Axis Bluechip
2022-11-11,4785.9519,119092,Axis Bluechip
2022-10-11,4784.6486,119092,Axis Bluechip
2022-09-11,4783.6951,119092,Axis Bluechip
2022-07-11,4782.0135,119092,Axis Bluechip
2022-04-11,4779.3106,119092,Axis Bluechip
2022-03-11,4778.3629,119092,Axis Bluechip
2022-02-11,4777.494,119092,Axis Bluechip
2022-01-11,4776.3935,119092,Axis Bluechip
2022-12-10,4760.2893,119092,Axis Bluechip
2022-11-10,4759.9544,119092,Axis Bluechip
2022-10-10,4760.9666,119092,Axis Bluechip
2022-07-10,4759.8123,119092,Axis Bluechip
2022-06-10,4759.7043,119092,Axis Bluechip
2022-04-10,4758.2177,119092,Axis Bluechip
2022-03-10,4756.8968,119092,Axis Bluechip
2022-12-09,4745.6667,119092,Axis Bluechip
2022-09-09,4743.7475,119092,Axis Bluechip
2022-08-09,4743.0082,119092,Axis Bluechip
2022-07-09,4742.3355,119092,Axis Bluechip
2022-06-09,4741.5332,119092,Axis Bluechip
2022-05-09,4740.6276,119092,Axis Bluechip
2022-02-09,4738.0271,119092,Axis Bluechip
2022-01-09,4737.0132,119092,Axis Bluechip
2022-12-08,4722.2678,119092,Axis Bluechip
2022-11-08,4721.6218,119092,Axis Bluechip
2022-10-08,4720.8499,119092,Axis Bluechip
2022-08-08,4719.2694,119092,Axis Bluechip
2022-05-08,4717.2189,119092,Axis Bluechip
2022-04-08,4717.3196,119092,Axis Bluechip
2022-03-08,4716.4678,119092,Axis Bluechip
2022-02-08,4715.8905,119092,Axis Bluechip
2022-01-08,4714.5361,119092,Axis Bluechip
2022-12-07,4702.207,119092,Axis Bluechip
2022-11-07,4701.8292,119092,Axis Bluechip
2022-08-07,4699.9447,119092,Axis Bluechip
2022-07-07,4699.4328,119092,Axis Bluechip
2022-06-07,4698.6958,119092,Axis Bluechip
2022-05-07,4697.1427,119092,Axis Bluechip
2022-04-07,4695.8615,119092,Axis Bluechip
2022-01-07,4693.1419,119092,Axis Bluechip
2022-10-06,4678.9235,119092,Axis Bluechip
2022-09-06,4678.2477,119092,Axis Bluechip
2022-08-06,4677.4139,119092,Axis Bluechip
2022-07-06,4674.5003,119092,Axis Bluechip
2022-06-06,4675.7967,119092,Axis Bluechip
2022-03-06,4674.391,119092,Axis Bluechip
2022-02-06,4673.7496,119092,Axis Bluechip
2022-01-06,4673.3433,119092,Axis Bluechip
2022-12-05,4661.152,119092,Axis Bluechip
2022-11-05,4661.465,119092,Axis Bluechip
2022-10-05,4661.6695,119092,Axis Bluechip
2022-09-05,4661.0231,119092,Axis Bluechip
2022-06-05,4659.6753,119092,Axis Bluechip
2022-05-05,4659.8157,119092,Axis Bluechip
2022-04-05,4663.213,119092,Axis Bluechip
2022-02-05,4670.3438,119092,Axis Bluechip
2022-12-04,4659.2025,119092,Axis Bluechip
2022-11-04,4658.4514,119092,Axis Bluechip
2022-08-04,4657.34,119092,Axis Bluechip
2022-07-04,4659.715,119092,Axis Bluechip
2022-06-04,4658.9033,119092,Axis Bluechip
2022-05-04,4657.8426,119092,Axis Bluechip
2022-04-04,4657.4126,119092,Axis Bluechip
2022-11-03,4639.5085,119092,Axis Bluechip
2022-10-03,4638.5529,119092,Axis Bluechip
2022-09-03,4637.9572,119092,Axis Bluechip
2022-08-03,4637.4429,119092,Axis Bluechip
2022-07-03,4637.2965,119092,Axis Bluechip
2022-04-03,4635.9975,119092,Axis Bluechip
2022-03-03,4635.5449,119092,Axis Bluechip
2022-02-03,4636.0196,119092,Axis Bluechip
2022-11-02,4625.8896,119092,Axis Bluechip
2022-10-02,4625.1949,119092,Axis Bluechip
2022-09-02,4623.3864,119092,Axis Bluechip
2022-08-02,4622.9825,119092,Axis Bluechip
2022-04-02,4620.8555,119092,Axis Bluechip
2022-03-02,4620.4475,119092,Axis Bluechip
2022-02-02,4619.9429,119092,Axis Bluechip
2022-01-02,4620.5663,119092,Axis Bluechip
2022-12-01,4612.1668,119092,Axis Bluechip
2022-11-01,4611.553,119092,Axis Bluechip
2022-10-01,4611.0181,119092,Axis Bluechip
2022-07-01,4609.615,119092,Axis Bluechip
2022-06-01,4609.1648,119092,Axis Bluechip
2022-05-01,4608.5927,119092,Axis Bluechip
2022-04-01,4607.9349,119092,Axis Bluechip
2022-03-01,4607.4503,119092,Axis Bluechip
2021-10-12,4595.9446,119092,Axis Bluechip
2021-09-12,4595.4849,119092,Axis Bluechip
2021-08-12,4595.1205,119092,Axis Bluechip
2021-07-12,4594.1589,119092,Axis Bluechip
2021-06-12,4593.7536,119092,Axis Bluechip
2021-03-12,4592.389,119092,Axis Bluechip
2021-02-12,4591.9844,119092,Axis Bluechip
2021-01-12,4591.4405,119092,Axis Bluechip
2021-12-11,4582.2852,119092,Axis Bluechip
2021-11-11,4581.6809,119092,Axis Bluechip
2021-10-11,4581.0272,119092,Axis Bluechip
2021-09-11,4580.4955,119092,Axis Bluechip
2021-08-11,4579.5727,119092,Axis Bluechip
2021-03-11,4576.4689,119092,Axis Bluechip
2021-02-11,4575.5992,119092,Axis Bluechip
2021-01-11,4574.986,119092,Axis Bluechip
2021-12-10,4568.8408,119092,Axis Bluechip
2021-11-10,4568.1669,119092,Axis Bluechip
2021-08-10,4566.5165,119092,Axis Bluechip
2021-07-10,4565.7022,119092,Axis Bluechip
2021-06-10,4565.1852,119092,Axis Bluechip
2021-05-10,4565.2211,119092,Axis Bluechip
2021-04-10,4564.9696,119092,Axis Bluechip
2021-01-10,4563.6192,119092,Axis Bluechip
2021-09-09,4555.6384,119092,Axis Bluechip
2021-08-09,4555.4089,119092,Axis Bluechip
2021-07-09,4555.0241,119092,Axis Bluechip
2021-06-09,4554.5542,119092,Axis Bluechip
2021-03-09,4553.2738,119092,Axis Bluechip
2021-02-09,4552.8055,119092,Axis Bluechip
2021-01-09,4552.2255,119092,Axis Bluechip
2021-12-08,4540.6884,119092,Axis Bluechip
2021-11-08,4540.0409,119092,Axis Bluechip
2021-10-08,4539.454,119092,Axis Bluechip
2021-09-08,4538.8371,119092,Axis Bluechip
2021-06-08,4537.4717,119092,Axis Bluechip
2021-05-08,4537.1769,119092,Axis Bluechip
2021-04-08,4536.662,119092,Axis Bluechip
2021-03-08,4536.3556,119092,Axis Bluechip
2021-02-08,4535.6836,119092,Axis Bluechip
2021-12-07,4524.9864,119092,Axis Bluechip
2021-09-07,4523.1592,119092,Axis Bluechip
2021-08-07,4522.7454,119092,Axis Bluechip
2021-07-07,4522.0571,119092,Axis Bluechip
2021-06-07,4521.2033,119092,Axis Bluechip
2021-05-07,4520.9592,119092,Axis Bluechip
2021-02-07,4519.4941,119092,Axis Bluechip
2021-01-07,4518.9259,119092,Axis Bluechip
2021-11-06,4510.308,119092,Axis Bluechip
2021-10-06,4509.6472,119092,Axis Bluechip
2021-09-06,4508.9667,119092,Axis Bluechip
2021-08-06,4508.225,119092,Axis Bluechip
2021-07-06,4507.6293,119092,Axis Bluechip
2021-04-06,4506.0013,119092,Axis Bluechip
2021-03-06,4505.6101,119092,Axis Bluechip
2021-02-06,4505.1471,119092,Axis Bluechip
2021-01-06,4504.7396,119092,Axis Bluechip
2021-12-05,4495.2501,119092,Axis Bluechip
2021-11-05,4494.945,119092,Axis Bluechip
2021-10-05,4494.3427,119092,Axis Bluechip
2021-07-05,4493.4725,119092,Axis Bluechip
2021-06-05,4493.103,119092,Axis Bluechip
2021-05-05,4492.6502,119092,Axis Bluechip
2021-04-05,4492.1951,119092,Axis Bluechip
2021-03-05,4492.0127,119092,Axis Bluechip
2021-12-04,4479.0713,119092,Axis Bluechip
2021-09-04,4478.2206,119092,Axis Bluechip
2021-08-04,4478.0318,119092,Axis Bluechip
2021-07-04,4478.1117,119092,Axis Bluechip
2021-06-04,4477.6359,119092,Axis Bluechip
2021-05-04,4476.1675,119092,Axis Bluechip
2021-12-03,4459.6068,119092,Axis Bluechip
2021-10-03,4458.656,119092,Axis Bluechip
2021-09-03,4458.0172,119092,Axis Bluechip
2021-08-03,4457.7421,119092,Axis Bluechip
2021-05-03,4456.5838,119092,Axis Bluechip
2021-04-03,4456.1148,119092,Axis Bluechip
2021-03-03,4455.677,119092,Axis Bluechip
2021-02-03,4455.2571,119092,Axis Bluechip
2021-01-03,4454.8733,119092,Axis Bluechip
2021-12-02,4447.0261,119092,Axis Bluechip
2021-11-02,4446.5639,119092,Axis Bluechip
2021-10-02,4446.1385,119092,Axis Bluechip
2021-09-02,4445.4434,119092,Axis Bluechip
2021-08-02,4445.1846,119092,Axis Bluechip
2021-05-02,4443.9176,119092,Axis Bluechip
2021-04-02,4443.3787,119092,Axis Bluechip
2021-03-02,4443.0069,119092,Axis Bluechip
2021-02-02,4442.9783,119092,Axis Bluechip
2021-01-02,4442.5021,119092,Axis Bluechip
2021-12-01,4435.5524,119092,Axis Bluechip
2021-11-01,4435.3463,119092,Axis Bluechip
2021-08-01,4434.766,119092,Axis Bluechip
2021-07-01,4434.4073,119092,Axis Bluechip
2021-06-01,4434.2321,119092,Axis Bluechip
2021-05-01,4434.0473,119092,Axis Bluechip
2021-04-01,4433.6173,119092,Axis Bluechip
2021-01-01,4432.2723,119092,Axis Bluechip
2020-11-12,4423.1467,119092,Axis Bluechip
2020-10-12,4422.6387,119092,Axis Bluechip
2020-09-12,4422.082,119092,Axis Bluechip
2020-08-12,4421.9973,119092,Axis Bluechip
2020-07-12,4421.93,119092,Axis Bluechip
2020-04-12,4420.5672,119092,Axis Bluechip
2020-03-12,4419.9119,119092,Axis Bluechip
2020-02-12,4419.5547,119092,Axis Bluechip
2020-01-12,4419.9359,119092,Axis Bluechip
2020-12-11,4410.5149,119092,Axis Bluechip
2020-11-11,4409.8311,119092,Axis Bluechip
2020-10-11,4409.1968,119092,Axis Bluechip
2020-09-11,4408.6502,119092,Axis Bluechip
2020-06-11,4407.199,119092,Axis Bluechip
2020-05-11,4406.7614,119092,Axis Bluechip
2020-04-11,4406.2541,119092,Axis Bluechip
2020-03-11,4405.5861,119092,Axis Bluechip
2020-02-11,4405.1472,119092,Axis Bluechip
2020-12-10,4395.1137,119092,Axis Bluechip
2020-09-10,4393.6484,119092,Axis Bluechip
2020-08-10,4393.0146,119092,Axis Bluechip
2020-07-10,4392.2027,119092,Axis Bluechip
2020-06-10,4390.6895,119092,Axis Bluechip
2020-05-10,4389.4847,119092,Axis Bluechip
2020-01-10,4386.904,119092,Axis Bluechip
2020-11-09,4377.2109,119092,Axis Bluechip
2020-10-09,4376.749,119092,Axis Bluechip
2020-09-09,4376.598,119092,Axis Bluechip
2020-08-09,4376.2118,119092,Axis Bluechip
2020-07-09,4375.9053,119092,Axis Bluechip
2020-04-09,4374.4488,119092,Axis Bluechip
2020-03-09,4373.9936,119092,Axis Bluechip
2020-02-09,4373.5889,119092,Axis Bluechip
2020-01-09,4373.4455,119092,Axis Bluechip
2020-12-08,4361.3494,119092,Axis Bluechip
2020-11-08,4360.7977,119092,Axis Bluechip
2020-10-08,4360.0294,119092,Axis Bluechip
2020-07-08,4358.6338,119092,Axis Bluechip
2020-06-08,4359.1377,119092,Axis Bluechip
2020-05-08,4358.5009,119092,Axis Bluechip
2020-04-08,4357.4592,119092,Axis Bluechip
2020-03-08,4356.3316,119092,Axis Bluechip
2020-10-07,4345.9608,119092,Axis Bluechip
2020-09-07,4344.087,119092,Axis Bluechip
2020-08-07,4343.2338,119092,Axis Bluechip
2020-07-07,4341.1793,119092,Axis Bluechip
2020-06-07,4339.2371,119092,Axis Bluechip
2020-03-07,4336.8755,119092,Axis Bluechip
2020-02-07,4333.5809,119092,Axis Bluechip
2020-01-07,4332.0976,119092,Axis Bluechip
2020-12-06,4311.2397,119092,Axis Bluechip
2020-11-06,4310.1565,119092,Axis Bluechip
2020-10-06,4307.0927,119092,Axis Bluechip
2020-09-06,4305.7632,119092,Axis Bluechip
2020-08-06,4305.6172,119092,Axis Bluechip
2020-05-06,4303.6425,119092,Axis Bluechip
2020-04-06,4302.9475,119092,Axis Bluechip
2020-03-06,4303.7694,119092,Axis Bluechip
2020-02-06,4303.0421,119092,Axis Bluechip
2020-01-06,4303.6551,119092,Axis Bluechip
2020-12-05,4271.4274,119092,Axis Bluechip
2020-11-05,4265.7032,119092,Axis Bluechip
2020-08-05,4264.2386,119092,Axis Bluechip
2020-06-05,4260.1611,119092,Axis Bluechip
2020-05-05,4257.3671,119092,Axis Bluechip
2020-04-05,4254.1526,119092,Axis Bluechip
2020-09-04,4221.4016,119092,Axis Bluechip
2020-08-04,4225.2022,119092,Axis Bluechip
2020-07-04,4228.7396,119092,Axis Bluechip
2020-03-04,4223.1814,119092,Axis Bluechip
2020-12-03,4199.1631,119092,Axis Bluechip
2020-11-03,4202.8702,119092,Axis Bluechip
2020-09-03,4202.7078,119092,Axis Bluechip
2020-06-03,4200.6749,119092,Axis Bluechip
2020-05-03,4200.1656,119092,Axis Bluechip
2020-04-03,4198.9729,119092,Axis Bluechip
2020-03-03,4195.0644,119092,Axis Bluechip
2020-02-03,4194.6776,119092,Axis Bluechip
2020-12-02,4182.7922,119092,Axis Bluechip
2020-11-02,4182.0429,119092,Axis Bluechip
2020-10-02,4181.1499,119092,Axis Bluechip
2020-07-02,4178.8921,119092,Axis Bluechip
2020-06-02,4178.0239,119092,Axis Bluechip
2020-05-02,4175.5676,119092,Axis Bluechip
2020-04-02,4174.93,119092,Axis Bluechip
2020-03-02,4174.2552,119092,Axis Bluechip
2020-10-01,4159.6197,119092,Axis Bluechip
2020-09-01,4159.2962,119092,Axis Bluechip
2020-08-01,4158.7589,119092,Axis Bluechip
2020-07-01,4158.2403,119092,Axis Bluechip
2020-06-01,4157.6608,119092,Axis Bluechip
2020-03-01,4155.873,119092,Axis Bluechip
2020-02-01,4155.3529,119092,Axis Bluechip
2020-01-01,4154.2506,119092,Axis Bluechip
2019-12-12,4142.2277,119092,Axis Bluechip
2019-11-12,4141.6075,119092,Axis Bluechip
2019-10-12,4140.8362,119092,Axis Bluechip
2019-09-12,4140.0144,119092,Axis Bluechip
2019-06-12,4137.8932,119092,Axis Bluechip
2019-05-12,4137.1591,119092,Axis Bluechip
2019-04-12,4138.0105,119092,Axis Bluechip
2019-03-12,4137.4286,119092,Axis Bluechip
2019-02-12,4136.7004,119092,Axis Bluechip
2019-11-11,4120.8564,119092,Axis Bluechip
2019-08-11,4118.4667,119092,Axis Bluechip
2019-07-11,4117.7945,119092,Axis Bluechip
2019-06-11,4117.083,119092,Axis Bluechip
2019-05-11,4117.7223,119092,Axis Bluechip
2019-04-11,4117.1046,119092,Axis Bluechip
2019-01-11,4115.088,119092,Axis Bluechip
2019-11-10,4097.3811,119092,Axis Bluechip
2019-10-10,4095.9991,119092,Axis Bluechip
2019-09-10,4095.094,119092,Axis Bluechip
2019-07-10,4093.774,119092,Axis Bluechip
2019-04-10,4091.1895,119092,Axis Bluechip
2019-03-10,4089.831,119092,Axis Bluechip
2019-01-10,4088.1697,119092,Axis Bluechip
2019-12-09,4074.3909,119092,Axis Bluechip
2019-11-09,4073.3738,119092,Axis Bluechip
2019-09-09,4072.1616,119092,Axis Bluechip
2019-06-09,4069.7611,119092,Axis Bluechip
2019-05-09,4069.0835,119092,Axis Bluechip
2019-04-09,4068.5983,119092,Axis Bluechip
2019-03-09,4067.1216,119092,Axis Bluechip
2019-09-08,4047.4181,119092,Axis Bluechip
2019-08-08,4046.3973,119092,Axis Bluechip
2019-07-08,4043.2485,119092,Axis Bluechip
2019-06-08,4040.4543,119092,Axis Bluechip
2019-05-08,4040.2626,119092,Axis Bluechip
2019-02-08,4037.5492,119092,Axis Bluechip
2019-01-08,4036.5393,119092,Axis Bluechip
2019-12-07,4012.4738,119092,Axis Bluechip
2019-11-07,4010.9502,119092,Axis Bluechip
2019-10-07,4009.7207,119092,Axis Bluechip
2019-09-07,4006.8852,119092,Axis Bluechip
2019-08-07,4005.3821,119092,Axis Bluechip
2019-05-07,4002.7573,119092,Axis Bluechip
2019-04-07,4001.4002,119092,Axis Bluechip
2019-03-07,3999.3038,119092,Axis Bluechip
2019-02-07,3996.3465,119092,Axis Bluechip
2019-01-07,3995.6093,119092,Axis Bluechip
2019-12-06,3981.3277,119092,Axis Bluechip
2019-11-06,3981.148,119092,Axis Bluechip
2019-10-06,3981.1174,119092,Axis Bluechip
2019-07-06,3979.4257,119092,Axis Bluechip
2019-06-06,3981.171,119092,Axis Bluechip
2019-04-06,3978.8906,119092,Axis Bluechip
2019-03-06,3977.9948,119092,Axis Bluechip
2019-10-05,3945.6736,119092,Axis Bluechip
2019-09-05,3944.3106,119092,Axis Bluechip
2019-08-05,3943.5199,119092,Axis Bluechip
2019-07-05,3941.5665,119092,Axis Bluechip
2019-06-05,3939.3791,119092,Axis Bluechip
2019-03-05,3935.9902,119092,Axis Bluechip
2019-02-05,3935.9636,119092,Axis Bluechip
2019-12-04,3929.1923,119092,Axis Bluechip
2019-11-04,3928.679,119092,Axis Bluechip
2019-10-04,3929.382,119092,Axis Bluechip
2019-09-04,3929.5232,119092,Axis Bluechip
2019-08-04,3929.8635,119092,Axis Bluechip
2019-05-04,3928.9971,119092,Axis Bluechip
2019-04-04,3928.3556,119092,Axis Bluechip
2019-03-04,3927.7307,119092,Axis Bluechip
2019-02-04,3927.3237,119092,Axis Bluechip
2019-12-03,3895.3984,119092,Axis Bluechip
2019-11-03,3893.6488,119092,Axis Bluechip
2019-08-03,3891.2395,119092,Axis Bluechip
2019-07-03,3889.6642,119092,Axis Bluechip
2019-06-03,3888.9141,119092,Axis Bluechip
2019-05-03,3886.7391,119092,Axis Bluechip
2019-01-03,3883.6677,119092,Axis Bluechip
2019-12-02,3870.5686,119092,Axis Bluechip
2019-11-02,3869.8269,119092,Axis Bluechip
2019-08-02,3867.5916,119092,Axis Bluechip
2019-07-02,3866.0939,119092,Axis Bluechip
2019-06-02,3863.4747,119092,Axis Bluechip
2019-05-02,3862.7741,119092,Axis Bluechip
2019-04-02,3862.0595,119092,Axis Bluechip
2019-01-02,3860.3437,119092,Axis Bluechip
2019-11-01,3843.8171,119092,Axis Bluechip
2019-10-01,3843.0364,119092,Axis Bluechip
2019-09-01,3842.2348,119092,Axis Bluechip
2019-08-01,3841.3584,119092,Axis Bluechip
2019-07-01,3840.3604,119092,Axis Bluechip
2019-04-01,3838.1051,119092,Axis Bluechip
2019-03-01,3837.309,119092,Axis Bluechip
2019-02-01,3836.7889,119092,Axis Bluechip
2019-01-01,3835.6478,119092,Axis Bluechip
2018-12-12,3818.0154,119092,Axis Bluechip
2018-11-12,3816.9776,119092,Axis Bluechip
2018-10-12,3816.3984,119092,Axis Bluechip
2018-07-12,3814.3908,119092,Axis Bluechip
2018-06-12,3813.4412,119092,Axis Bluechip
2018-05-12,3812.0229,119092,Axis Bluechip
2018-04-12,3810.26,119092,Axis Bluechip
2018-03-12,3809.1775,119092,Axis Bluechip
2018-12-11,3790.7416,119092,Axis Bluechip
2018-09-11,3788.195,119092,Axis Bluechip
2018-06-11,3785.8486,119092,Axis Bluechip
2018-05-11,3784.9644,119092,Axis Bluechip
2018-02-11,3782.6099,119092,Axis Bluechip
2018-01-11,3781.7547,119092,Axis Bluechip
2018-12-10,3766.5512,119092,Axis Bluechip
2018-11-10,3765.8843,119092,Axis Bluechip
2018-10-10,3765.1782,119092,Axis Bluechip
2018-09-10,3764.4199,119092,Axis Bluechip
2018-08-10,3763.7318,119092,Axis Bluechip
2018-05-10,3761.4006,119092,Axis Bluechip
2018-04-10,3758.624,119092,Axis Bluechip
2018-03-10,3758.1588,119092,Axis Bluechip
2018-01-10,3756.8327,119092,Axis Bluechip
2018-12-09,3742.3052,119092,Axis Bluechip
2018-11-09,3741.621,119092,Axis Bluechip
2018-10-09,3741.6037,119092,Axis Bluechip
2018-07-09,3740.0724,119092,Axis Bluechip
2018-06-09,3739.3085,119092,Axis Bluechip
2018-05-09,3738.5233,119092,Axis Bluechip
2018-04-09,3737.9052,119092,Axis Bluechip
2018-03-09,3737.1712,119092,Axis Bluechip
2018-10-08,3719.3725,119092,Axis Bluechip
2018-09-08,3718.6457,119092,Axis Bluechip
2018-08-08,3717.8237,119092,Axis Bluechip
2018-07-08,3717.0545,119092,Axis Bluechip
2018-06-08,3716.2854,119092,Axis Bluechip
2018-03-08,3714.0635,119092,Axis Bluechip
2018-02-08,3713.1986,119092,Axis Bluechip
2018-01-08,3712.2854,119092,Axis Bluechip
2018-12-07,3698.1859,119092,Axis Bluechip
2018-11-07,3697.3895,119092,Axis Bluechip
2018-10-07,3696.726,119092,Axis Bluechip
2018-09-07,3695.9951,119092,Axis Bluechip
2018-06-07,3693.6113,119092,Axis Bluechip
2018-05-07,3692.8716,119092,Axis Bluechip
2018-04-07,3692.0381,119092,Axis Bluechip
2018-03-07,3690.9285,119092,Axis Bluechip
2018-02-07,3690.1901,119092,Axis Bluechip
2018-12-06,3674.2557,119092,Axis Bluechip
2018-11-06,3673.5316,119092,Axis Bluechip
2018-08-06,3671.3584,119092,Axis Bluechip
2018-07-06,3670.6413,119092,Axis Bluechip
2018-06-06,3669.9188,119092,Axis Bluechip
2018-05-06,3669.0214,119092,Axis Bluechip
2018-04-06,3668.204,119092,Axis Bluechip
2018-01-06,3666.0448,119092,Axis Bluechip
2018-11-05,3651.8417,119092,Axis Bluechip
2018-10-05,3651.1807,119092,Axis Bluechip
2018-09-05,3650.6892,119092,Axis Bluechip
2018-08-05,3650.0968,119092,Axis Bluechip
2018-07-05,3649.4832,119092,Axis Bluechip
2018-06-05,3648.8176,119092,Axis Bluechip
2018-04-05,3647.4455,119092,Axis Bluechip
2018-03-05,3646.8796,119092,Axis Bluechip
2018-02-05,3646.2495,119092,Axis Bluechip
2018-01-05,3645.6219,119092,Axis Bluechip
2018-12-04,3632.833,119092,Axis Bluechip
2018-11-04,3632.1726,119092,Axis Bluechip
2018-10-04,3631.5028,119092,Axis Bluechip
2018-09-04,3630.831,119092,Axis Bluechip
2018-08-04,3630.1161,119092,Axis Bluechip
2018-06-04,3628.7427,119092,Axis Bluechip
2018-05-04,3628.0483,119092,Axis Bluechip
2018-04-04,3627.3585,119092,Axis Bluechip
2018-03-04,3626.587,119092,Axis Bluechip
2018-02-04,3625.8417,119092,Axis Bluechip
2018-12-03,3609.4878,119092,Axis Bluechip
2018-11-03,3608.7393,119092,Axis Bluechip
2018-09-03,3607.3635,119092,Axis Bluechip
2018-08-03,3606.6961,119092,Axis Bluechip
2018-07-03,3606.0523,119092,Axis Bluechip
2018-06-03,3605.2029,119092,Axis Bluechip
2018-05-03,3604.5069,119092,Axis Bluechip
2018-04-03,3603.8577,119092,Axis Bluechip
2018-01-03,3601.76,119092,Axis Bluechip
2018-12-02,3590.5319,119092,Axis Bluechip
2018-11-02,3589.8896,119092,Axis Bluechip
2018-09-02,3588.5597,119092,Axis Bluechip
2018-08-02,3587.8768,119092,Axis Bluechip
2018-07-02,3587.2406,119092,Axis Bluechip
2018-06-02,3586.5624,119092,Axis Bluechip
2018-05-02,3585.91,119092,Axis Bluechip
2018-04-02,3585.2874,119092,Axis Bluechip
2018-02-02,3583.9712,119092,Axis Bluechip
2018-01-02,3583.3151,119092,Axis Bluechip
2018-12-01,3570.5428,119092,Axis Bluechip
2018-11-01,3569.9336,119092,Axis Bluechip
2018-10-01,3569.3069,119092,Axis Bluechip
2018-09-01,3568.6921,119092,Axis Bluechip
2018-08-01,3568.0726,119092,Axis Bluechip
2018-07-01,3567.4437,119092,Axis Bluechip
2018-05-01,3566.1723,119092,Axis Bluechip
2018-04-01,3565.5403,119092,Axis Bluechip
2018-03-01,3564.9531,119092,Axis Bluechip
2018-02-01,3564.3398,119092,Axis Bluechip
2018-01-01,3563.7227,119092,Axis Bluechip
2017-12-12,3551.3086,119092,Axis Bluechip
2017-11-12,3550.7104,119092,Axis Bluechip
2017-10-12,3550.1024,119092,Axis Bluechip
2017-08-12,3548.8589,119092,Axis Bluechip
2017-07-12,3548.2344,119092,Axis Bluechip
2017-06-12,3547.5998,119092,Axis Bluechip
2017-05-12,3546.9882,119092,Axis Bluechip
2017-04-12,3546.3997,119092,Axis Bluechip
2017-03-12,3545.7868,119092,Axis Bluechip
2017-12-11,3533.0683,119092,Axis Bluechip
2017-10-11,3531.8502,119092,Axis Bluechip
2017-09-11,3531.2451,119092,Axis Bluechip
2017-08-11,3530.6387,119092,Axis Bluechip
2017-07-11,3530.0342,119092,Axis Bluechip
2017-06-11,3529.4068,119092,Axis Bluechip
2017-05-11,3528.798,119092,Axis Bluechip
2017-03-11,3527.601,119092,Axis Bluechip
2017-02-11,3527.0105,119092,Axis Bluechip
2017-01-11,3526.408,119092,Axis Bluechip
2017-12-10,3514.3437,119092,Axis Bluechip
2017-11-10,3513.7349,119092,Axis Bluechip
2017-10-10,3513.115,119092,Axis Bluechip
2017-09-10,3512.5321,119092,Axis Bluechip
2017-08-10,3511.9282,119092,Axis Bluechip
2017-06-10,3510.7308,119092,Axis Bluechip
2017-05-10,3510.1388,119092,Axis Bluechip
2017-04-10,3509.5354,119092,Axis Bluechip
2017-03-10,3508.956,119092,Axis Bluechip
2017-02-10,3508.3081,119092,Axis Bluechip
2017-12-09,3496.1883,119092,Axis Bluechip
2017-11-09,3495.5739,119092,Axis Bluechip
2017-10-09,3494.9759,119092,Axis Bluechip
2017-08-09,3493.8069,119092,Axis Bluechip
2017-07-09,3493.227,119092,Axis Bluechip
2017-06-09,3492.6349,119092,Axis Bluechip
2017-05-09,3492.0355,119092,Axis Bluechip
2017-04-09,3491.4433,119092,Axis Bluechip
2017-03-09,3490.8296,119092,Axis Bluechip
2017-01-09,3489.6208,119092,Axis Bluechip
2017-11-08,3477.1149,119092,Axis Bluechip
2017-10-08,3476.5118,119092,Axis Bluechip
2017-09-08,3475.9185,119092,Axis Bluechip
2017-08-08,3475.3099,119092,Axis Bluechip
2017-07-08,3474.7115,119092,Axis Bluechip
2017-06-08,3474.1128,119092,Axis Bluechip
2017-04-08,3472.9164,119092,Axis Bluechip
2017-03-08,3472.3171,119092,Axis Bluechip
2017-02-08,3471.702,119092,Axis Bluechip
2017-01-08,3471.0974,119092,Axis Bluechip
2017-12-07,3458.8728,119092,Axis Bluechip
2017-11-07,3458.2367,119092,Axis Bluechip
2017-10-07,3457.6327,119092,Axis Bluechip
2017-09-07,3456.9857,119092,Axis Bluechip
2017-07-07,3455.7809,119092,Axis Bluechip
2017-06-07,3455.1129,119092,Axis Bluechip
2017-05-07,3454.4816,119092,Axis Bluechip
2017-04-07,3453.8592,119092,Axis Bluechip
2017-03-07,3453.207,119092,Axis Bluechip
2017-02-07,3452.5884,119092,Axis Bluechip
2017-12-06,3440.2725,119092,Axis Bluechip
2017-11-06,3439.6816,119092,Axis Bluechip
2017-09-06,3438.4636,119092,Axis Bluechip
2017-08-06,3437.8295,119092,Axis Bluechip
2017-07-06,3437.2181,119092,Axis Bluechip
2017-06-06,3436.5893,119092,Axis Bluechip
2017-05-06,3436.0053,119092,Axis Bluechip
2017-04-06,3435.3928,119092,Axis Bluechip
2017-02-06,3434.1943,119092,Axis Bluechip
2017-01-06,3433.557,119092,Axis Bluechip
2017-12-05,3421.3996,119092,Axis Bluechip
2017-11-05,3420.811,119092,Axis Bluechip
2017-10-05,3420.1978,119092,Axis Bluechip
2017-09-05,3419.6046,119092,Axis Bluechip
2017-08-05,3419.0012,119092,Axis Bluechip
2017-07-05,3418.3994,119092,Axis Bluechip
2017-05-05,3417.1956,119092,Axis Bluechip
2017-04-05,3416.5907,119092,Axis Bluechip
2017-03-05,3415.9934,119092,Axis Bluechip
2017-02-05,3415.3902,119092,Axis Bluechip
2017-01-05,3414.787,119092,Axis Bluechip
2017-12-04,3403.3109,119092,Axis Bluechip
2017-11-04,3402.6946,119092,Axis Bluechip
2017-10-04,3402.0715,119092,Axis Bluechip
2017-09-04,3401.4509,119092,Axis Bluechip
2017-07-04,3400.28,119092,Axis Bluechip
2017-06-04,3399.6978,119092,Axis Bluechip
2017-05-04,3399.1106,119092,Axis Bluechip
2017-04-04,3398.5121,119092,Axis Bluechip
2017-03-04,3397.9286,119092,Axis Bluechip
2017-02-04,3397.3563,119092,Axis Bluechip
2017-10-03,3382.4619,119092,Axis Bluechip
2017-09-03,3381.8949,119092,Axis Bluechip
2017-08-03,3381.3211,119092,Axis Bluechip
2017-07-03,3380.7249,119092,Axis Bluechip
2017-06-03,3380.131,119092,Axis Bluechip
2017-05-03,3379.5549,119092,Axis Bluechip
2017-03-03,3378.2907,119092,Axis Bluechip
2017-02-03,3377.7013,119092,Axis Bluechip
2017-01-03,3377.1059,119092,Axis Bluechip
2017-12-02,3366.6653,119092,Axis Bluechip
2017-10-02,3365.4149,119092,Axis Bluechip
2017-09-02,3364.7957,119092,Axis Bluechip
2017-08-02,3364.1948,119092,Axis Bluechip
2017-07-02,3363.8316,119092,Axis Bluechip
2017-06-02,3363.2356,119092,Axis Bluechip
2017-05-02,3362.6327,119092,Axis Bluechip
2017-03-02,3361.3876,119092,Axis Bluechip
2017-02-02,3360.7552,119092,Axis Bluechip
2017-01-02,3360.1553,119092,Axis Bluechip
2017-12-01,3348.1344,119092,Axis Bluechip
2017-11-01,3347.5491,119092,Axis Bluechip
2017-10-01,3346.9752,119092,Axis Bluechip
2017-09-01,3346.3857,119092,Axis Bluechip
2017-08-01,3345.8006,119092,Axis Bluechip
2017-06-01,3344.6377,119092,Axis Bluechip
2017-05-01,3344.0332,119092,Axis Bluechip
2017-04-01,3343.4504,119092,Axis Bluechip
2017-03-01,3342.8581,119092,Axis Bluechip
2017-02-01,3342.2468,119092,Axis Bluechip
2017-01-01,3341.6261,119092,Axis Bluechip
2016-12-12,3329.6099,119092,Axis Bluechip
2016-09-12,3327.8721,119092,Axis Bluechip
2016-08-12,3327.206,119092,Axis Bluechip
2016-07-12,3326.6282,119092,Axis Bluechip
2016-06-12,3326.5241,119092,Axis Bluechip
2016-05-12,3325.9363,119092,Axis Bluechip
2016-04-12,3325.3068,119092,Axis Bluechip
2016-02-12,3324.091,119092,Axis Bluechip
2016-01-12,3323.7685,119092,Axis Bluechip
2016-11-11,3311.4206,119092,Axis Bluechip
2016-10-11,3310.7985,119092,Axis Bluechip
2016-09-11,3310.1841,119092,Axis Bluechip
2016-08-11,3309.568,119092,Axis Bluechip
2016-07-11,3308.9568,119092,Axis Bluechip
2016-06-11,3308.346,119092,Axis Bluechip
2016-04-11,3307.1195,119092,Axis Bluechip
2016-03-11,3306.5054,119092,Axis Bluechip
2016-02-11,3305.8902,119092,Axis Bluechip
2016-01-11,3305.2766,119092,Axis Bluechip
2016-12-10,3293.0718,119092,Axis Bluechip
2016-10-10,3291.8892,119092,Axis Bluechip
2016-09-10,3291.3016,119092,Axis Bluechip
2016-07-10,3290.0718,119092,Axis Bluechip
2016-06-10,3289.4548,119092,Axis Bluechip
2016-05-10,3288.8341,119092,Axis Bluechip
2016-04-10,3288.2173,119092,Axis Bluechip
2016-03-10,3287.5974,119092,Axis Bluechip
2016-02-10,3286.984,119092,Axis Bluechip
2016-12-09,3274.3642,119092,Axis Bluechip
2016-11-09,3273.7481,119092,Axis Bluechip
2016-09-09,3272.5127,119092,Axis Bluechip
2016-08-09,3271.9333,119092,Axis Bluechip
2016-07-09,3271.3271,119092,Axis Bluechip
2016-06-09,3270.7148,119092,Axis Bluechip
2016-05-09,3270.1044,119092,Axis Bluechip
2016-02-09,3268.2219,119092,Axis Bluechip
2016-01-09,3267.6127,119092,Axis Bluechip
2016-12-08,3255.189,119092,Axis Bluechip
2016-11-08,3254.5885,119092,Axis Bluechip
2016-10-08,3253.9374,119092,Axis Bluechip
2016-09-08,3253.3384,119092,Axis Bluechip
2016-08-08,3252.7127,119092,Axis Bluechip
2016-07-08,3252.0719,119092,Axis Bluechip
2016-05-08,3250.7934,119092,Axis Bluechip
2016-04-08,3250.169,119092,Axis Bluechip
2016-03-08,3249.5571,119092,Axis Bluechip
2016-02-08,3248.8641,119092,Axis Bluechip
2016-01-08,3248.2477,119092,Axis Bluechip
2016-12-07,3235.4789,119092,Axis Bluechip
2016-11-07,3234.8239,119092,Axis Bluechip
2016-10-07,3234.1729,119092,Axis Bluechip
2016-08-07,3232.8805,119092,Axis Bluechip
2016-07-07,3232.2341,119092,Axis Bluechip
2016-06-07,3231.5512,119092,Axis Bluechip
2016-05-07,3230.9013,119092,Axis Bluechip
2016-04-07,3230.2398,119092,Axis Bluechip
2016-03-07,3229.5843,119092,Axis Bluechip
2016-01-07,3228.2491,119092,Axis Bluechip
2016-12-06,3215.3314,119092,Axis Bluechip
2016-10-06,3213.9764,119092,Axis Bluechip
2016-09-06,3213.2888,119092,Axis Bluechip
2016-08-06,3212.6384,119092,Axis Bluechip
2016-07-06,3211.9477,119092,Axis Bluechip
2016-06-06,3211.27,119092,Axis Bluechip
2016-05-06,3210.5478,119092,Axis Bluechip
2016-03-06,3209.248,119092,Axis Bluechip
2016-02-06,3208.578,119092,Axis Bluechip
2016-01-06,3207.8852,119092,Axis Bluechip
2016-12-05,3194.2406,119092,Axis Bluechip
2016-11-05,3193.5508,119092,Axis Bluechip
2016-10-05,3192.864,119092,Axis Bluechip
2016-09-05,3192.1855,119092,Axis Bluechip
2016-08-05,3191.5075,119092,Axis Bluechip
2016-06-05,3190.0927,119092,Axis Bluechip
2016-05-05,3189.4069,119092,Axis Bluechip
2016-04-05,3188.7163,119092,Axis Bluechip
2016-03-05,3188.0279,119092,Axis Bluechip
2016-02-05,3187.328,119092,Axis Bluechip
2016-01-05,3186.6296,119092,Axis Bluechip
2016-12-04,3173.3481,119092,Axis Bluechip
2016-11-04,3172.6688,119092,Axis Bluechip
2016-10-04,3171.9299,119092,Axis Bluechip
2016-07-04,3169.7482,119092,Axis Bluechip
2016-06-04,3169.0079,119092,Axis Bluechip
2016-05-04,3168.3416,119092,Axis Bluechip
2016-04-04,3167.5146,119092,Axis Bluechip
2016-03-04,3166.6893,119092,Axis Bluechip
2016-11-03,3147.9784,119092,Axis Bluechip
2016-10-03,3147.2584,119092,Axis Bluechip
2016-09-03,3146.6036,119092,Axis Bluechip
2016-08-03,3145.9221,119092,Axis Bluechip
2016-07-03,3145.2805,119092,Axis Bluechip
2016-04-03,3143.2208,119092,Axis Bluechip
2016-03-03,3142.5577,119092,Axis Bluechip
2016-02-03,3141.8721,119092,Axis Bluechip
2016-01-03,3141.1679,119092,Axis Bluechip
2016-12-02,3129.2884,119092,Axis Bluechip
2016-11-02,3128.6196,119092,Axis Bluechip
2016-10-02,3127.9645,119092,Axis Bluechip
2016-09-02,3127.2983,119092,Axis Bluechip
2016-08-02,3126.6269,119092,Axis Bluechip
2016-07-02,3125.9741,119092,Axis Bluechip
2016-05-02,3124.6154,119092,Axis Bluechip
2016-04-02,3124.0179,119092,Axis Bluechip
2016-03-02,3123.3797,119092,Axis Bluechip
2016-02-02,3122.7447,119092,Axis Bluechip
2016-01-02,3122.1056,119092,Axis Bluechip
2016-12-01,3109.3768,119092,Axis Bluechip
2016-11-01,3108.7484,119092,Axis Bluechip
2016-10-01,3108.1152,119092,Axis Bluechip
2016-08-01,3106.8293,119092,Axis Bluechip
2016-07-01,3106.1847,119092,Axis Bluechip
2016-06-01,3105.5455,119092,Axis Bluechip
2016-05-01,3104.8751,119092,Axis Bluechip
2016-04-01,3104.225,119092,Axis Bluechip
2016-03-01,3103.5954,119092,Axis Bluechip
2016-01-01,3102.3838,119092,Axis Bluechip
2015-11-12,3088.6927,119092,Axis Bluechip
2015-10-12,3088.0813,119092,Axis Bluechip
2015-09-12,3087.4736,119092,Axis Bluechip
2015-08-12,3086.8712,119092,Axis Bluechip
2015-07-12,3086.2556,119092,Axis Bluechip
2015-06-12,3085.6465,119092,Axis Bluechip
2015-04-12,3084.3877,119092,Axis Bluechip
2015-03-12,3083.7681,119092,Axis Bluechip
2015-02-12,3083.1525,119092,Axis Bluechip
2015-01-12,3082.5388,119092,Axis Bluechip
2015-12-11,3070.7243,119092,Axis Bluechip
2015-10-11,3069.476,119092,Axis Bluechip
2015-09-11,3068.8375,119092,Axis Bluechip
2015-08-11,3068.2149,119092,Axis Bluechip
2015-06-11,3066.9314,119092,Axis Bluechip
2015-05-11,3066.2883,119092,Axis Bluechip
2015-04-11,3065.6646,119092,Axis Bluechip
2015-03-11,3065.0468,119092,Axis Bluechip
2015-02-11,3064.428,119092,Axis Bluechip
2015-01-11,3063.8107,119092,Axis Bluechip
2015-12-10,3051.1526,119092,Axis Bluechip
2015-11-10,3050.5247,119092,Axis Bluechip
2015-09-10,3049.2565,119092,Axis Bluechip
2015-08-10,3048.6109,119092,Axis Bluechip
2015-07-10,3047.9811,119092,Axis Bluechip
2015-06-10,3047.348,119092,Axis Bluechip
2015-05-10,3046.7171,119092,Axis Bluechip
2015-04-10,3046.0815,119092,Axis Bluechip
2015-01-10,3044.1152,119092,Axis Bluechip
2015-11-09,3030.9723,119092,Axis Bluechip
2015-10-09,3030.3753,119092,Axis Bluechip
2015-09-09,3029.7792,119092,Axis Bluechip
2015-08-09,3029.156,119092,Axis Bluechip
2015-07-09,3028.5349,119092,Axis Bluechip
2015-06-09,3027.9099,119092,Axis Bluechip
2015-04-09,3026.5983,119092,Axis Bluechip
2015-03-09,3025.9735,119092,Axis Bluechip
2015-02-09,3025.3461,119092,Axis Bluechip
2015-01-09,3024.7217,119092,Axis Bluechip
2015-12-08,30.1204,119092,Axis Bluechip
2015-11-08,30.1139,119092,Axis Bluechip
2015-10-08,30.1076,119092,Axis Bluechip
2015-09-08,30.1011,119092,Axis Bluechip
2015-07-08,30.0879,119092,Axis Bluechip
2015-06-08,30.0813,119092,Axis Bluechip
2015-05-08,30.075,119092,Axis Bluechip
2015-04-08,30.0685,119092,Axis Bluechip
2015-03-08,30.062,119092,Axis Bluechip
2015-02-08,30.0556,119092,Axis Bluechip
2015-12-07,29.9184,119092,Axis Bluechip
2015-10-07,29.9052,119092,Axis Bluechip
2015-09-07,29.8986,119092,Axis Bluechip
2015-08-07,29.8921,119092,Axis Bluechip
2015-07-07,29.8856,119092,Axis Bluechip
2015-06-07,29.8791,119092,Axis Bluechip
2015-05-07,29.8724,119092,Axis Bluechip
2015-03-07,29.8595,119092,Axis Bluechip
2015-02-07,29.8528,119092,Axis Bluechip
2015-01-07,29.8462,119092,Axis Bluechip
2015-12-06,29.7203,119092,Axis Bluechip
2015-11-06,29.7137,119092,Axis Bluechip
2015-10-06,29.7071,119092,Axis Bluechip
2015-09-06,29.7004,119092,Axis Bluechip
2015-08-06,29.6937,119092,Axis Bluechip
2015-07-06,29.6871,119092,Axis Bluechip
2015-05-06,29.6739,119092,Axis Bluechip
2015-04-06,29.6673,119092,Axis Bluechip
2015-03-06,29.6605,119092,Axis Bluechip
2015-02-06,29.6537,119092,Axis Bluechip
2015-01-06,29.647,119092,Axis Bluechip
2015-12-05,29.5106,119092,Axis Bluechip
2015-11-05,29.5038,119092,Axis Bluechip
2015-10-05,29.497,119092,Axis Bluechip
2015-08-05,29.4835,119092,Axis Bluechip
2015-07-05,29.4768,119092,Axis Bluechip
2015-06-05,29.4702,119092,Axis Bluechip
2015-05-05,29.4635,119092,Axis Bluechip
2015-04-05,29.4569,119092,Axis Bluechip
2015-12-04,29.3073,119092,Axis Bluechip
2015-10-04,29.2936,119092,Axis Bluechip
2015-09-04,29.2871,119092,Axis Bluechip
2015-08-04,29.2801,119092,Axis Bluechip
2015-07-04,29.2735,119092,Axis Bluechip
2015-06-04,29.2665,119092,Axis Bluechip
2015-05-04,29.2588,119092,Axis Bluechip
2015-12-03,29.0813,119092,Axis Bluechip
2015-11-03,29.0746,119092,Axis Bluechip
2015-10-03,29.068,119092,Axis Bluechip
2015-09-03,29.0612,119092,Axis Bluechip
2015-08-03,29.0546,119092,Axis Bluechip
2015-05-03,29.034,119092,Axis Bluechip
2015-04-03,29.0269,119092,Axis Bluechip
2015-03-03,29.0196,119092,Axis Bluechip
2015-02-03,29.0128,119092,Axis Bluechip
2015-01-03,29.0062,119092,Axis Bluechip
2015-12-02,28.8931,119092,Axis Bluechip
2015-11-02,28.8865,119092,Axis Bluechip
2015-10-02,28.8799,119092,Axis Bluechip
2015-09-02,28.8733,119092,Axis Bluechip
2015-08-02,28.8667,119092,Axis Bluechip
2015-06-02,28.8535,119092,Axis Bluechip
2015-05-02,28.8469,119092,Axis Bluechip
2015-04-02,28.8403,119092,Axis Bluechip
2015-03-02,28.8337,119092,Axis Bluechip
2015-02-02,28.8272,119092,Axis Bluechip
2015-01-02,28.8206,119092,Axis Bluechip
2015-12-01,28.6885,119092,Axis Bluechip
2015-11-01,28.6819,119092,Axis Bluechip
2015-09-01,28.6687,119092,Axis Bluechip
2015-08-01,28.6621,119092,Axis Bluechip
2015-07-01,28.6555,119092,Axis Bluechip
2015-06-01,28.6489,119092,Axis Bluechip
2015-05-01,28.6423,119092,Axis Bluechip
2015-04-01,28.6357,119092,Axis Bluechip
2015-02-01,28.6226,119092,Axis Bluechip
2015-01-01,28.616,119092,Axis Bluechip
2014-12-12,28.4846,119092,Axis Bluechip
2014-11-12,28.4779,119092,Axis Bluechip
2014-10-12,28.4713,119092,Axis Bluechip
2014-09-12,28.4648,119092,Axis Bluechip
2014-08-12,28.4582,119092,Axis Bluechip
2014-07-12,28.4517,119092,Axis Bluechip
2014-05-12,28.4387,119092,Axis Bluechip
2014-04-12,28.4321,119092,Axis Bluechip
2014-03-12,28.4256,119092,Axis Bluechip
2014-02-12,28.419,119092,Axis Bluechip
2014-01-12,28.4124,119092,Axis Bluechip
2014-12-11,28.2868,119092,Axis Bluechip
2014-11-11,28.2802,119092,Axis Bluechip
2014-10-11,28.2736,119092,Axis Bluechip
2014-09-11,28.2669,119092,Axis Bluechip
2014-07-11,28.2538,119092,Axis Bluechip
2014-06-11,28.247,119092,Axis Bluechip
2014-05-11,28.2404,119092,Axis Bluechip
2014-04-11,28.2336,119092,Axis Bluechip
2014-03-11,28.227,119092,Axis Bluechip
2014-02-11,28.2203,119092,Axis Bluechip
2014-12-10,28.0806,119092,Axis Bluechip
2014-10-10,28.0674,119092,Axis Bluechip
2014-09-10,28.0608,119092,Axis Bluechip
2014-08-10,28.0542,119092,Axis Bluechip
2014-07-10,28.0473,119092,Axis Bluechip
2014-06-10,28.0406,119092,Axis Bluechip
2014-01-10,28.006,119092,Axis Bluechip
2014-12-09,27.8799,119092,Axis Bluechip
2014-11-09,27.8734,119092,Axis Bluechip
2014-10-09,27.8669,119092,Axis Bluechip
2014-09-09,27.8603,119092,Axis Bluechip
2014-08-09,27.8538,119092,Axis Bluechip
2014-07-09,27.8472,119092,Axis Bluechip
2014-05-09,27.8342,119092,Axis Bluechip
2014-04-09,27.8277,119092,Axis Bluechip
2014-03-09,27.8211,119092,Axis Bluechip
2014-02-09,27.8146,119092,Axis Bluechip
2014-01-09,27.8081,119092,Axis Bluechip
2014-12-08,27.6787,119092,Axis Bluechip
2014-11-08,27.6723,119092,Axis Bluechip
2014-10-08,27.6659,119092,Axis Bluechip
2014-08-08,27.6531,119092,Axis Bluechip
2014-07-08,27.6468,119092,Axis Bluechip
2014-06-08,27.6404,119092,Axis Bluechip
2014-05-08,27.6341,119092,Axis Bluechip
2014-04-08,27.6277,119092,Axis Bluechip
2014-03-08,27.6213,119092,Axis Bluechip
2014-01-08,27.6086,119092,Axis Bluechip
2014-11-07,27.4762,119092,Axis Bluechip
2014-10-07,27.4701,119092,Axis Bluechip
2014-09-07,27.4639,119092,Axis Bluechip
2014-08-07,27.4576,119092,Axis Bluechip
2014-07-07,27.4513,119092,Axis Bluechip
2014-06-07,27.4449,119092,Axis Bluechip
2014-04-07,27.4323,119092,Axis Bluechip
2014-03-07,27.426,119092,Axis Bluechip
2014-02-07,27.4196,119092,Axis Bluechip
2014-01-07,27.4131,119092,Axis Bluechip
2014-12-06,27.2902,119092,Axis Bluechip
2014-11-06,27.2838,119092,Axis Bluechip
2014-10-06,27.2773,119092,Axis Bluechip
2014-09-06,27.2708,119092,Axis Bluechip
2014-08-06,27.2643,119092,Axis Bluechip
2014-06-06,27.2514,119092,Axis Bluechip
2014-05-06,27.2449,119092,Axis Bluechip
2014-04-06,27.2385,119092,Axis Bluechip
2014-03-06,27.2319,119092,Axis Bluechip
2014-02-06,27.2252,119092,Axis Bluechip
2014-01-06,27.2189,119092,Axis Bluechip
2014-12-05,27.0881,119092,Axis Bluechip
2014-11-05,27.0815,119092,Axis Bluechip
2014-09-05,27.0686,119092,Axis Bluechip
2014-08-05,27.0619,119092,Axis Bluechip
2014-07-05,27.0553,119092,Axis Bluechip
2014-06-05,27.0488,119092,Axis Bluechip
2014-05-05,27.0422,119092,Axis Bluechip
2014-04-05,27.0356,119092,Axis Bluechip
2014-02-05,27.0224,119092,Axis Bluechip
2014-01-05,27.0157,119092,Axis Bluechip
2014-11-04,26.8814,119092,Axis Bluechip
2014-10-04,26.8747,119092,Axis Bluechip
2014-09-04,26.8678,119092,Axis Bluechip
2014-08-04,26.8612,119092,Axis Bluechip
2014-07-04,26.8542,119092,Axis Bluechip
2014-06-04,26.8477,119092,Axis Bluechip
2014-04-04,26.8337,119092,Axis Bluechip
2014-03-04,26.8272,119092,Axis Bluechip
2014-02-04,26.8201,119092,Axis Bluechip
2014-01-04,26.8131,119092,Axis Bluechip
2014-12-03,26.6656,119092,Axis Bluechip
2014-11-03,26.6589,119092,Axis Bluechip
2014-10-03,26.6523,119092,Axis Bluechip
2014-09-03,26.6458,119092,Axis Bluechip
2014-07-03,26.6326,119092,Axis Bluechip
2014-06-03,26.626,119092,Axis Bluechip
2014-05-03,26.6196,119092,Axis Bluechip
2014-04-03,26.6132,119092,Axis Bluechip
2014-03-03,26.6068,119092,Axis Bluechip
2014-02-03,26.6005,119092,Axis Bluechip
2014-12-02,26.4878,119092,Axis Bluechip
2014-11-02,26.4816,119092,Axis Bluechip
2014-10-02,26.4754,119092,Axis Bluechip
2014-09-02,26.4692,119092,Axis Bluechip
2014-07-02,26.4568,119092,Axis Bluechip
2014-06-02,26.4505,119092,Axis Bluechip
2014-05-02,26.4443,119092,Axis Bluechip
2014-04-02,26.4381,119092,Axis Bluechip
2014-03-02,26.4319,119092,Axis Bluechip
2014-02-02,26.4258,119092,Axis Bluechip
2014-12-01,26.2934,119092,Axis Bluechip
2014-10-01,26.2807,119092,Axis Bluechip
2014-09-01,26.2744,119092,Axis Bluechip
2014-08-01,26.2681,119092,Axis Bluechip
2014-07-01,26.2617,119092,Axis Bluechip
2014-06-01,26.2553,119092,Axis Bluechip
2014-05-01,26.2489,119092,Axis Bluechip
2014-03-01,26.2362,119092,Axis Bluechip
2014-02-01,26.2298,119092,Axis Bluechip
2014-01-01,26.2235,119092,Axis Bluechip
2013-12-12,26.0942,119092,Axis Bluechip
2013-11-12,26.0879,119092,Axis Bluechip
2013-10-12,26.0815,119092,Axis Bluechip
2013-09-12,26.0751,119092,Axis Bluechip
2013-08-12,26.0686,119092,Axis Bluechip
2013-06-12,26.0558,119092,Axis Bluechip
2013-05-12,26.0494,119092,Axis Bluechip
2013-04-12,26.0431,119092,Axis Bluechip
2013-03-12,26.0368,119092,Axis Bluechip
2013-02-12,26.03,119092,Axis Bluechip
2013-01-12,26.0236,119092,Axis Bluechip
2013-12-11,25.8999,119092,Axis Bluechip
2013-11-11,25.8933,119092,Axis Bluechip
2013-10-11,25.8867,119092,Axis Bluechip
2013-08-11,25.8733,119092,Axis Bluechip
2013-07-11,25.8666,119092,Axis Bluechip
2013-06-11,25.8599,119092,Axis Bluechip
2013-05-11,25.8532,119092,Axis Bluechip
2013-04-11,25.8466,119092,Axis Bluechip
2013-01-11,25.8264,119092,Axis Bluechip
2013-11-10,25.6801,119092,Axis Bluechip
2013-10-10,25.673,119092,Axis Bluechip
2013-09-10,25.6659,119092,Axis Bluechip
2013-08-10,25.6587,119092,Axis Bluechip
2013-07-10,25.6508,119092,Axis Bluechip
2013-06-10,25.6434,119092,Axis Bluechip
2013-04-10,25.629,119092,Axis Bluechip
2013-03-10,25.6214,119092,Axis Bluechip
2013-02-10,25.6141,119092,Axis Bluechip
2013-01-10,25.6067,119092,Axis Bluechip
2013-12-09,25.4632,119092,Axis Bluechip
2013-11-09,25.4558,119092,Axis Bluechip
2013-10-09,25.4483,119092,Axis Bluechip
2013-09-09,25.4408,119092,Axis Bluechip
2013-06-09,25.4198,119092,Axis Bluechip
2013-05-09,25.4121,119092,Axis Bluechip
2013-04-09,25.403,119092,Axis Bluechip
2013-03-09,25.3949,119092,Axis Bluechip
2013-02-09,25.3877,119092,Axis Bluechip
2013-01-09,25.3804,119092,Axis Bluechip
2013-12-08,25.2342,119092,Axis Bluechip
2013-11-08,25.2278,119092,Axis Bluechip
2013-08-08,25.2051,119092,Axis Bluechip
2013-07-08,25.1974,119092,Axis Bluechip
2013-06-08,25.1904,119092,Axis Bluechip
2013-05-08,25.1832,119092,Axis Bluechip
2013-04-08,25.1748,119092,Axis Bluechip
2013-02-08,25.1607,119092,Axis Bluechip
2013-01-08,25.1536,119092,Axis Bluechip
2013-12-07,25.1064,119092,Axis Bluechip
2013-11-07,25.1004,119092,Axis Bluechip
2013-10-07,25.0948,119092,Axis Bluechip
2013-09-07,25.0893,119092,Axis Bluechip
2013-08-07,25.0838,119092,Axis Bluechip
2013-07-07,25.0783,119092,Axis Bluechip
2013-05-07,25.0681,119092,Axis Bluechip
2013-04-07,25.0619,119092,Axis Bluechip
2013-03-07,25.0562,119092,Axis Bluechip
2013-02-07,25.0506,119092,Axis Bluechip
2013-01-07,25.0444,119092,Axis Bluechip
2013-12-06,24.9347,119092,Axis Bluechip
2013-11-06,24.9292,119092,Axis Bluechip
2013-10-06,24.9237,119092,Axis Bluechip
2013-09-06,24.9182,119092,Axis Bluechip
2013-07-06,24.907,119092,Axis Bluechip
2013-06-06,24.9014,119092,Axis Bluechip
2013-05-06,24.8958,119092,Axis Bluechip
2013-04-06,24.8903,119092,Axis Bluechip
2013-03-06,24.8847,119092,Axis Bluechip
2013-02-06,24.8791,119092,Axis Bluechip
2013-12-05,24.7604,119092,Axis Bluechip
2013-10-05,24.7491,119092,Axis Bluechip
2013-09-05,24.7432,119092,Axis Bluechip
2013-08-05,24.7375,119092,Axis Bluechip
2013-07-05,24.7318,119092,Axis Bluechip
2013-06-05,24.726,119092,Axis Bluechip
2013-05-05,24.7203,119092,Axis Bluechip
2013-03-05,24.7088,119092,Axis Bluechip
2013-02-05,24.7029,119092,Axis Bluechip
2013-01-05,24.6971,119092,Axis Bluechip
2013-12-04,24.5872,119092,Axis Bluechip
2013-11-04,24.5815,119092,Axis Bluechip
2013-10-04,24.5758,119092,Axis Bluechip
2013-09-04,24.5702,119092,Axis Bluechip
2013-08-04,24.5645,119092,Axis Bluechip
2013-07-04,24.559,119092,Axis Bluechip
2013-05-04,24.548,119092,Axis Bluechip
2013-04-04,24.5419,119092,Axis Bluechip
2013-03-04,24.5363,119092,Axis Bluechip
2013-02-04,24.5294,119092,Axis Bluechip
2013-01-04,24.5163,119092,Axis Bluechip
2013-12-03,24.3827,119092,Axis Bluechip
2013-11-03,24.377,119092,Axis Bluechip
2013-10-03,24.3714,119092,Axis Bluechip
2013-08-03,24.3601,119092,Axis Bluechip
2013-07-03,24.3546,119092,Axis Bluechip
2013-06-03,24.3489,119092,Axis Bluechip
2013-05-03,24.3433,119092,Axis Bluechip
2013-04-03,24.3377,119092,Axis Bluechip
2013-03-03,24.3322,119092,Axis Bluechip
2013-01-03,24.3212,119092,Axis Bluechip
2013-12-02,24.2284,119092,Axis Bluechip
2013-11-02,24.223,119092,Axis Bluechip
2013-10-02,24.2174,119092,Axis Bluechip
2013-08-02,24.2067,119092,Axis Bluechip
2013-07-02,24.2013,119092,Axis Bluechip
2013-06-02,24.1959,119092,Axis Bluechip
2013-05-02,24.1903,119092,Axis Bluechip
2013-04-02,24.1849,119092,Axis Bluechip
2013-03-02,24.1795,119092,Axis Bluechip
2013-01-02,24.1686,119092,Axis Bluechip
2013-11-01,24.0534,119092,Axis Bluechip
2013-10-01,24.0479,119092,Axis Bluechip
2013-09-01,24.0424,119092,Axis Bluechip
2013-08-01,24.0369,119092,Axis Bluechip
2013-07-01,24.0314,119092,Axis Bluechip
2013-06-01,24.0258,119092,Axis Bluechip
2013-04-01,24.0147,119092,Axis Bluechip
2013-03-01,24.0092,119092,Axis Bluechip
2013-02-01,24.0036,119092,Axis Bluechip
2013-01-01,23.9979,119092,Axis Bluechip
2026-01-06,246.9814,120841,Kotak Bluechip
2026-12-05,238.1528,120841,Kotak Bluechip
2026-11-05,242.7219,120841,Kotak Bluechip
2026-08-05,244.6201,120841,Kotak Bluechip
2026-07-05,245.6055,120841,Kotak Bluechip
2026-06-05,245.3878,120841,Kotak Bluechip
2026-05-05,242.9594,120841,Kotak Bluechip
2026-04-05,242.7655,120841,Kotak Bluechip
2026-10-04,228.6993,120841,Kotak Bluechip
2026-09-04,224.6235,120841,Kotak Bluechip
2026-08-04,224.5909,120841,Kotak Bluechip
2026-07-04,217.9604,120841,Kotak Bluechip
2026-06-04,217.6413,120841,Kotak Bluechip
2026-02-04,216.2795,120841,Kotak Bluechip
2026-01-04,216.7627,120841,Kotak Bluechip
2026-12-03,216.8313,120841,Kotak Bluechip
2026-11-03,217.2638,120841,Kotak Bluechip
2026-10-03,217.2151,120841,Kotak Bluechip
2026-09-03,213.7211,120841,Kotak Bluechip
2026-06-03,215.1244,120841,Kotak Bluechip
2026-05-03,216.0433,120841,Kotak Bluechip
2026-04-03,213.8632,120841,Kotak Bluechip
2026-02-03,217.4449,120841,Kotak Bluechip
2026-12-02,225.4245,120841,Kotak Bluechip
2026-11-02,225.6929,120841,Kotak Bluechip
2026-10-02,225.1996,120841,Kotak Bluechip
2026-09-02,224.5198,120841,Kotak Bluechip
2026-06-02,221.7398,120841,Kotak Bluechip
2026-05-02,220.8275,120841,Kotak Bluechip
2026-04-02,220.8543,120841,Kotak Bluechip
2026-03-02,220.1536,120841,Kotak Bluechip
2026-02-02,215.3687,120841,Kotak Bluechip
2026-12-01,226.2587,120841,Kotak Bluechip
2026-09-01,227.0265,120841,Kotak Bluechip
2026-08-01,229.2263,120841,Kotak Bluechip
2026-07-01,233.3132,120841,Kotak Bluechip
2026-06-01,233.0409,120841,Kotak Bluechip
2026-05-01,234.5069,120841,Kotak Bluechip
2026-02-01,236.4132,120841,Kotak Bluechip
2026-01-01,235.259,120841,Kotak Bluechip
2025-12-12,238.1125,120841,Kotak Bluechip
2025-11-12,236.1615,120841,Kotak Bluechip
2025-10-12,234.2746,120841,Kotak Bluechip
2025-09-12,234.7247,120841,Kotak Bluechip
2025-08-12,234.3084,120841,Kotak Bluechip
2025-05-12,238.011,120841,Kotak Bluechip
2025-04-12,238.0141,120841,Kotak Bluechip
2025-03-12,238.6028,120841,Kotak Bluechip
2025-02-12,239.2874,120841,Kotak Bluechip
2025-01-12,240.1195,120841,Kotak Bluechip
2025-12-11,240.8333,120841,Kotak Bluechip
2025-11-11,239.2695,120841,Kotak Bluechip
2025-10-11,239.0148,120841,Kotak Bluechip
2025-07-11,238.5395,120841,Kotak Bluechip
2025-06-11,238.3367,120841,Kotak Bluechip
2025-04-11,241.3991,120841,Kotak Bluechip
2025-03-11,242.436,120841,Kotak Bluechip
2025-10-10,238.7569,120841,Kotak Bluechip
2025-09-10,235.938,120841,Kotak Bluechip
2025-08-10,232.7811,120841,Kotak Bluechip
2025-07-10,233.9591,120841,Kotak Bluechip
2025-06-10,233.8185,120841,Kotak Bluechip
2025-03-10,233.3789,120841,Kotak Bluechip
2025-01-10,231.3691,120841,Kotak Bluechip
2025-12-09,235.5009,120841,Kotak Bluechip
2025-11-09,234.5814,120841,Kotak Bluechip
2025-10-09,232.9172,120841,Kotak Bluechip
2025-09-09,231.7601,120841,Kotak Bluechip
2025-08-09,230.3334,120841,Kotak Bluechip
2025-05-09,230.0261,120841,Kotak Bluechip
2025-04-09,230.3147,120841,Kotak Bluechip
2025-03-09,231.8308,120841,Kotak Bluechip
2025-02-09,230.2564,120841,Kotak Bluechip
2025-01-09,230.56,120841,Kotak Bluechip
2025-12-08,233.816,120841,Kotak Bluechip
2025-11-08,234.2709,120841,Kotak Bluechip
2025-08-08,232.4897,120841,Kotak Bluechip
2025-07-08,235.6791,120841,Kotak Bluechip
2025-06-08,235.1393,120841,Kotak Bluechip
2025-05-08,236.2507,120841,Kotak Bluechip
2025-04-08,237.9836,120841,Kotak Bluechip
2025-01-08,235.534,120841,Kotak Bluechip
2025-11-07,245.4267,120841,Kotak Bluechip
2025-10-07,247.9259,120841,Kotak Bluechip
2025-09-07,248.2505,120841,Kotak Bluechip
2025-08-07,249.0142,120841,Kotak Bluechip
2025-07-07,249.6877,120841,Kotak Bluechip
2025-04-07,250.2343,120841,Kotak Bluechip
2025-03-07,248.6183,120841,Kotak Bluechip
2025-02-07,249.1057,120841,Kotak Bluechip
2025-01-07,248.2882,120841,Kotak Bluechip
2025-12-06,245.0736,120841,Kotak Bluechip
2025-11-06,248.6657,120841,Kotak Bluechip
2025-10-06,248.9619,120841,Kotak Bluechip
2025-09-06,249.3853,120841,Kotak Bluechip
2025-06-06,246.8539,120841,Kotak Bluechip
2025-05-06,246.359,120841,Kotak Bluechip
2025-04-06,244.5563,120841,Kotak Bluechip
2025-03-06,242.9149,120841,Kotak Bluechip
2025-02-06,242.9849,120841,Kotak Bluechip
2025-12-05,239.4642,120841,Kotak Bluechip
2025-09-05,231.1589,120841,Kotak Bluechip
2025-08-05,231.2396,120841,Kotak Bluechip
2025-07-05,235.412,120841,Kotak Bluechip
2025-06-05,233.2886,120841,Kotak Bluechip
2025-05-05,238.1259,120841,Kotak Bluechip
2025-02-05,234.7715,120841,Kotak Bluechip
2025-11-04,223.7678,120841,Kotak Bluechip
2025-09-04,220.3787,120841,Kotak Bluechip
2025-08-04,221.4525,120841,Kotak Bluechip
2025-07-04,216.2363,120841,Kotak Bluechip
2025-04-04,223.1421,120841,Kotak Bluechip
2025-03-04,230.6728,120841,Kotak Bluechip
2025-02-04,229.4658,120841,Kotak Bluechip
2025-01-04,226.6597,120841,Kotak Bluechip
2025-12-03,216.5917,120841,Kotak Bluechip
2025-11-03,215.8426,120841,Kotak Bluechip
2025-10-03,215.3282,120841,Kotak Bluechip
2025-07-03,217.7349,120841,Kotak Bluechip
2025-06-03,217.3614,120841,Kotak Bluechip
2025-05-03,214.3513,120841,Kotak Bluechip
2025-04-03,208.1479,120841,Kotak Bluechip
2025-03-03,208.6743,120841,Kotak Bluechip
2025-12-02,223.747,120841,Kotak Bluechip
2025-11-02,223.6698,120841,Kotak Bluechip
2025-10-02,228.5437,120841,Kotak Bluechip
2025-07-02,232.7949,120841,Kotak Bluechip
2025-06-02,233.5121,120841,Kotak Bluechip
2025-05-02,234.77,120841,Kotak Bluechip
2025-04-02,233.8514,120841,Kotak Bluechip
2025-03-02,229.5876,120841,Kotak Bluechip
2025-10-01,240.3735,120841,Kotak Bluechip
2025-09-01,243.7067,120841,Kotak Bluechip
2025-08-01,245.6596,120841,Kotak Bluechip
2025-07-01,246.128,120841,Kotak Bluechip
2025-06-01,245.1046,120841,Kotak Bluechip
2025-03-01,251.7558,120841,Kotak Bluechip
2025-02-01,251.2933,120841,Kotak Bluechip
2025-01-01,248.1978,120841,Kotak Bluechip
2024-12-12,252.263,120841,Kotak Bluechip
2024-11-12,254.5099,120841,Kotak Bluechip
2024-10-12,253.2317,120841,Kotak Bluechip
2024-09-12,253.7464,120841,Kotak Bluechip
2024-06-12,253.4045,120841,Kotak Bluechip
2024-05-12,253.0051,120841,Kotak Bluechip
2024-04-12,252.6181,120841,Kotak Bluechip
2024-03-12,252.2592,120841,Kotak Bluechip
2024-02-12,250.6584,120841,Kotak Bluechip
2024-12-11,244.9038,120841,Kotak Bluechip
2024-11-11,248.0054,120841,Kotak Bluechip
2024-08-11,250.1345,120841,Kotak Bluechip
2024-07-11,253.7427,120841,Kotak Bluechip
2024-06-11,256.9198,120841,Kotak Bluechip
2024-05-11,252.3112,120841,Kotak Bluechip
2024-04-11,251.6918,120841,Kotak Bluechip
2024-11-10,266.9949,120841,Kotak Bluechip
2024-10-10,265.5001,120841,Kotak Bluechip
2024-09-10,267.5266,120841,Kotak Bluechip
2024-08-10,266.6238,120841,Kotak Bluechip
2024-07-10,262.0336,120841,Kotak Bluechip
2024-04-10,268.0292,120841,Kotak Bluechip
2024-03-10,270.3234,120841,Kotak Bluechip
2024-01-10,274.7178,120841,Kotak Bluechip
2024-12-09,271.53,120841,Kotak Bluechip
2024-11-09,268.7056,120841,Kotak Bluechip
2024-10-09,270.5326,120841,Kotak Bluechip
2024-09-09,268.7608,120841,Kotak Bluechip
2024-06-09,269.5129,120841,Kotak Bluechip
2024-05-09,270.8388,120841,Kotak Bluechip
2024-04-09,271.3858,120841,Kotak Bluechip
2024-03-09,271.965,120841,Kotak Bluechip
2024-02-09,271.6547,120841,Kotak Bluechip
2024-12-08,267.8991,120841,Kotak Bluechip
2024-09-08,267.936,120841,Kotak Bluechip
2024-08-08,269.6324,120841,Kotak Bluechip
2024-07-08,269.1662,120841,Kotak Bluechip
2024-06-08,263.3229,120841,Kotak Bluechip
2024-05-08,265.4979,120841,Kotak Bluechip
2024-02-08,274.6382,120841,Kotak Bluechip
2024-01-08,277.2299,120841,Kotak Bluechip
2024-12-07,278.2819,120841,Kotak Bluechip
2024-11-07,278.2463,120841,Kotak Bluechip
2024-10-07,277.7518,120841,Kotak Bluechip
2024-09-07,279.5706,120841,Kotak Bluechip
2024-08-07,277.6996,120841,Kotak Bluechip
2024-05-07,278.4743,120841,Kotak Bluechip
2024-04-07,276.7635,120841,Kotak Bluechip
2024-03-07,275.9579,120841,Kotak Bluechip
2024-02-07,273.4437,120841,Kotak Bluechip
2024-01-07,272.8824,120841,Kotak Bluechip
2024-12-06,270.1379,120841,Kotak Bluechip
2024-11-06,266.9125,120841,Kotak Bluechip
2024-10-06,264.3561,120841,Kotak Bluechip
2024-07-06,264.4803,120841,Kotak Bluechip
2024-06-06,260.5948,120841,Kotak Bluechip
2024-05-06,256.1055,120841,Kotak Bluechip
2024-04-06,246.1066,120841,Kotak Bluechip
2024-03-06,269.8003,120841,Kotak Bluechip
2024-10-05,246.5479,120841,Kotak Bluechip
2024-09-05,243.9372,120841,Kotak Bluechip
2024-08-05,248.6217,120841,Kotak Bluechip
2024-07-05,246.4945,120841,Kotak Bluechip
2024-06-05,252.0095,120841,Kotak Bluechip
2024-03-05,254.9479,120841,Kotak Bluechip
2024-02-05,255.2092,120841,Kotak Bluechip
2024-12-04,242.7975,120841,Kotak Bluechip
2024-10-04,244.7396,120841,Kotak Bluechip
2024-09-04,242.3212,120841,Kotak Bluechip
2024-08-04,242.6806,120841,Kotak Bluechip
2024-05-04,242.7884,120841,Kotak Bluechip
2024-04-04,242.4742,120841,Kotak Bluechip
2024-03-04,243.228,120841,Kotak Bluechip
2024-02-04,240.2601,120841,Kotak Bluechip
2024-01-04,237.4406,120841,Kotak Bluechip
2024-12-03,233.8408,120841,Kotak Bluechip
2024-11-03,235.0175,120841,Kotak Bluechip
2024-07-03,236.2258,120841,Kotak Bluechip
2024-06-03,235.9664,120841,Kotak Bluechip
2024-05-03,237.785,120841,Kotak Bluechip
2024-04-03,237.4278,120841,Kotak Bluechip
2024-01-03,231.8163,120841,Kotak Bluechip
2024-12-02,223.6698,120841,Kotak Bluechip
2024-09-02,229.718,120841,Kotak Bluechip
2024-08-02,230.7531,120841,Kotak Bluechip
2024-07-02,230.5055,120841,Kotak Bluechip
2024-06-02,229.7084,120841,Kotak Bluechip
2024-05-02,227.471,120841,Kotak Bluechip
2024-02-02,224.8078,120841,Kotak Bluechip
2024-01-02,221.5425,120841,Kotak Bluechip
2024-12-01,211.1379,120841,Kotak Bluechip
2024-11-01,210.0325,120841,Kotak Bluechip
2024-10-01,208.8334,120841,Kotak Bluechip
2024-09-01,208.2746,120841,Kotak Bluechip
2024-08-01,207.5449,120841,Kotak Bluechip
2024-05-01,210.1649,120841,Kotak Bluechip
2024-04-01,210.044,120841,Kotak Bluechip
2024-03-01,207.2425,120841,Kotak Bluechip
2024-02-01,206.992,120841,Kotak Bluechip
2024-01-01,205.9027,120841,Kotak Bluechip
2023-12-12,197.3596,120841,Kotak Bluechip
2023-11-12,199.035,120841,Kotak Bluechip
2023-08-12,197.9955,120841,Kotak Bluechip
2023-07-12,200.4017,120841,Kotak Bluechip
2023-06-12,198.8836,120841,Kotak Bluechip
2023-05-12,198.5721,120841,Kotak Bluechip
2023-04-12,197.1594,120841,Kotak Bluechip
2023-01-12,195.4307,120841,Kotak Bluechip
2023-10-11,184.5793,120841,Kotak Bluechip
2023-09-11,184.0495,120841,Kotak Bluechip
2023-08-11,184.4927,120841,Kotak Bluechip
2023-07-11,182.9201,120841,Kotak Bluechip
2023-06-11,182.0635,120841,Kotak Bluechip
2023-03-11,180.4761,120841,Kotak Bluechip
2023-02-11,179.9886,120841,Kotak Bluechip
2023-01-11,176.6655,120841,Kotak Bluechip
2023-12-10,184.6935,120841,Kotak Bluechip
2023-11-10,181.7082,120841,Kotak Bluechip
2023-10-10,180.4485,120841,Kotak Bluechip
2023-09-10,177.6778,120841,Kotak Bluechip
2023-06-10,180.1273,120841,Kotak Bluechip
2023-05-10,179.3514,120841,Kotak Bluechip
2023-04-10,179.6064,120841,Kotak Bluechip
2023-03-10,182.3246,120841,Kotak Bluechip
2023-12-09,178.5377,120841,Kotak Bluechip
2023-11-09,182.7023,120841,Kotak Bluechip
2023-08-09,180.5312,120841,Kotak Bluechip
2023-07-09,179.0615,120841,Kotak Bluechip
2023-06-09,178.4506,120841,Kotak Bluechip
2023-05-09,179.1531,120841,Kotak Bluechip
2023-04-09,177.596,120841,Kotak Bluechip
2023-01-09,175.3529,120841,Kotak Bluechip
2023-11-08,170.0636,120841,Kotak Bluechip
2023-10-08,170.7599,120841,Kotak Bluechip
2023-09-08,170.3286,120841,Kotak Bluechip
2023-08-08,169.607,120841,Kotak Bluechip
2023-07-08,168.9046,120841,Kotak Bluechip
2023-04-08,168.0284,120841,Kotak Bluechip
2023-03-08,167.6171,120841,Kotak Bluechip
2023-02-08,167.2217,120841,Kotak Bluechip
2023-01-08,170.487,120841,Kotak Bluechip
2023-12-07,161.5415,120841,Kotak Bluechip
2023-11-07,161.057,120841,Kotak Bluechip
2023-10-07,160.0343,120841,Kotak Bluechip
2023-07-07,160.1835,120841,Kotak Bluechip
2023-06-07,160.4979,120841,Kotak Bluechip
2023-05-07,159.31,120841,Kotak Bluechip
2023-04-07,158.4254,120841,Kotak Bluechip
2023-03-07,158.3986,120841,Kotak Bluechip
2023-12-06,151.3219,120841,Kotak Bluechip
2023-09-06,150.4985,120841,Kotak Bluechip
2023-08-06,150.4792,120841,Kotak Bluechip
2023-07-06,151.5583,120841,Kotak Bluechip
2023-06-06,149.9541,120841,Kotak Bluechip
2023-05-06,149.8771,120841,Kotak Bluechip
2023-02-06,149.2749,120841,Kotak Bluechip
2023-01-06,148.8214,120841,Kotak Bluechip
2023-12-05,145.3671,120841,Kotak Bluechip
2023-11-05,146.0869,120841,Kotak Bluechip
2023-10-05,146.4076,120841,Kotak Bluechip
2023-09-05,146.9646,120841,Kotak Bluechip
2023-08-05,147.3298,120841,Kotak Bluechip
2023-05-05,146.2396,120841,Kotak Bluechip
2023-04-05,148.1713,120841,Kotak Bluechip
2023-03-05,146.9304,120841,Kotak Bluechip
2023-02-05,147.4707,120841,Kotak Bluechip
2023-12-04,142.1034,120841,Kotak Bluechip
2023-11-04,141.9336,120841,Kotak Bluechip
2023-10-04,141.253,120841,Kotak Bluechip
2023-06-04,140.8973,120841,Kotak Bluechip
2023-05-04,140.1858,120841,Kotak Bluechip
2023-03-04,140.0803,120841,Kotak Bluechip
2023-10-03,142.5247,120841,Kotak Bluechip
2023-09-03,144.0023,120841,Kotak Bluechip
2023-08-03,144.8362,120841,Kotak Bluechip
2023-06-03,143.9738,120841,Kotak Bluechip
2023-03-03,143.2378,120841,Kotak Bluechip
2023-02-03,141.2125,120841,Kotak Bluechip
2023-01-03,141.0957,120841,Kotak Bluechip
2023-10-02,142.8888,120841,Kotak Bluechip
2023-09-02,142.1272,120841,Kotak Bluechip
2023-08-02,142.2113,120841,Kotak Bluechip
2023-07-02,141.3997,120841,Kotak Bluechip
2023-06-02,142.1399,120841,Kotak Bluechip
2023-03-02,141.8329,120841,Kotak Bluechip
2023-02-02,141.4343,120841,Kotak Bluechip
2023-01-02,141.189,120841,Kotak Bluechip
2023-12-01,150.5384,120841,Kotak Bluechip
2023-11-01,151.3555,120841,Kotak Bluechip
2023-10-01,150.9817,120841,Kotak Bluechip
2023-09-01,152.2843,120841,Kotak Bluechip
2023-06-01,150.5603,120841,Kotak Bluechip
2023-05-01,151.8208,120841,Kotak Bluechip
2023-04-01,150.964,120841,Kotak Bluechip
2023-03-01,152.9569,120841,Kotak Bluechip
2023-02-01,152.1024,120841,Kotak Bluechip
2022-12-12,153.6017,120841,Kotak Bluechip
2022-09-12,152.6343,120841,Kotak Bluechip
2022-08-12,154.7371,120841,Kotak Bluechip
2022-07-12,152.6613,120841,Kotak Bluechip
2022-06-12,152.9156,120841,Kotak Bluechip
2022-05-12,153.079,120841,Kotak Bluechip
2022-02-12,152.3886,120841,Kotak Bluechip
2022-01-12,151.3128,120841,Kotak Bluechip
2022-11-11,146.303,120841,Kotak Bluechip
2022-10-11,146.8062,120841,Kotak Bluechip
2022-09-11,147.5742,120841,Kotak Bluechip
2022-07-11,146.1047,120841,Kotak Bluechip
2022-04-11,145.65,120841,Kotak Bluechip
2022-03-11,145.4311,120841,Kotak Bluechip
2022-02-11,144.3572,120841,Kotak Bluechip
2022-01-11,144.4554,120841,Kotak Bluechip
2022-12-10,140.5843,120841,Kotak Bluechip
2022-11-10,139.2999,120841,Kotak Bluechip
2022-10-10,142.0986,120841,Kotak Bluechip
2022-07-10,142.9606,120841,Kotak Bluechip
2022-06-10,142.8724,120841,Kotak Bluechip
2022-04-10,141.5815,120841,Kotak Bluechip
2022-03-10,137.917,120841,Kotak Bluechip
2022-12-09,146.6505,120841,Kotak Bluechip
2022-09-09,145.2952,120841,Kotak Bluechip
2022-08-09,144.5818,120841,Kotak Bluechip
2022-07-09,143.2948,120841,Kotak Bluechip
2022-06-09,142.6098,120841,Kotak Bluechip
2022-05-09,142.5414,120841,Kotak Bluechip
2022-02-09,141.5479,120841,Kotak Bluechip
2022-01-09,140.3487,120841,Kotak Bluechip
2022-12-08,134.4421,120841,Kotak Bluechip
2022-11-08,134.6731,120841,Kotak Bluechip
2022-10-08,133.684,120841,Kotak Bluechip
2022-08-08,134.0048,120841,Kotak Bluechip
2022-05-08,133.3098,120841,Kotak Bluechip
2022-04-08,132.7787,120841,Kotak Bluechip
2022-03-08,133.9674,120841,Kotak Bluechip
2022-02-08,134.5169,120841,Kotak Bluechip
2022-01-08,134.3873,120841,Kotak Bluechip
2022-12-07,126.1713,120841,Kotak Bluechip
2022-11-07,126.5195,120841,Kotak Bluechip
2022-08-07,125.3723,120841,Kotak Bluechip
2022-07-07,125.0387,120841,Kotak Bluechip
2022-06-07,123.1503,120841,Kotak Bluechip
2022-05-07,121.5446,120841,Kotak Bluechip
2022-04-07,121.6048,120841,Kotak Bluechip
2022-01-07,120.3586,120841,Kotak Bluechip
2022-10-06,125.7057,120841,Kotak Bluechip
2022-09-06,126.4198,120841,Kotak Bluechip
2022-08-06,125.6039,120841,Kotak Bluechip
2022-07-06,126.1756,120841,Kotak Bluechip
2022-06-06,126.8011,120841,Kotak Bluechip
2022-03-06,127.1436,120841,Kotak Bluechip
2022-02-06,128.9305,120841,Kotak Bluechip
2022-01-06,127.7555,120841,Kotak Bluechip
2022-12-05,120.1196,120841,Kotak Bluechip
2022-11-05,122.6652,120841,Kotak Bluechip
2022-10-05,124.5986,120841,Kotak Bluechip
2022-09-05,127.1131,120841,Kotak Bluechip
2022-06-05,129.5722,120841,Kotak Bluechip
2022-05-05,130.9687,120841,Kotak Bluechip
2022-04-05,130.5776,120841,Kotak Bluechip
2022-02-05,135.1252,120841,Kotak Bluechip
2022-12-04,140.066,120841,Kotak Bluechip
2022-11-04,141.742,120841,Kotak Bluechip
2022-08-04,141.3035,120841,Kotak Bluechip
2022-07-04,138.7343,120841,Kotak Bluechip
2022-06-04,139.2868,120841,Kotak Bluechip
2022-05-04,138.396,120841,Kotak Bluechip
2022-04-04,138.1757,120841,Kotak Bluechip
2022-01-04,137.1696,120841,Kotak Bluechip
2022-11-03,122.6214,120841,Kotak Bluechip
2022-10-03,122.1145,120841,Kotak Bluechip
2022-09-03,121.8261,120841,Kotak Bluechip
2022-08-03,118.3143,120841,Kotak Bluechip
2022-07-03,116.5848,120841,Kotak Bluechip
2022-04-03,118.5841,120841,Kotak Bluechip
2022-03-03,121.306,120841,Kotak Bluechip
2022-02-03,120.9498,120841,Kotak Bluechip
2022-11-02,128.1104,120841,Kotak Bluechip
2022-10-02,130.321,120841,Kotak Bluechip
2022-09-02,129.718,120841,Kotak Bluechip
2022-08-02,128.2557,120841,Kotak Bluechip
2022-07-02,129.3986,120841,Kotak Bluechip
2022-04-02,130.6492,120841,Kotak Bluechip
2022-03-02,131.6462,120841,Kotak Bluechip
2022-02-02,132.0523,120841,Kotak Bluechip
2022-01-02,129.7313,120841,Kotak Bluechip
2022-12-01,130.4142,120841,Kotak Bluechip
2022-11-01,128.9376,120841,Kotak Bluechip
2022-10-01,128.6834,120841,Kotak Bluechip
2022-07-01,126.9977,120841,Kotak Bluechip
2022-06-01,127.2091,120841,Kotak Bluechip
2022-05-01,127.2368,120841,Kotak Bluechip
2022-04-01,126.4906,120841,Kotak Bluechip
2022-03-01,126.5068,120841,Kotak Bluechip
2021-10-12,130.5146,120841,Kotak Bluechip
2021-09-12,128.936,120841,Kotak Bluechip
2021-08-12,127.8777,120841,Kotak Bluechip
2021-07-12,125.9046,120841,Kotak Bluechip
2021-06-12,123.5684,120841,Kotak Bluechip
2021-03-12,125.6791,120841,Kotak Bluechip
2021-02-12,126.1115,120841,Kotak Bluechip
2021-01-12,125.2689,120841,Kotak Bluechip
2021-12-11,127.8162,120841,Kotak Bluechip
2021-11-11,126.7011,120841,Kotak Bluechip
2021-10-11,128.5292,120841,Kotak Bluechip
2021-09-11,129.4627,120841,Kotak Bluechip
2021-08-11,126.5553,120841,Kotak Bluechip
2021-03-11,123.9671,120841,Kotak Bluechip
2021-02-11,124.3528,120841,Kotak Bluechip
2021-01-11,122.3731,120841,Kotak Bluechip
2021-12-10,125.3865,120841,Kotak Bluechip
2021-11-10,125.0833,120841,Kotak Bluechip
2021-08-10,124.4168,120841,Kotak Bluechip
2021-07-10,123.9085,120841,Kotak Bluechip
2021-06-10,121.0031,120841,Kotak Bluechip
2021-05-10,122.8085,120841,Kotak Bluechip
2021-04-10,121.3677,120841,Kotak Bluechip
2021-01-10,119.6067,120841,Kotak Bluechip
2021-09-09,117.5904,120841,Kotak Bluechip
2021-08-09,117.2561,120841,Kotak Bluechip
2021-07-09,117.1723,120841,Kotak Bluechip
2021-06-09,118.4129,120841,Kotak Bluechip
2021-03-09,118.3232,120841,Kotak Bluechip
2021-02-09,116.8384,120841,Kotak Bluechip
2021-01-09,115.819,120841,Kotak Bluechip
2021-12-08,113.4808,120841,Kotak Bluechip
2021-11-08,111.6255,120841,Kotak Bluechip
2021-10-08,111.3368,120841,Kotak Bluechip
2021-09-08,113.7666,120841,Kotak Bluechip
2021-06-08,115.0773,120841,Kotak Bluechip
2021-05-08,114.8914,120841,Kotak Bluechip
2021-04-08,116.3895,120841,Kotak Bluechip
2021-03-08,118.247,120841,Kotak Bluechip
2021-02-08,117.6043,120841,Kotak Bluechip
2021-12-07,112.5196,120841,Kotak Bluechip
2021-09-07,112.6712,120841,Kotak Bluechip
2021-08-07,112.4426,120841,Kotak Bluechip
2021-07-07,113.5351,120841,Kotak Bluechip
2021-06-07,112.8844,120841,Kotak Bluechip
2021-05-07,112.5249,120841,Kotak Bluechip
2021-02-07,111.4249,120841,Kotak Bluechip
2021-01-07,110.3494,120841,Kotak Bluechip
2021-11-06,108.2812,120841,Kotak Bluechip
2021-10-06,107.8207,120841,Kotak Bluechip
2021-09-06,106.6064,120841,Kotak Bluechip
2021-08-06,107.8485,120841,Kotak Bluechip
2021-07-06,107.8234,120841,Kotak Bluechip
2021-04-06,106.6658,120841,Kotak Bluechip
2021-03-06,106.1394,120841,Kotak Bluechip
2021-02-06,105.6999,120841,Kotak Bluechip
2021-01-06,104.9083,120841,Kotak Bluechip
2021-12-05,104.0749,120841,Kotak Bluechip
2021-11-05,103.9738,120841,Kotak Bluechip
2021-10-05,101.7622,120841,Kotak Bluechip
2021-07-05,99.8228,120841,Kotak Bluechip
2021-06-05,98.8142,120841,Kotak Bluechip
2021-05-05,98.0632,120841,Kotak Bluechip
2021-04-05,96.3119,120841,Kotak Bluechip
2021-03-05,96.3213,120841,Kotak Bluechip
2021-12-04,91.0016,120841,Kotak Bluechip
2021-09-04,95.195,120841,Kotak Bluechip
2021-08-04,93.6119,120841,Kotak Bluechip
2021-07-04,92.4212,120841,Kotak Bluechip
2021-06-04,91.8145,120841,Kotak Bluechip
2021-05-04,90.8865,120841,Kotak Bluechip
2021-01-04,90.4644,120841,Kotak Bluechip
2021-12-03,87.2898,120841,Kotak Bluechip
2021-10-03,87.4713,120841,Kotak Bluechip
2021-09-03,87.5484,120841,Kotak Bluechip
2021-08-03,87.5496,120841,Kotak Bluechip
2021-05-03,86.7431,120841,Kotak Bluechip
2021-04-03,88.2736,120841,Kotak Bluechip
2021-03-03,87.3625,120841,Kotak Bluechip
2021-02-03,86.9881,120841,Kotak Bluechip
2021-01-03,85.2498,120841,Kotak Bluechip
2021-12-02,83.2503,120841,Kotak Bluechip
2021-11-02,83.362,120841,Kotak Bluechip
2021-10-02,83.4387,120841,Kotak Bluechip
2021-09-02,83.4124,120841,Kotak Bluechip
2021-08-02,83.0765,120841,Kotak Bluechip
2021-05-02,82.0774,120841,Kotak Bluechip
2021-04-02,82.3549,120841,Kotak Bluechip
2021-03-02,82.0092,120841,Kotak Bluechip
2021-02-02,80.7035,120841,Kotak Bluechip
2021-01-02,80.247,120841,Kotak Bluechip
2021-12-01,85.5099,120841,Kotak Bluechip
2021-11-01,85.8252,120841,Kotak Bluechip
2021-08-01,85.6288,120841,Kotak Bluechip
2021-07-01,83.8689,120841,Kotak Bluechip
2021-06-01,84.3043,120841,Kotak Bluechip
2021-05-01,84.2546,120841,Kotak Bluechip
2021-04-01,83.323,120841,Kotak Bluechip
2021-01-01,82.3932,120841,Kotak Bluechip
2020-11-12,77.5891,120841,Kotak Bluechip
2020-10-12,77.427,120841,Kotak Bluechip
2020-09-12,77.5729,120841,Kotak Bluechip
2020-08-12,77.2836,120841,Kotak Bluechip
2020-07-12,77.8069,120841,Kotak Bluechip
2020-04-12,76.5668,120841,Kotak Bluechip
2020-03-12,75.7648,120841,Kotak Bluechip
2020-02-12,75.2548,120841,Kotak Bluechip
2020-01-12,74.4241,120841,Kotak Bluechip
2020-12-11,68.6813,120841,Kotak Bluechip
2020-11-11,68.1997,120841,Kotak Bluechip
2020-10-11,68.1961,120841,Kotak Bluechip
2020-09-11,68.7861,120841,Kotak Bluechip
2020-06-11,68.6093,120841,Kotak Bluechip
2020-05-11,68.4809,120841,Kotak Bluechip
2020-04-11,66.9865,120841,Kotak Bluechip
2020-03-11,66.3515,120841,Kotak Bluechip
2020-02-11,66.0187,120841,Kotak Bluechip
2020-12-10,65.9921,120841,Kotak Bluechip
2020-09-10,66.21,120841,Kotak Bluechip
2020-08-10,66.806,120841,Kotak Bluechip
2020-07-10,66.6421,120841,Kotak Bluechip
2020-06-10,66.9087,120841,Kotak Bluechip
2020-05-10,66.4188,120841,Kotak Bluechip
2020-01-10,65.7441,120841,Kotak Bluechip
2020-11-09,63.7702,120841,Kotak Bluechip
2020-10-09,63.4366,120841,Kotak Bluechip
2020-09-09,62.2926,120841,Kotak Bluechip
2020-08-09,62.5035,120841,Kotak Bluechip
2020-07-09,63.1689,120841,Kotak Bluechip
2020-04-09,63.092,120841,Kotak Bluechip
2020-03-09,64.2449,120841,Kotak Bluechip
2020-02-09,64.0911,120841,Kotak Bluechip
2020-01-09,63.1221,120841,Kotak Bluechip
2020-12-08,62.7556,120841,Kotak Bluechip
2020-11-08,62.9986,120841,Kotak Bluechip
2020-10-08,63.6204,120841,Kotak Bluechip
2020-07-08,62.6111,120841,Kotak Bluechip
2020-06-08,62.1361,120841,Kotak Bluechip
2020-05-08,61.3384,120841,Kotak Bluechip
2020-04-08,61.2955,120841,Kotak Bluechip
2020-03-08,61.0398,120841,Kotak Bluechip
2020-10-07,58.2981,120841,Kotak Bluechip
2020-09-07,58.298,120841,Kotak Bluechip
2020-08-07,58.0663,120841,Kotak Bluechip
2020-07-07,57.935,120841,Kotak Bluechip
2020-06-07,58.113,120841,Kotak Bluechip
2020-03-07,57.1696,120841,Kotak Bluechip
2020-02-07,56.5285,120841,Kotak Bluechip
2020-01-07,56.3051,120841,Kotak Bluechip
2020-12-06,54.6559,120841,Kotak Bluechip
2020-11-06,54.4155,120841,Kotak Bluechip
2020-10-06,54.8485,120841,Kotak Bluechip
2020-09-06,54.6084,120841,Kotak Bluechip
2020-08-06,55.1066,120841,Kotak Bluechip
2020-05-06,55.0839,120841,Kotak Bluechip
2020-04-06,54.1289,120841,Kotak Bluechip
2020-03-06,54.1472,120841,Kotak Bluechip
2020-02-06,54.0996,120841,Kotak Bluechip
2020-01-06,53.8411,120841,Kotak Bluechip
2020-12-05,51.5599,120841,Kotak Bluechip
2020-11-05,51.8446,120841,Kotak Bluechip
2020-08-05,51.8829,120841,Kotak Bluechip
2020-07-05,52.0884,120841,Kotak Bluechip
2020-06-05,52.105,120841,Kotak Bluechip
2020-05-05,51.7331,120841,Kotak Bluechip
2020-04-05,51.7864,120841,Kotak Bluechip
2020-09-04,49.7311,120841,Kotak Bluechip
2020-08-04,48.5326,120841,Kotak Bluechip
2020-07-04,46.715,120841,Kotak Bluechip
2020-03-04,43.6407,120841,Kotak Bluechip
2020-01-04,43.7147,120841,Kotak Bluechip
2020-12-03,49.2353,120841,Kotak Bluechip
2020-11-03,53.3443,120841,Kotak Bluechip
2020-09-03,53.6295,120841,Kotak Bluechip
2020-06-03,56.1637,120841,Kotak Bluechip
2020-05-03,57.1614,120841,Kotak Bluechip
2020-04-03,56.517,120841,Kotak Bluechip
2020-03-03,57.0181,120841,Kotak Bluechip
2020-02-03,55.9281,120841,Kotak Bluechip
2020-12-02,60.1219,120841,Kotak Bluechip
2020-11-02,60.0588,120841,Kotak Bluechip
2020-10-02,59.5773,120841,Kotak Bluechip
2020-07-02,59.6584,120841,Kotak Bluechip
2020-06-02,59.0951,120841,Kotak Bluechip
2020-05-02,59.1907,120841,Kotak Bluechip
2020-04-02,58.5763,120841,Kotak Bluechip
2020-03-02,58.0425,120841,Kotak Bluechip
2020-10-01,57.0136,120841,Kotak Bluechip
2020-09-01,57.0619,120841,Kotak Bluechip
2020-08-01,56.1255,120841,Kotak Bluechip
2020-07-01,56.2173,120841,Kotak Bluechip
2020-06-01,55.6976,120841,Kotak Bluechip
2020-03-01,56.778,120841,Kotak Bluechip
2020-02-01,56.9688,120841,Kotak Bluechip
2020-01-01,56.4189,120841,Kotak Bluechip
2019-12-12,56.0762,120841,Kotak Bluechip
2019-11-12,55.6148,120841,Kotak Bluechip
2019-10-12,55.3357,120841,Kotak Bluechip
2019-09-12,56.171,120841,Kotak Bluechip
2019-06-12,56.2917,120841,Kotak Bluechip
2019-05-12,56.7838,120841,Kotak Bluechip
2019-04-12,57.0755,120841,Kotak Bluechip
2019-03-12,56.965,120841,Kotak Bluechip
2019-02-12,57.3629,120841,Kotak Bluechip
2019-11-11,56.1837,120841,Kotak Bluechip
2019-08-11,55.7464,120841,Kotak Bluechip
2019-07-11,56.0601,120841,Kotak Bluechip
2019-06-11,56.2854,120841,Kotak Bluechip
2019-05-11,56.2048,120841,Kotak Bluechip
2019-04-11,57.081,120841,Kotak Bluechip
2019-01-11,57.082,120841,Kotak Bluechip
2019-11-10,51.7157,120841,Kotak Bluechip
2019-10-10,51.352,120841,Kotak Bluechip
2019-09-10,52.1201,120841,Kotak Bluechip
2019-07-10,51.5874,120841,Kotak Bluechip
2019-04-10,51.5198,120841,Kotak Bluechip
2019-03-10,52.4047,120841,Kotak Bluechip
2019-01-10,52.3266,120841,Kotak Bluechip
2019-12-09,51.6176,120841,Kotak Bluechip
2019-11-09,52.1334,120841,Kotak Bluechip
2019-09-09,52.2742,120841,Kotak Bluechip
2019-06-09,51.6988,120841,Kotak Bluechip
2019-05-09,51.037,120841,Kotak Bluechip
2019-04-09,51.209,120841,Kotak Bluechip
2019-03-09,51.1942,120841,Kotak Bluechip
2019-09-08,51.3738,120841,Kotak Bluechip
2019-08-08,50.8515,120841,Kotak Bluechip
2019-07-08,50.5197,120841,Kotak Bluechip
2019-06-08,50.8886,120841,Kotak Bluechip
2019-05-08,50.1618,120841,Kotak Bluechip
2019-02-08,50.7078,120841,Kotak Bluechip
2019-01-08,50.825,120841,Kotak Bluechip
2019-12-07,54.3478,120841,Kotak Bluechip
2019-11-07,53.9327,120841,Kotak Bluechip
2019-10-07,53.5934,120841,Kotak Bluechip
2019-09-07,54.1523,120841,Kotak Bluechip
2019-08-07,53.6374,120841,Kotak Bluechip
2019-05-07,54.9323,120841,Kotak Bluechip
2019-04-07,55.6638,120841,Kotak Bluechip
2019-03-07,55.5408,120841,Kotak Bluechip
2019-02-07,55.5594,120841,Kotak Bluechip
2019-01-07,55.465,120841,Kotak Bluechip
2019-12-06,55.9707,120841,Kotak Bluechip
2019-11-06,56.3185,120841,Kotak Bluechip
2019-10-06,56.1314,120841,Kotak Bluechip
2019-07-06,55.7948,120841,Kotak Bluechip
2019-06-06,55.8931,120841,Kotak Bluechip
2019-04-06,56.8667,120841,Kotak Bluechip
2019-03-06,57.1227,120841,Kotak Bluechip
2019-10-05,53.7771,120841,Kotak Bluechip
2019-09-05,53.7741,120841,Kotak Bluechip
2019-08-05,54.0787,120841,Kotak Bluechip
2019-07-05,54.8353,120841,Kotak Bluechip
2019-06-05,55.4316,120841,Kotak Bluechip
2019-03-05,56.0284,120841,Kotak Bluechip
2019-02-05,55.9352,120841,Kotak Bluechip
2019-12-04,58.4221,120841,Kotak Bluechip
2019-11-04,58.0274,120841,Kotak Bluechip
2019-10-04,57.9961,120841,Kotak Bluechip
2019-09-04,58.2334,120841,Kotak Bluechip
2019-08-04,58.2362,120841,Kotak Bluechip
2019-05-04,58.4231,120841,Kotak Bluechip
2019-04-04,58.1116,120841,Kotak Bluechip
2019-03-04,58.3833,120841,Kotak Bluechip
2019-02-04,58.9318,120841,Kotak Bluechip
2019-01-04,59.155,120841,Kotak Bluechip
2019-12-03,57.1418,120841,Kotak Bluechip
2019-11-03,56.8626,120841,Kotak Bluechip
2019-08-03,55.8381,120841,Kotak Bluechip
2019-07-03,56.2362,120841,Kotak Bluechip
2019-06-03,55.9649,120841,Kotak Bluechip
2019-05-03,55.7395,120841,Kotak Bluechip
2019-01-03,54.1544,120841,Kotak Bluechip
2019-12-02,53.0963,120841,Kotak Bluechip
2019-11-02,53.4023,120841,Kotak Bluechip
2019-08-02,54.4952,120841,Kotak Bluechip
2019-07-02,55.5605,120841,Kotak Bluechip
2019-06-02,55.0284,120841,Kotak Bluechip
2019-05-02,54.7139,120841,Kotak Bluechip
2019-04-02,54.9498,120841,Kotak Bluechip
2019-01-02,54.9992,120841,Kotak Bluechip
2019-11-01,57.5518,120841,Kotak Bluechip
2019-10-01,57.7291,120841,Kotak Bluechip
2019-09-01,57.493,120841,Kotak Bluechip
2019-08-01,57.5187,120841,Kotak Bluechip
2019-07-01,57.162,120841,Kotak Bluechip
2019-04-01,57.1773,120841,Kotak Bluechip
2019-03-01,56.4965,120841,Kotak Bluechip
2019-02-01,56.9398,120841,Kotak Bluechip
2019-01-01,57.4833,120841,Kotak Bluechip
2018-12-12,56.3105,120841,Kotak Bluechip
2018-11-12,55.0014,120841,Kotak Bluechip
2018-10-12,53.9016,120841,Kotak Bluechip
2018-07-12,55.0268,120841,Kotak Bluechip
2018-06-12,54.7688,120841,Kotak Bluechip
2018-05-12,55.7834,120841,Kotak Bluechip
2018-04-12,56.6321,120841,Kotak Bluechip
2018-03-12,57.0556,120841,Kotak Bluechip
2018-12-11,55.9104,120841,Kotak Bluechip
2018-09-11,56.356,120841,Kotak Bluechip
2018-06-11,55.8355,120841,Kotak Bluechip
2018-05-11,55.6086,120841,Kotak Bluechip
2018-02-11,56.1832,120841,Kotak Bluechip
2018-01-11,56.2748,120841,Kotak Bluechip
2018-12-10,54.2766,120841,Kotak Bluechip
2018-11-10,53.6189,120841,Kotak Bluechip
2018-10-10,54.8105,120841,Kotak Bluechip
2018-09-10,53.8919,120841,Kotak Bluechip
2018-08-10,53.9097,120841,Kotak Bluechip
2018-05-10,54.5873,120841,Kotak Bluechip
2018-04-10,55.7746,120841,Kotak Bluechip
2018-03-10,56.7677,120841,Kotak Bluechip
2018-01-10,57.1071,120841,Kotak Bluechip
2018-12-09,59.411,120841,Kotak Bluechip
2018-11-09,58.9633,120841,Kotak Bluechip
2018-10-09,59.8002,120841,Kotak Bluechip
2018-07-09,60.6367,120841,Kotak Bluechip
2018-06-09,60.2592,120841,Kotak Bluechip
2018-05-09,59.5398,120841,Kotak Bluechip
2018-04-09,59.7035,120841,Kotak Bluechip
2018-03-09,60.3649,120841,Kotak Bluechip
2018-10-08,58.8225,120841,Kotak Bluechip
2018-09-08,58.8757,120841,Kotak Bluechip
2018-08-08,58.9247,120841,Kotak Bluechip
2018-07-08,58.7823,120841,Kotak Bluechip
2018-06-08,58.845,120841,Kotak Bluechip
2018-03-08,58.8246,120841,Kotak Bluechip
2018-02-08,58.5508,120841,Kotak Bluechip
2018-01-08,58.8678,120841,Kotak Bluechip
2018-12-07,57.5862,120841,Kotak Bluechip
2018-11-07,57.3163,120841,Kotak Bluechip
2018-10-07,57.6491,120841,Kotak Bluechip
2018-09-07,57.3334,120841,Kotak Bluechip
2018-06-07,56.9648,120841,Kotak Bluechip
2018-05-07,56.8631,120841,Kotak Bluechip
2018-04-07,56.8242,120841,Kotak Bluechip
2018-03-07,56.6131,120841,Kotak Bluechip
2018-02-07,56.3285,120841,Kotak Bluechip
2018-12-06,57.4956,120841,Kotak Bluechip
2018-11-06,57.1646,120841,Kotak Bluechip
2018-08-06,56.9829,120841,Kotak Bluechip
2018-07-06,56.9192,120841,Kotak Bluechip
2018-06-06,56.5379,120841,Kotak Bluechip
2018-05-06,56.0484,120841,Kotak Bluechip
2018-04-06,56.2903,120841,Kotak Bluechip
2018-01-06,56.7463,120841,Kotak Bluechip
2018-11-05,58.1485,120841,Kotak Bluechip
2018-10-05,57.7764,120841,Kotak Bluechip
2018-09-05,57.9979,120841,Kotak Bluechip
2018-08-05,58.0189,120841,Kotak Bluechip
2018-07-05,58.0671,120841,Kotak Bluechip
2018-04-05,57.8227,120841,Kotak Bluechip
2018-03-05,58.0048,120841,Kotak Bluechip
2018-02-05,58.4171,120841,Kotak Bluechip
2018-12-04,57.4137,120841,Kotak Bluechip
2018-11-04,57.5632,120841,Kotak Bluechip
2018-10-04,57.5743,120841,Kotak Bluechip
2018-09-04,57.5301,120841,Kotak Bluechip
2018-06-04,57.4263,120841,Kotak Bluechip
2018-05-04,57.1057,120841,Kotak Bluechip
2018-04-04,56.5592,120841,Kotak Bluechip
2018-03-04,57.0141,120841,Kotak Bluechip
2018-02-04,56.8195,120841,Kotak Bluechip
2018-12-03,56.0497,120841,Kotak Bluechip
2018-09-03,55.4893,120841,Kotak Bluechip
2018-08-03,55.5861,120841,Kotak Bluechip
2018-07-03,55.3347,120841,Kotak Bluechip
2018-06-03,55.8812,120841,Kotak Bluechip
2018-05-03,56.273,120841,Kotak Bluechip
2018-01-03,56.7842,120841,Kotak Bluechip
2018-12-02,57.0739,120841,Kotak Bluechip
2018-09-02,56.448,120841,Kotak Bluechip
2018-08-02,56.7201,120841,Kotak Bluechip
2018-07-02,56.2631,120841,Kotak Bluechip
2018-06-02,55.8448,120841,Kotak Bluechip
2018-05-02,56.3622,120841,Kotak Bluechip
2018-02-02,56.6489,120841,Kotak Bluechip
2018-01-02,57.9965,120841,Kotak Bluechip
2018-12-01,58.7709,120841,Kotak Bluechip
2018-11-01,58.7766,120841,Kotak Bluechip
2018-10-01,58.5513,120841,Kotak Bluechip
2018-09-01,58.7338,120841,Kotak Bluechip
2018-08-01,58.681,120841,Kotak Bluechip
2018-05-01,58.2755,120841,Kotak Bluechip
2018-04-01,57.94,120841,Kotak Bluechip
2018-03-01,57.6914,120841,Kotak Bluechip
2018-02-01,57.4445,120841,Kotak Bluechip
2018-01-01,57.7566,120841,Kotak Bluechip
2017-12-12,55.9491,120841,Kotak Bluechip
2017-11-12,56.4358,120841,Kotak Bluechip
2017-08-12,56.3363,120841,Kotak Bluechip
2017-07-12,55.7391,120841,Kotak Bluechip
2017-06-12,55.3205,120841,Kotak Bluechip
2017-05-12,55.7219,120841,Kotak Bluechip
2017-04-12,55.7399,120841,Kotak Bluechip
2017-01-12,55.5939,120841,Kotak Bluechip
2017-10-11,55.296,120841,Kotak Bluechip
2017-09-11,55.5355,120841,Kotak Bluechip
2017-08-11,55.3957,120841,Kotak Bluechip
2017-07-11,55.8834,120841,Kotak Bluechip
2017-06-11,56.4759,120841,Kotak Bluechip
2017-03-11,56.0156,120841,Kotak Bluechip
2017-02-11,55.6619,120841,Kotak Bluechip
2017-01-11,55.5844,120841,Kotak Bluechip
2017-12-10,53.6773,120841,Kotak Bluechip
2017-11-10,53.4235,120841,Kotak Bluechip
2017-10-10,53.808,120841,Kotak Bluechip
2017-09-10,53.7749,120841,Kotak Bluechip
2017-06-10,53.6176,120841,Kotak Bluechip
2017-05-10,53.1179,120841,Kotak Bluechip
2017-04-10,52.9694,120841,Kotak Bluechip
2017-03-10,52.7802,120841,Kotak Bluechip
2017-12-09,53.64,120841,Kotak Bluechip
2017-11-09,53.2675,120841,Kotak Bluechip
2017-08-09,53.1353,120841,Kotak Bluechip
2017-07-09,52.8514,120841,Kotak Bluechip
2017-06-09,52.6738,120841,Kotak Bluechip
2017-05-09,52.7452,120841,Kotak Bluechip
2017-04-09,52.3124,120841,Kotak Bluechip
2017-01-09,52.3986,120841,Kotak Bluechip
2017-11-08,50.7161,120841,Kotak Bluechip
2017-10-08,50.8384,120841,Kotak Bluechip
2017-09-08,51.5566,120841,Kotak Bluechip
2017-08-08,51.8675,120841,Kotak Bluechip
2017-07-08,51.999,120841,Kotak Bluechip
2017-04-08,51.8016,120841,Kotak Bluechip
2017-03-08,51.5464,120841,Kotak Bluechip
2017-02-08,51.6228,120841,Kotak Bluechip
2017-01-08,51.5924,120841,Kotak Bluechip
2017-12-07,51.7894,120841,Kotak Bluechip
2017-11-07,51.6444,120841,Kotak Bluechip
2017-10-07,51.7595,120841,Kotak Bluechip
2017-07-07,51.6244,120841,Kotak Bluechip
2017-06-07,51.78,120841,Kotak Bluechip
2017-05-07,51.6977,120841,Kotak Bluechip
2017-04-07,51.4155,120841,Kotak Bluechip
2017-03-07,51.4957,120841,Kotak Bluechip
2017-12-06,50.8526,120841,Kotak Bluechip
2017-09-06,50.9633,120841,Kotak Bluechip
2017-08-06,50.9098,120841,Kotak Bluechip
2017-07-06,50.9278,120841,Kotak Bluechip
2017-06-06,50.9186,120841,Kotak Bluechip
2017-05-06,51.1389,120841,Kotak Bluechip
2017-02-06,50.8137,120841,Kotak Bluechip
2017-01-06,50.5691,120841,Kotak Bluechip
2017-12-05,50.2195,120841,Kotak Bluechip
2017-11-05,50.3709,120841,Kotak Bluechip
2017-10-05,50.3488,120841,Kotak Bluechip
2017-09-05,50.185,120841,Kotak Bluechip
2017-08-05,49.9032,120841,Kotak Bluechip
2017-05-05,49.5022,120841,Kotak Bluechip
2017-04-05,49.5693,120841,Kotak Bluechip
2017-03-05,49.208,120841,Kotak Bluechip
2017-02-05,49.2748,120841,Kotak Bluechip
2017-12-04,48.8076,120841,Kotak Bluechip
2017-11-04,48.9793,120841,Kotak Bluechip
2017-10-04,48.7858,120841,Kotak Bluechip
2017-07-04,48.6746,120841,Kotak Bluechip
2017-06-04,48.8463,120841,Kotak Bluechip
2017-05-04,48.8466,120841,Kotak Bluechip
2017-03-04,48.6439,120841,Kotak Bluechip
2017-10-03,47.2595,120841,Kotak Bluechip
2017-09-03,47.3759,120841,Kotak Bluechip
2017-08-03,47.4553,120841,Kotak Bluechip
2017-07-03,47.5058,120841,Kotak Bluechip
2017-06-03,47.3499,120841,Kotak Bluechip
2017-03-03,47.2031,120841,Kotak Bluechip
2017-02-03,46.725,120841,Kotak Bluechip
2017-01-03,47.0151,120841,Kotak Bluechip
2017-10-02,46.1021,120841,Kotak Bluechip
2017-09-02,46.1113,120841,Kotak Bluechip
2017-08-02,46.1045,120841,Kotak Bluechip
2017-07-02,46.1615,120841,Kotak Bluechip
2017-06-02,46.4307,120841,Kotak Bluechip
2017-03-02,46.0294,120841,Kotak Bluechip
2017-02-02,46.135,120841,Kotak Bluechip
2017-01-02,45.6344,120841,Kotak Bluechip
2017-12-01,44.7539,120841,Kotak Bluechip
2017-11-01,44.7656,120841,Kotak Bluechip
2017-10-01,44.604,120841,Kotak Bluechip
2017-09-01,44.6436,120841,Kotak Bluechip
2017-06-01,44.6518,120841,Kotak Bluechip
2017-05-01,44.893,120841,Kotak Bluechip
2017-04-01,44.5042,120841,Kotak Bluechip
2017-03-01,44.4973,120841,Kotak Bluechip
2017-02-01,44.2947,120841,Kotak Bluechip
2016-12-12,44.7589,120841,Kotak Bluechip
2016-09-12,44.9309,120841,Kotak Bluechip
2016-08-12,44.7777,120841,Kotak Bluechip
2016-07-12,44.2018,120841,Kotak Bluechip
2016-06-12,44.4492,120841,Kotak Bluechip
2016-05-12,44.4293,120841,Kotak Bluechip
2016-02-12,44.3674,120841,Kotak Bluechip
2016-01-12,44.6774,120841,Kotak Bluechip
2016-11-11,45.2801,120841,Kotak Bluechip
2016-10-11,45.8432,120841,Kotak Bluechip
2016-09-11,45.4669,120841,Kotak Bluechip
2016-08-11,45.8786,120841,Kotak Bluechip
2016-07-11,45.9982,120841,Kotak Bluechip
2016-04-11,45.583,120841,Kotak Bluechip
2016-03-11,46.1553,120841,Kotak Bluechip
2016-02-11,46.4307,120841,Kotak Bluechip
2016-01-11,46.714,120841,Kotak Bluechip
2016-10-10,46.6929,120841,Kotak Bluechip
2016-07-10,46.4383,120841,Kotak Bluechip
2016-06-10,46.4291,120841,Kotak Bluechip
2016-05-10,46.5896,120841,Kotak Bluechip
2016-04-10,46.5193,120841,Kotak Bluechip
2016-03-10,46.5561,120841,Kotak Bluechip
2016-12-09,46.183,120841,Kotak Bluechip
2016-09-09,46.7809,120841,Kotak Bluechip
2016-08-09,46.9793,120841,Kotak Bluechip
2016-07-09,46.8986,120841,Kotak Bluechip
2016-06-09,46.8287,120841,Kotak Bluechip
2016-02-09,46.6252,120841,Kotak Bluechip
2016-01-09,46.4749,120841,Kotak Bluechip
2016-12-08,46.2355,120841,Kotak Bluechip
2016-11-08,46.2581,120841,Kotak Bluechip
2016-10-08,46.2506,120841,Kotak Bluechip
2016-09-08,46.7295,120841,Kotak Bluechip
2016-08-08,47.0299,120841,Kotak Bluechip
2016-05-08,46.6448,120841,Kotak Bluechip
2016-04-08,45.6577,120841,Kotak Bluechip
2016-03-08,45.6467,120841,Kotak Bluechip
2016-02-08,45.8112,120841,Kotak Bluechip
2016-01-08,46.1563,120841,Kotak Bluechip
2016-12-07,46.7207,120841,Kotak Bluechip
2016-11-07,47.0822,120841,Kotak Bluechip
2016-08-07,46.8158,120841,Kotak Bluechip
2016-07-07,46.8895,120841,Kotak Bluechip
2016-05-07,46.8559,120841,Kotak Bluechip
2016-04-07,46.68,120841,Kotak Bluechip
2016-01-07,46.6441,120841,Kotak Bluechip
2016-10-06,46.0846,120841,Kotak Bluechip
2016-09-06,46.1665,120841,Kotak Bluechip
2016-08-06,46.1363,120841,Kotak Bluechip
2016-07-06,45.9444,120841,Kotak Bluechip
2016-06-06,45.9507,120841,Kotak Bluechip
2016-03-06,46.0204,120841,Kotak Bluechip
2016-02-06,45.8856,120841,Kotak Bluechip
2016-01-06,45.9132,120841,Kotak Bluechip
2016-12-05,46.361,120841,Kotak Bluechip
2016-11-05,46.103,120841,Kotak Bluechip
2016-10-05,45.8958,120841,Kotak Bluechip
2016-09-05,45.8245,120841,Kotak Bluechip
2016-06-05,45.2183,120841,Kotak Bluechip
2016-05-05,44.7328,120841,Kotak Bluechip
2016-04-05,45.0089,120841,Kotak Bluechip
2016-03-05,45.2541,120841,Kotak Bluechip
2016-02-05,45.4856,120841,Kotak Bluechip
2016-12-04,44.8656,120841,Kotak Bluechip
2016-11-04,44.7769,120841,Kotak Bluechip
2016-08-04,44.622,120841,Kotak Bluechip
2016-07-04,44.5633,120841,Kotak Bluechip
2016-06-04,44.7046,120841,Kotak Bluechip
2016-05-04,44.5675,120841,Kotak Bluechip
2016-04-04,44.8367,120841,Kotak Bluechip
2016-01-04,44.909,120841,Kotak Bluechip
2016-11-03,44.2162,120841,Kotak Bluechip
2016-10-03,44.3317,120841,Kotak Bluechip
2016-09-03,44.4453,120841,Kotak Bluechip
2016-08-03,44.3815,120841,Kotak Bluechip
2016-04-03,44.3695,120841,Kotak Bluechip
2016-03-03,44.222,120841,Kotak Bluechip
2016-02-03,43.6878,120841,Kotak Bluechip
2016-01-03,43.3789,120841,Kotak Bluechip
2016-12-02,42.8915,120841,Kotak Bluechip
2016-11-02,42.9294,120841,Kotak Bluechip
2016-10-02,43.773,120841,Kotak Bluechip
2016-09-02,43.8215,120841,Kotak Bluechip
2016-08-02,44.0482,120841,Kotak Bluechip
2016-05-02,44.0239,120841,Kotak Bluechip
2016-04-02,43.5567,120841,Kotak Bluechip
2016-03-02,43.6238,120841,Kotak Bluechip
2016-02-02,44.0882,120841,Kotak Bluechip
2016-01-02,44.4463,120841,Kotak Bluechip
2016-12-01,45.0379,120841,Kotak Bluechip
2016-11-01,45.4949,120841,Kotak Bluechip
2016-08-01,45.9423,120841,Kotak Bluechip
2016-07-01,45.6282,120841,Kotak Bluechip
2016-06-01,45.5699,120841,Kotak Bluechip
2016-05-01,45.5268,120841,Kotak Bluechip
2016-04-01,45.2516,120841,Kotak Bluechip
2016-01-01,45.5737,120841,Kotak Bluechip
2015-11-12,44.0887,120841,Kotak Bluechip
2015-10-12,44.3488,120841,Kotak Bluechip
2015-09-12,43.9016,120841,Kotak Bluechip
2015-08-12,44.6029,120841,Kotak Bluechip
2015-07-12,44.875,120841,Kotak Bluechip
2015-04-12,44.8993,120841,Kotak Bluechip
2015-03-12,44.8663,120841,Kotak Bluechip
2015-02-12,44.8814,120841,Kotak Bluechip
2015-01-12,44.8963,120841,Kotak Bluechip
2015-10-11,44.2844,120841,Kotak Bluechip
2015-09-11,44.5404,120841,Kotak Bluechip
2015-06-11,44.5155,120841,Kotak Bluechip
2015-05-11,44.4522,120841,Kotak Bluechip
2015-04-11,44.4368,120841,Kotak Bluechip
2015-03-11,44.4502,120841,Kotak Bluechip
2015-02-11,44.3965,120841,Kotak Bluechip
2015-12-10,44.825,120841,Kotak Bluechip
2015-09-10,44.9104,120841,Kotak Bluechip
2015-08-10,44.8145,120841,Kotak Bluechip
2015-07-10,44.9819,120841,Kotak Bluechip
2015-06-10,45.1132,120841,Kotak Bluechip
2015-05-10,45.0293,120841,Kotak Bluechip
2015-01-10,44.6241,120841,Kotak Bluechip
2015-11-09,44.2894,120841,Kotak Bluechip
2015-10-09,44.1792,120841,Kotak Bluechip
2015-09-09,44.2422,120841,Kotak Bluechip
2015-08-09,43.8319,120841,Kotak Bluechip
2015-07-09,43.5462,120841,Kotak Bluechip
2015-04-09,44.2901,120841,Kotak Bluechip
2015-03-09,44.8316,120841,Kotak Bluechip
2015-02-09,44.6353,120841,Kotak Bluechip
2015-01-09,44.8299,120841,Kotak Bluechip
2015-12-08,46.8326,120841,Kotak Bluechip
2015-11-08,47.1728,120841,Kotak Bluechip
2015-10-08,47.2341,120841,Kotak Bluechip
2015-07-08,47.2899,120841,Kotak Bluechip
2015-06-08,47.273,120841,Kotak Bluechip
2015-05-08,47.4126,120841,Kotak Bluechip
2015-04-08,47.4579,120841,Kotak Bluechip
2015-03-08,47.2923,120841,Kotak Bluechip
2015-10-07,46.7161,120841,Kotak Bluechip
2015-09-07,46.5648,120841,Kotak Bluechip
2015-08-07,46.5091,120841,Kotak Bluechip
2015-07-07,47.0003,120841,Kotak Bluechip
2015-06-07,46.9771,120841,Kotak Bluechip
2015-03-07,46.9281,120841,Kotak Bluechip
2015-02-07,46.75,120841,Kotak Bluechip
2015-01-07,46.7598,120841,Kotak Bluechip
2015-12-06,46.042,120841,Kotak Bluechip
2015-11-06,45.8397,120841,Kotak Bluechip
2015-10-06,46.4116,120841,Kotak Bluechip
2015-09-06,45.844,120841,Kotak Bluechip
2015-08-06,46.2913,120841,Kotak Bluechip
2015-05-06,46.5337,120841,Kotak Bluechip
2015-04-06,46.4376,120841,Kotak Bluechip
2015-03-06,46.306,120841,Kotak Bluechip
2015-02-06,46.7161,120841,Kotak Bluechip
2015-01-06,47.2125,120841,Kotak Bluechip
2015-12-05,45.8605,120841,Kotak Bluechip
2015-11-05,46.2114,120841,Kotak Bluechip
2015-08-05,45.7721,120841,Kotak Bluechip
2015-07-05,45.5237,120841,Kotak Bluechip
2015-06-05,45.8819,120841,Kotak Bluechip
2015-05-05,46.5402,120841,Kotak Bluechip
2015-04-05,46.3984,120841,Kotak Bluechip
2015-10-04,46.7435,120841,Kotak Bluechip
2015-09-04,46.6422,120841,Kotak Bluechip
2015-08-04,46.5189,120841,Kotak Bluechip
2015-07-04,46.6399,120841,Kotak Bluechip
2015-06-04,46.6118,120841,Kotak Bluechip
2015-12-03,45.1561,120841,Kotak Bluechip
2015-11-03,44.9324,120841,Kotak Bluechip
2015-10-03,44.8872,120841,Kotak Bluechip
2015-09-03,44.8287,120841,Kotak Bluechip
2015-05-03,44.9791,120841,Kotak Bluechip
2015-04-03,44.7062,120841,Kotak Bluechip
2015-03-03,44.835,120841,Kotak Bluechip
2015-02-03,44.8413,120841,Kotak Bluechip
2015-12-02,43.3558,120841,Kotak Bluechip
2015-11-02,43.0751,120841,Kotak Bluechip
2015-10-02,42.7744,120841,Kotak Bluechip
2015-09-02,42.6551,120841,Kotak Bluechip
2015-06-02,42.9024,120841,Kotak Bluechip
2015-05-02,43.1618,120841,Kotak Bluechip
2015-04-02,43.3804,120841,Kotak Bluechip
2015-03-02,43.6408,120841,Kotak Bluechip
2015-02-02,43.8334,120841,Kotak Bluechip
2015-12-01,42.7468,120841,Kotak Bluechip
2015-09-01,42.3017,120841,Kotak Bluechip
2015-08-01,42.1954,120841,Kotak Bluechip
2015-07-01,41.8746,120841,Kotak Bluechip
2015-06-01,41.9532,120841,Kotak Bluechip
2015-05-01,42.5467,120841,Kotak Bluechip
2015-02-01,42.5325,120841,Kotak Bluechip
2015-01-01,42.4985,120841,Kotak Bluechip
2014-12-12,42.3191,120841,Kotak Bluechip
2014-11-12,42.5564,120841,Kotak Bluechip
2014-10-12,42.7592,120841,Kotak Bluechip
2014-09-12,42.8366,120841,Kotak Bluechip
2014-08-12,43.158,120841,Kotak Bluechip
2014-05-12,43.1095,120841,Kotak Bluechip
2014-04-12,42.8363,120841,Kotak Bluechip
2014-03-12,42.1938,120841,Kotak Bluechip
2014-02-12,42.0164,120841,Kotak Bluechip
2014-01-12,41.6301,120841,Kotak Bluechip
2014-12-11,41.5689,120841,Kotak Bluechip
2014-11-11,41.2873,120841,Kotak Bluechip
2014-10-11,41.189,120841,Kotak Bluechip
2014-07-11,41.2118,120841,Kotak Bluechip
2014-05-11,41.1598,120841,Kotak Bluechip
2014-03-11,40.8047,120841,Kotak Bluechip
2014-10-10,39.8034,120841,Kotak Bluechip
2014-09-10,40.0505,120841,Kotak Bluechip
2014-08-10,39.8984,120841,Kotak Bluechip
2014-07-10,39.993,120841,Kotak Bluechip
2014-01-10,40.0008,120841,Kotak Bluechip
2014-12-09,39.9154,120841,Kotak Bluechip
2014-11-09,40.0504,120841,Kotak Bluechip
2014-10-09,40.079,120841,Kotak Bluechip
2014-09-09,39.9404,120841,Kotak Bluechip
2014-08-09,39.8876,120841,Kotak Bluechip
2014-05-09,39.4447,120841,Kotak Bluechip
2014-04-09,39.3929,120841,Kotak Bluechip
2014-03-09,39.1931,120841,Kotak Bluechip
2014-02-09,38.8758,120841,Kotak Bluechip
2014-01-09,38.822,120841,Kotak Bluechip
2014-12-08,37.3673,120841,Kotak Bluechip
2014-11-08,37.2669,120841,Kotak Bluechip
2014-08-08,37.2728,120841,Kotak Bluechip
2014-07-08,37.3269,120841,Kotak Bluechip
2014-06-08,37.3793,120841,Kotak Bluechip
2014-05-08,37.4906,120841,Kotak Bluechip
2014-04-08,37.4721,120841,Kotak Bluechip
2014-01-08,37.3011,120841,Kotak Bluechip
2014-11-07,36.7241,120841,Kotak Bluechip
2014-10-07,37.0771,120841,Kotak Bluechip
2014-09-07,36.9564,120841,Kotak Bluechip
2014-08-07,37.1313,120841,Kotak Bluechip
2014-07-07,37.5056,120841,Kotak Bluechip
2014-04-07,37.496,120841,Kotak Bluechip
2014-03-07,37.3962,120841,Kotak Bluechip
2014-02-07,37.4514,120841,Kotak Bluechip
2014-01-07,36.9762,120841,Kotak Bluechip
2014-12-06,36.7601,120841,Kotak Bluechip
2014-11-06,36.8234,120841,Kotak Bluechip
2014-10-06,36.9468,120841,Kotak Bluechip
2014-09-06,36.8518,120841,Kotak Bluechip
2014-06-06,36.5904,120841,Kotak Bluechip
2014-05-06,36.399,120841,Kotak Bluechip
2014-04-06,36.2579,120841,Kotak Bluechip
2014-03-06,36.1302,120841,Kotak Bluechip
2014-02-06,36.0403,120841,Kotak Bluechip
2014-12-05,35.0663,120841,Kotak Bluechip
2014-09-05,35.1143,120841,Kotak Bluechip
2014-08-05,34.9568,120841,Kotak Bluechip
2014-07-05,34.9808,120841,Kotak Bluechip
2014-06-05,35.0292,120841,Kotak Bluechip
2014-05-05,35.0838,120841,Kotak Bluechip
2014-02-05,35.0865,120841,Kotak Bluechip
2014-11-04,34.8263,120841,Kotak Bluechip
2014-10-04,34.6955,120841,Kotak Bluechip
2014-09-04,34.6294,120841,Kotak Bluechip
2014-07-04,34.5081,120841,Kotak Bluechip
2014-04-04,34.5208,120841,Kotak Bluechip
2014-03-04,34.4587,120841,Kotak Bluechip
2014-02-04,34.4663,120841,Kotak Bluechip
2014-01-04,34.4386,120841,Kotak Bluechip
2014-12-03,33.918,120841,Kotak Bluechip
2014-11-03,33.9443,120841,Kotak Bluechip
2014-10-03,33.8479,120841,Kotak Bluechip
2014-07-03,33.8733,120841,Kotak Bluechip
2014-06-03,33.822,120841,Kotak Bluechip
2014-05-03,33.72,120841,Kotak Bluechip
2014-04-03,33.6518,120841,Kotak Bluechip
2014-03-03,33.4822,120841,Kotak Bluechip
2014-12-02,33.0892,120841,Kotak Bluechip
2014-11-02,33.0822,120841,Kotak Bluechip
2014-10-02,33.1096,120841,Kotak Bluechip
2014-07-02,33.0979,120841,Kotak Bluechip
2014-06-02,33.0351,120841,Kotak Bluechip
2014-05-02,33.0271,120841,Kotak Bluechip
2014-04-02,32.9965,120841,Kotak Bluechip
2014-03-02,33.0118,120841,Kotak Bluechip
2014-10-01,33.1133,120841,Kotak Bluechip
2014-09-01,33.1135,120841,Kotak Bluechip
2014-08-01,33.1048,120841,Kotak Bluechip
2014-07-01,33.1179,120841,Kotak Bluechip
2014-06-01,33.1183,120841,Kotak Bluechip
2014-03-01,33.2596,120841,Kotak Bluechip
2014-02-01,33.2215,120841,Kotak Bluechip
2014-01-01,33.2578,120841,Kotak Bluechip
2013-12-12,32.8431,120841,Kotak Bluechip
2013-11-12,32.8339,120841,Kotak Bluechip
2013-10-12,32.8561,120841,Kotak Bluechip
2013-09-12,32.8598,120841,Kotak Bluechip
2013-06-12,32.8026,120841,Kotak Bluechip
2013-05-12,32.8103,120841,Kotak Bluechip
2013-04-12,32.7606,120841,Kotak Bluechip
2013-03-12,32.7924,120841,Kotak Bluechip
2013-02-12,32.7932,120841,Kotak Bluechip
2013-12-11,32.3947,120841,Kotak Bluechip
2013-11-11,32.4955,120841,Kotak Bluechip
2013-08-11,32.5316,120841,Kotak Bluechip
2013-07-11,32.5983,120841,Kotak Bluechip
2013-06-11,32.6265,120841,Kotak Bluechip
2013-05-11,32.7174,120841,Kotak Bluechip
2013-04-11,32.6618,120841,Kotak Bluechip
2013-01-11,32.6454,120841,Kotak Bluechip
2013-11-10,32.3317,120841,Kotak Bluechip
2013-10-10,32.301,120841,Kotak Bluechip
2013-09-10,32.3213,120841,Kotak Bluechip
2013-08-10,32.2513,120841,Kotak Bluechip
2013-07-10,32.1285,120841,Kotak Bluechip
2013-04-10,32.0989,120841,Kotak Bluechip
2013-03-10,32.0673,120841,Kotak Bluechip
2013-02-10,31.974,120841,Kotak Bluechip
2013-01-10,31.9686,120841,Kotak Bluechip
2013-12-09,31.7783,120841,Kotak Bluechip
2013-11-09,31.7662,120841,Kotak Bluechip
2013-10-09,31.733,120841,Kotak Bluechip
2013-06-09,31.6505,120841,Kotak Bluechip
2013-05-09,31.6593,120841,Kotak Bluechip
2013-04-09,31.5182,120841,Kotak Bluechip
2013-03-09,31.4503,120841,Kotak Bluechip
2013-02-09,31.5122,120841,Kotak Bluechip
2013-12-08,31.6104,120841,Kotak Bluechip
2013-08-08,31.6269,120841,Kotak Bluechip
2013-07-08,31.5634,120841,Kotak Bluechip
2013-06-08,31.5344,120841,Kotak Bluechip
2013-05-08,31.5483,120841,Kotak Bluechip
2013-02-08,31.5368,120841,Kotak Bluechip
2013-01-08,31.5515,120841,Kotak Bluechip
2013-12-07,31.8051,120841,Kotak Bluechip
2013-11-07,31.757,120841,Kotak Bluechip
2013-10-07,31.7128,120841,Kotak Bluechip
2013-09-07,31.7138,120841,Kotak Bluechip
2013-08-07,31.6958,120841,Kotak Bluechip
2013-05-07,31.7308,120841,Kotak Bluechip
2013-04-07,31.7005,120841,Kotak Bluechip
2013-03-07,31.6149,120841,Kotak Bluechip
2013-02-07,31.6447,120841,Kotak Bluechip
2013-01-07,31.6354,120841,Kotak Bluechip
2013-12-06,31.5693,120841,Kotak Bluechip
2013-11-06,31.5828,120841,Kotak Bluechip
2013-10-06,31.6326,120841,Kotak Bluechip
2013-07-06,31.6497,120841,Kotak Bluechip
2013-06-06,31.6568,120841,Kotak Bluechip
2013-05-06,31.6295,120841,Kotak Bluechip
2013-04-06,31.6364,120841,Kotak Bluechip
2013-03-06,31.5998,120841,Kotak Bluechip
2013-10-05,31.4982,120841,Kotak Bluechip
2013-09-05,31.4968,120841,Kotak Bluechip
2013-08-05,31.4751,120841,Kotak Bluechip
2013-07-05,31.4319,120841,Kotak Bluechip
2013-06-05,31.3995,120841,Kotak Bluechip
2013-03-05,31.3656,120841,Kotak Bluechip
2013-02-05,31.3834,120841,Kotak Bluechip
2013-12-04,31.1464,120841,Kotak Bluechip
2013-11-04,31.1374,120841,Kotak Bluechip
2013-10-04,31.1225,120841,Kotak Bluechip
2013-09-04,31.1389,120841,Kotak Bluechip
2013-08-04,31.1187,120841,Kotak Bluechip
2013-05-04,31.0949,120841,Kotak Bluechip
2013-04-04,31.0996,120841,Kotak Bluechip
2013-03-04,31.0919,120841,Kotak Bluechip
2013-02-04,31.0775,120841,Kotak Bluechip
2013-01-04,31.055,120841,Kotak Bluechip
2013-12-03,30.9494,120841,Kotak Bluechip
2013-11-03,30.9535,120841,Kotak Bluechip
2013-08-03,30.9455,120841,Kotak Bluechip
2013-07-03,30.9351,120841,Kotak Bluechip
2013-06-03,30.9339,120841,Kotak Bluechip
2013-05-03,30.9255,120841,Kotak Bluechip
2013-04-03,30.9006,120841,Kotak Bluechip
2013-01-03,30.8771,120841,Kotak Bluechip
2013-12-02,30.6846,120841,Kotak Bluechip
2013-11-02,30.5643,120841,Kotak Bluechip
2013-08-02,30.6813,120841,Kotak Bluechip
2013-07-02,30.6882,120841,Kotak Bluechip
2013-06-02,30.7067,120841,Kotak Bluechip
2013-05-02,30.6673,120841,Kotak Bluechip
2013-04-02,30.7231,120841,Kotak Bluechip
2013-01-02,30.7201,120841,Kotak Bluechip
2013-11-01,30.6305,120841,Kotak Bluechip
2013-10-01,30.6784,120841,Kotak Bluechip
2013-09-01,30.6492,120841,Kotak Bluechip
2013-08-01,30.6239,120841,Kotak Bluechip
2013-07-01,30.6076,120841,Kotak Bluechip
